Name,ProductKey,Description,Picture,Product sections,Type,vyzn.catalogue.Density,vyzn.catalogue.ch.KBOB2022.UBPTotal,vyzn.catalogue.ch.KBOB2022.UBPProduction,vyzn.catalogue.ch.KBOB2022.UBPDisposal,vyzn.catalogue.ch.KBOB2022.RenewableEnergyTotal,vyzn.catalogue.ch.KBOB2022.RenewableEnergyProduction,vyzn.catalogue.ch.KBOB2022.RenewableEnergyDisposal,vyzn.catalogue.ch.KBOB2022.GreyEnergyTotal,vyzn.catalogue.ch.KBOB2022.GreyEnergyProduction,vyzn.catalogue.ch.KBOB2022.GreyEnergyDisposal,vyzn.catalogue.ch.KBOB2022.GHGEmissionsTotal,vyzn.catalogue.ch.KBOB2022.GHGEmissionsProduction,vyzn.catalogue.ch.KBOB2022.GHGEmissionsDisposal,vyzn.catalogue.ch.KBOB2022.LCARefUnit,vyzn.catalogue.ch.KBOB2022.BiogenicCarbon,KBOB REF,vyzn.catalogue.SourceENV
"00.001 Baugrubensicherung, Bohrpfahlwand, gespriesst",KBOB2022-00.001,,,,MATERIAL_LIST,,1300000.0,1140000.0,167000.0,129.0,120.0,9.02,2120.0,1870.0,248.0,861.0,801.0,60.5,m2,0,1C0034A0-2E93-4622-AB2F-B6C7BDC0A9A4,KBOB 2022 V4
"00.002 Baugrubensicherung, Bohrpfahlwand, unverankert",KBOB2022-00.002,,,,MATERIAL_LIST,,1230000.0,1070000.0,167000.0,114.0,105.0,9.02,1940.0,1690.0,248.0,821.0,761.0,60.5,m2,0,EE35298F-D4F1-4FBF-8F21-914AC601204F,KBOB 2022 V4
"00.003 Baugrubensicherung, Bohrpfahlwand, verankert",KBOB2022-00.003,,,,MATERIAL_LIST,,846000.0,735000.0,111000.0,103.0,96.9,5.96,1390.0,1230.0,164.0,535.0,495.0,40.0,m2,0,E6266550-4DA7-4AC1-9967-35D378CCA917,KBOB 2022 V4
"00.004 Baugrubensicherung, Nagelwand",KBOB2022-00.004,,,,MATERIAL_LIST,,188000.0,164000.0,24300.0,22.5,21.2,1.31,297.0,261.0,35.9,121.0,112.0,8.78,m2,0,B49F5C35-D26E-4EBD-9736-51937285D583,KBOB 2022 V4
"00.005 Baugrubensicherung, Rühlwand, auskragend",KBOB2022-00.005,,,,MATERIAL_LIST,,436000.0,397000.0,39000.0,107.0,105.0,2.13,874.0,817.0,57.6,270.0,256.0,14.2,m2,0,F0E2CA61-381A-42B0-9331-F3A3B092171A,KBOB 2022 V4
"00.006 Baugrubensicherung, Rühlwand, gespriesst",KBOB2022-00.006,,,,MATERIAL_LIST,,305000.0,282000.0,22800.0,46.6,45.4,1.23,637.0,603.0,33.8,187.0,178.0,8.26,m2,0,FB6C7A79-69B2-4F61-A8D9-FAD72DBB5ACD,KBOB 2022 V4
"00.007 Baugrubensicherung, Rühlwand, verankert",KBOB2022-00.007,,,,MATERIAL_LIST,,319000.0,292000.0,26400.0,45.4,44.0,1.42,641.0,602.0,39.0,197.0,187.0,9.54,m2,0,4E562FDF-A73E-4E7E-8C56-B7B5068A19EC,KBOB 2022 V4
"00.008 Baugrubensicherung, Schlitzwand, 400 mm",KBOB2022-00.008,,,,MATERIAL_LIST,,777000.0,693000.0,84200.0,88.9,84.4,4.54,1160.0,1040.0,124.0,423.0,393.0,30.3,m2,0,F4CB3C0F-DD23-4821-9DAC-7CBFB57B2AD1,KBOB 2022 V4
"00.009 Baugrubensicherung, Schlitzwand, 800 mm",KBOB2022-00.009,,,,MATERIAL_LIST,,1380000.0,1210000.0,166000.0,168.0,159.0,8.94,2080.0,1840.0,245.0,809.0,749.0,59.8,m2,0,8F0DDE0F-57FE-4A5E-9A52-70803B0774C6,KBOB 2022 V4
"00.010 Baugrubensicherung, Spundwand, auskragend",KBOB2022-00.010,,,,MATERIAL_LIST,,287000.0,285000.0,1690.0,44.2,44.1,0.0868,732.0,727.0,4.16,169.0,168.0,1.06,m2,0,650E9E9A-4709-4780-BA84-460617AE70A0,KBOB 2022 V4
"00.011 Baugrubensicherung, Spundwand, gespriesst",KBOB2022-00.011,,,,MATERIAL_LIST,,162000.0,161000.0,926.0,24.3,24.3,0.0475,412.0,410.0,2.28,95.7,95.1,0.58,m2,0,53A125FB-F71E-4A1A-9191-DE111E0DF8C0,KBOB 2022 V4
"00.012 Baugrubensicherung, Spundwand, verankert",KBOB2022-00.012,,,,MATERIAL_LIST,,321000.0,315000.0,5450.0,53.2,53.0,0.289,793.0,783.0,10.0,187.0,185.0,2.49,m2,0,9AA11301-7957-4139-BC09-9F57072238EC,KBOB 2022 V4
"00.013 Tiefgründung, Mikrobohrpfahl",KBOB2022-00.013,,,,MATERIAL_LIST,,52500.0,52500.0,0.0,8.28,8.28,0.0,110.0,110.0,0.0,31.4,31.4,0.0,m,0,B4015EF4-695C-47BF-9CD8-A8AF5CE3C0CB,KBOB 2022 V4
"00.014 Tiefgründung, Ortbetonbohrpfahl, 700 mm",KBOB2022-00.014,,,,MATERIAL_LIST,,258000.0,258000.0,0.0,28.4,28.4,0.0,367.0,367.0,0.0,163.0,163.0,0.0,m,0,D6B4CD48-CFD0-45DD-8F39-F2877B8DE652,KBOB 2022 V4
"00.015 Tiefgründung, Ortbetonbohrpfahl, 900 mm",KBOB2022-00.015,,,,MATERIAL_LIST,,377000.0,377000.0,0.0,43.8,43.8,0.0,505.0,505.0,0.0,244.0,244.0,0.0,m,0,EE463E2C-FAD4-4183-BBDF-A8E1FA456B32,KBOB 2022 V4
"00.016 Tiefgründung, Ortbetonbohrpfahl, 1200 mm",KBOB2022-00.016,,,,MATERIAL_LIST,,579000.0,579000.0,0.0,69.2,69.2,0.0,751.0,751.0,0.0,379.0,379.0,0.0,m,0,DEED59B5-BB81-4104-9BAE-D78266DC439E,KBOB 2022 V4
"00.017 Tiefgründung, Ortbetonverdrängungspfahl 560/480 mm",KBOB2022-00.017,,,,MATERIAL_LIST,,122000.0,122000.0,0.0,13.4,13.4,0.0,215.0,215.0,0.0,76.4,76.4,0.0,m,0,13247483-F3F9-449C-87D0-6B956AB03E50,KBOB 2022 V4
"00.018 Tiefgründung, Ortbetonverdrängungspfahl 660/580 mm",KBOB2022-00.018,,,,MATERIAL_LIST,,153000.0,153000.0,0.0,17.7,17.7,0.0,256.0,256.0,0.0,95.9,95.9,0.0,m,0,26ED1BEC-5B9B-4820-8481-A544231F80EE,KBOB 2022 V4
"00.019 Tiefgründung, Rüttelstopfsäule",KBOB2022-00.019,,,,MATERIAL_LIST,,30800.0,30800.0,0.0,1.52,1.52,0.0,28.8,28.8,0.0,6.74,6.74,0.0,m,0,4EACB020-C81C-482A-8817-F3DE92E1F6D6,KBOB 2022 V4
"00.020 Tiefgründung, Vorgefertigter Betonpfahl",KBOB2022-00.020,,,,MATERIAL_LIST,,44600.0,44600.0,0.0,5.26,5.26,0.0,58.5,58.5,0.0,29.2,29.2,0.0,m,0,4FE800F8-909C-4102-9E3F-525A7AD89DCE,KBOB 2022 V4
"00.021 Wasserhaltung, Pumphöhe 2.5 m",KBOB2022-00.021,,,,MATERIAL_LIST,,21.0,21.0,0.0,0.0223,0.0223,0.0,0.0837,0.0837,0.0,0.00515,0.00515,0.0,m3,0,85D42D88-963C-488B-B94E-C9FD0985CF27,KBOB 2022 V4
"00.022 Wasserhaltung, Pumphöhe 5 m",KBOB2022-00.022,,,,MATERIAL_LIST,,24.6,24.6,0.0,0.0262,0.0262,0.0,0.0981,0.0981,0.0,0.00602,0.00602,0.0,m3,0,3058E4BA-F5B1-42AF-8905-745801085D2B,KBOB 2022 V4
"00.023 Wasserhaltung, Pumphöhe 7.5 m",KBOB2022-00.023,,,,MATERIAL_LIST,,28.5,28.5,0.0,0.0305,0.0305,0.0,0.114,0.114,0.0,0.00699,0.00699,0.0,m3,0,50066F27-9A16-4226-9BD9-6C53C61B330B,KBOB 2022 V4
"00.024 Wasserhaltung, Pumphöhe 10 m",KBOB2022-00.024,,,,MATERIAL_LIST,,32.9,32.9,0.0,0.0351,0.0351,0.0,0.132,0.132,0.0,0.00804,0.00804,0.0,m3,0,AA3FB687-B165-4723-8F83-3389DE7747B7,KBOB 2022 V4
01.001 Magerbeton (ohne Bewehrung),KBOB2022-01.001,,,,MATERIAL_LIST,2150,104.0,68.8,35.4,0.0101,0.00821,0.00188,0.128,0.0767,0.0516,0.0628,0.0502,0.0126,kg,0,A05F4D90-D030-49B6-A08A-BAD5228E3552,KBOB 2022 V4
01.002 Hochbaubeton (ohne Bewehrung),KBOB2022-01.002,,,,MATERIAL_LIST,2300,153.0,118.0,35.2,0.0146,0.0128,0.00187,0.175,0.123,0.0513,0.101,0.0887,0.0126,kg,0,E13EE05E-FD34-4FB5-A178-0FC4164A96F2,KBOB 2022 V4
01.003 Tiefbaubeton (ohne Bewehrung),KBOB2022-01.003,,,,MATERIAL_LIST,2350,163.0,128.0,35.1,0.0157,0.0138,0.00186,0.189,0.138,0.0513,0.109,0.0963,0.0125,kg,0,6704A56E-25F3-4DD0-8890-EC2E2A0D4B9C,KBOB 2022 V4
01.004 Bohrpfahlbeton (ohne Bewehrung),KBOB2022-01.004,,,,MATERIAL_LIST,2325,174.0,139.0,35.1,0.0168,0.0149,0.00186,0.197,0.146,0.0512,0.119,0.106,0.0125,kg,0,4EBAA5FE-7F18-443E-A05A-08185A6165D0,KBOB 2022 V4
"01.041 Betonfertigteil, hochfester Beton, ab Werk",KBOB2022-01.041,,,,MATERIAL_LIST,2770,440.0,409.0,31.0,0.074,0.0723,0.00165,0.697,0.652,0.0453,0.276,0.265,0.0111,kg,0,3A51918F-AB60-4CE7-A771-A10C3266684A,KBOB 2022 V4
"01.042 Betonfertigteil, Normalbeton, ab Werk",KBOB2022-01.042,,,,MATERIAL_LIST,2500,282.0,248.0,33.9,0.0938,0.092,0.0018,0.432,0.383,0.0495,0.177,0.165,0.0121,kg,0,F6DCDEFA-AFE6-44CB-8B68-3527ABFDC011,KBOB 2022 V4
01.043 Hanfbeton,KBOB2022-01.043,,,,MATERIAL_LIST,600,665.0,663.0,1.69,0.899,0.899,0.000016,0.959,0.959,0.000296,0.324,0.324,0.000073,kg,0,DD16B81F-E498-48D6-9754-A1E95558BFFE,KBOB 2022 V4
"01.043.01 Hanfbeton, ARBIO",KBOB2022-01.043.01,,,,MATERIAL_LIST,600,639.0,638.0,1.69,0.865,0.865,0.000016,0.922,0.922,0.000296,0.312,0.312,0.000073,kg,0.06,b05c4b9b-b749-4f50-a92b-98713a494220,KBOB 2022 V4
02.001 Backstein,KBOB2022-02.001,,,,MATERIAL_LIST,900,371.0,328.0,42.5,0.0799,0.0777,0.00216,0.787,0.734,0.0526,0.266,0.254,0.0127,kg,0,958BA083-03C8-4336-BFC5-0DB5B6BC1B43,KBOB 2022 V4
"02.001.01 Backstein, perlitgefüllt, zzwancor",KBOB2022-02.001.01,,,,MATERIAL_LIST,575,420.0,378.0,42.5,0.105,0.103,0.00216,0.914,0.861,0.0526,0.283,0.27,0.0127,kg,0.00,555E9A89-95DF-4C98-BC55-879B4C7E4BFE,KBOB 2022 V4
02.002 Kalksandstein,KBOB2022-02.002,,,,MATERIAL_LIST,1400,258.0,215.0,42.5,0.0386,0.0364,0.00216,0.389,0.337,0.0526,0.162,0.149,0.0127,kg,0,17BF48A3-72AD-4EBB-A2DE-3256129F7031,KBOB 2022 V4
"02.002.01 Kalksandstein, FBB",KBOB2022-02.002.01,,,,MATERIAL_LIST,1600,196.0,153.0,42.5,0.0347,0.0325,0.00216,0.315,0.263,0.0526,0.115,0.102,0.0127,kg,0.00,564C9F25-EE8A-4799-A049-6D26DF586F05,KBOB 2022 V4
"02.002.02 Kalksandstein, Hunziker Kalksandstein AG",KBOB2022-02.002.02,,,,MATERIAL_LIST,1600,190.0,148.0,42.5,0.0166,0.0145,0.00216,0.287,0.235,0.0526,0.106,0.0938,0.0127,kg,0.00,adbada8c-108b-4869-a098-bc2cda5c5929,KBOB 2022 V4
02.003 Leichtlehmstein,KBOB2022-02.003,,,,MATERIAL_LIST,700,353.0,311.0,42.5,0.792,0.79,0.00216,0.764,0.711,0.0526,0.18,0.167,0.0127,kg,0,45766F6B-BC17-4725-B939-23AA76838736,KBOB 2022 V4
"02.004 Leichtzementstein, Blähton",KBOB2022-02.004,,,,MATERIAL_LIST,1200,609.0,566.0,42.5,0.0553,0.0531,0.00216,1.42,1.37,0.0526,0.428,0.415,0.0127,kg,0,2DEEC4B0-D3FE-4124-A08A-0DD398A65220,KBOB 2022 V4
"02.005 Leichtzementstein, Naturbims",KBOB2022-02.005,,,,MATERIAL_LIST,1200,322.0,280.0,42.5,0.036,0.0338,0.00216,0.363,0.31,0.0526,0.212,0.2,0.0127,kg,0,27B5089E-6003-4920-991A-0BCC005B9434,KBOB 2022 V4
02.006 Porenbetonstein,KBOB2022-02.006,,,,MATERIAL_LIST,500,573.0,531.0,42.5,0.0694,0.0673,0.00216,0.859,0.807,0.0526,0.426,0.413,0.0127,kg,0,406B9ED4-C9C0-41E2-B945-7844C7313250,KBOB 2022 V4
02.007 Zementstein,KBOB2022-02.007,,,,MATERIAL_LIST,1700,214.0,172.0,42.5,0.0259,0.0237,0.00216,0.225,0.173,0.0526,0.126,0.114,0.0127,kg,0,69524911-E277-4B29-827D-B8475E4D8C23,KBOB 2022 V4
"02.007.01 Erdstein, aus gepresster Erde, Terrabloc",KBOB2022-02.007.01,,,,MATERIAL_LIST,1850,136.0,84.0,51.6,0.01,0.01,0.0,0.142,0.129,0.013,0.057,0.054,0.003,kg,0.00,288A84C2-129A-431D-B135-7F7A3F9D0CBD,KBOB 2022 V4
"02.007.02 Hanfsteine, Schönthaler AG",KBOB2022-02.007.02,,,,MATERIAL_LIST,300,824.0,751.0,72.1,1.81,1.8,0.00431,1.91,1.77,0.145,0.372,0.338,0.0334,kg,0.15,276ac558-09e7-4a6d-b6d8-5643d08bcf9b,KBOB 2022 V4
03.021 Betongranulat,KBOB2022-03.021,,,,MATERIAL_LIST,2500,43.3,3.16,40.2,0.00366,0.00144,0.00221,0.0616,0.00905,0.0526,0.014,0.00132,0.0126,kg,0,fc996053-6ce2-4be3-a99f-42fb01b5d1ce,KBOB 2022 V4
03.001 Betonziegel,KBOB2022-03.001,,,,MATERIAL_LIST,2300,326.0,284.0,42.5,0.0373,0.0352,0.00216,0.468,0.416,0.0526,0.209,0.196,0.0127,kg,0,D00BA00E-D63B-4109-ADC0-4D9A3367734D,KBOB 2022 V4
03.002 Faserzement-Dachschindel,KBOB2022-03.002,,,,MATERIAL_LIST,1800,1100.0,1030.0,67.8,0.49,0.489,0.00158,2.16,2.11,0.0528,0.699,0.686,0.0132,kg,0,8873B601-8644-4FF4-B2CF-042546B8500D,KBOB 2022 V4
03.003 Faserzementplatte gross,KBOB2022-03.003,,,,MATERIAL_LIST,1800,1510.0,1450.0,67.8,0.614,0.612,0.00158,2.92,2.87,0.0528,1.03,1.02,0.0132,kg,0,EC993875-136D-4857-B06E-BB581EA9DA43,KBOB 2022 V4
03.004 Faserzement-Wellplatte,KBOB2022-03.004,,,,MATERIAL_LIST,1800,1060.0,991.0,67.8,0.552,0.55,0.00158,1.78,1.72,0.0528,0.649,0.636,0.0132,kg,0,08C9C771-82D9-4925-8E06-39A4367A8370,KBOB 2022 V4
03.005 Flachglas beschichtet,KBOB2022-03.005,,,,MATERIAL_LIST,2500,1990.0,1920.0,68.8,0.255,0.243,0.0118,4.64,4.53,0.109,1.2,1.18,0.0191,kg,0,9304338C-8D4A-4EE3-B1A2-43977ADA18A4,KBOB 2022 V4
03.006 Flachglas unbeschichtet,KBOB2022-03.006,,,,MATERIAL_LIST,2500,1790.0,1720.0,68.8,0.138,0.126,0.0118,4.08,3.97,0.109,1.14,1.12,0.0191,kg,0,8A03A7D4-FB51-48D0-BA86-9D13EE70A0D9,KBOB 2022 V4
03.007 Gipsfaserplatte,KBOB2022-03.007,,,,MATERIAL_LIST,1200,873.0,801.0,71.4,0.0978,0.0937,0.0041,2.47,2.39,0.0781,0.552,0.533,0.0186,kg,0,45BEA46B-47E9-425F-926C-AEB31CB4A09D,KBOB 2022 V4
03.008 Gipskartonplatte,KBOB2022-03.008,,,,MATERIAL_LIST,850,523.0,452.0,71.7,0.0888,0.0847,0.00409,1.33,1.25,0.0778,0.301,0.283,0.0187,kg,0,38A83C73-92BD-492B-B435-97332A84863E,KBOB 2022 V4
03.016 Gips-Wandbauplatte / Vollgipsplatte,KBOB2022-03.016,,,,MATERIAL_LIST,1000,531.0,459.0,71.3,0.0322,0.0281,0.00411,1.45,1.37,0.0783,0.317,0.298,0.0185,kg,0,DB2B00A9-DBF6-CA2A-BAC1-9BCCE4E4846A,KBOB 2022 V4
03.023 Glasfaserbeton,KBOB2022-03.023,,,,MATERIAL_LIST,0,,,,,,,,,,,,,,,a3868d35-8eaf-47d0-be53-2f7e988a1cce,KBOB 2022 V4
03.023.01 Glasfaserbeton Ecomur,KBOB2022-03.023.01,,,,MATERIAL_LIST,2240,1335.9,1300.0,35.9,0.51092,0.509,0.00192,2.2022,2.15,0.0522,0.8858,0.873,0.0128,kg,0,3c956888-cdbf-42fa-8759-172ed1f7822d,KBOB 2022 V4
03.009 Hartsandsteinplatte,KBOB2022-03.009,,,,MATERIAL_LIST,2500,112.0,69.2,42.5,0.045,0.0428,0.00216,0.275,0.223,0.0526,0.0406,0.0279,0.0127,kg,0,B787C33A-9D88-414E-84DE-3E087E3639ED,KBOB 2022 V4
03.017 Kalksteinplatte,KBOB2022-03.017,,,,MATERIAL_LIST,2500,141.0,98.3,42.5,0.0261,0.0239,0.00216,0.338,0.286,0.0526,0.0736,0.061,0.0127,kg,0,8FE3FD69-2400-4DC4-933B-E91CDE601165,KBOB 2022 V4
03.010 Keramik-/Steinzeugplatte,KBOB2022-03.010,,,,MATERIAL_LIST,2600,4100.0,4060.0,42.5,0.207,0.205,0.00216,3.72,3.67,0.0526,0.793,0.78,0.0127,kg,0,8B49329A-8573-47FC-8D1A-9F2E4640C4E6,KBOB 2022 V4
03.011 Kies gebrochen,KBOB2022-03.011,,,,MATERIAL_LIST,2000,64.8,24.6,40.2,0.00759,0.00538,0.00221,0.0847,0.0321,0.0526,0.0176,0.005,0.0126,kg,0,1300707C-F4F2-4FDC-AF3B-E31F5840F18E,KBOB 2022 V4
03.022 Mischgranulat,KBOB2022-03.022,,,,MATERIAL_LIST,2400,41.0,0.828,40.2,0.00228,0.000065,0.00221,0.053,0.000456,0.0526,0.0133,0.00071,0.0126,kg,0,805e0a9f-a660-4446-b7df-f9c3b43824c2,KBOB 2022 V4
03.012 Rundkies,KBOB2022-03.012,,,,MATERIAL_LIST,2000,59.4,19.2,40.2,0.00396,0.00175,0.00221,0.0682,0.0156,0.0526,0.0157,0.00305,0.0126,kg,0,1A0D933D-B136-4441-B98F-6E6FFD1DFDD8,KBOB 2022 V4
03.013 Sand,KBOB2022-03.013,,,,MATERIAL_LIST,2000,59.4,19.2,40.2,0.00396,0.00175,0.00221,0.0682,0.0156,0.0526,0.0157,0.00305,0.0126,kg,0,B6F7B71D-25CE-45F6-BA5A-1A786AC69E0B,KBOB 2022 V4
03.014 Sanitärkeramik,KBOB2022-03.014,,,,MATERIAL_LIST,2000,4680.0,4640.0,42.5,0.355,0.352,0.00216,11.1,11.1,0.0526,2.38,2.37,0.0127,kg,0,A5A3BA1D-7F7F-4677-9E1C-3545B9DF79BA,KBOB 2022 V4
03.020 Stampflehm,KBOB2022-03.020,,,,MATERIAL_LIST,2000,80.1,32.0,48.2,0.00514,0.00487,0.00027,0.0795,0.0745,0.00496,0.0194,0.0183,0.00115,kg,0,D3586070-8058-4A67-BC89-68508822DA21,KBOB 2022 V4
03.015 Tonziegel,KBOB2022-03.015,,,,MATERIAL_LIST,1700,514.0,479.0,35.6,0.0345,0.0327,0.00189,1.11,1.06,0.052,0.385,0.373,0.0127,kg,0,84E2D4F6-D61F-4EDF-9D13-7DA1543A7887,KBOB 2022 V4
04.008 Baukleber/Einbettmörtel mineralisch,KBOB2022-04.008,,,,MATERIAL_LIST,1400,632.0,590.0,42.5,0.173,0.171,0.00204,1.53,1.47,0.0524,0.406,0.393,0.0127,kg,0,FA96A840-32DF-4C9A-935F-19037F653A62,KBOB 2022 V4
04.010 Baukleber/Einbettmörtel mineralisch Leichtzuschlag,KBOB2022-04.010,,,,MATERIAL_LIST,1100,637.0,595.0,42.5,0.152,0.15,0.00204,1.61,1.56,0.0524,0.426,0.414,0.0127,kg,0,985B3DC3-846D-49CE-9067-8F50B4FE70D7,KBOB 2022 V4
04.002 Baukleber/Einbettmörtel organisch,KBOB2022-04.002,,,,MATERIAL_LIST,1670,1390.0,1350.0,42.5,0.16,0.158,0.00204,4.15,4.09,0.0524,0.777,0.764,0.0127,kg,0,3A9DAB99-F63E-4DC7-9D95-2789F2A46143,KBOB 2022 V4
04.017 Gips-Kalk-Putz,KBOB2022-04.017,,,,MATERIAL_LIST,925,251.0,209.0,42.5,0.0649,0.0629,0.00204,0.674,0.622,0.0524,0.158,0.145,0.0127,kg,0,BE39AA2B-67C3-4306-AD5D-5261E43D632D,KBOB 2022 V4
04.001 Gips-/Weissputz,KBOB2022-04.001,,,,MATERIAL_LIST,1100,241.0,199.0,42.5,0.0633,0.0612,0.00204,0.68,0.628,0.0524,0.151,0.138,0.0127,kg,0,76D9CFC6-6174-4644-829E-1020C95D5322,KBOB 2022 V4
04.003 Kunststoffputz (Dispersionsputz),KBOB2022-04.003,,,,MATERIAL_LIST,1540,1740.0,1700.0,42.5,0.235,0.233,0.00204,5.2,5.15,0.0524,0.97,0.957,0.0127,kg,0,D4AB5F70-61BE-4668-8A2C-FF1C755A1728,KBOB 2022 V4
04.013 Kalk-Zement/Zement-Kalk-Putz,KBOB2022-04.013,,,,MATERIAL_LIST,1550,395.0,353.0,42.5,0.135,0.133,0.00204,0.715,0.662,0.0524,0.263,0.251,0.0127,kg,0,9BD4C9E4-4499-4215-9215-2EF12370ACE6,KBOB 2022 V4
04.004 Lehmputz,KBOB2022-04.004,,,,MATERIAL_LIST,1800,96.1,53.7,42.5,0.0186,0.0165,0.00204,0.172,0.12,0.0524,0.0322,0.0195,0.0127,kg,0,412F0DEF-2F16-4D81-95CF-2A7394086B28,KBOB 2022 V4
04.015 Leichtputz mineralisch,KBOB2022-04.015,,,,MATERIAL_LIST,1000,574.0,531.0,42.5,0.163,0.161,0.00204,1.23,1.18,0.0524,0.372,0.36,0.0127,kg,0,A8D1862B-6EEC-48B6-83BC-8EFACE342122,KBOB 2022 V4
04.011 Silikatputz (Dispersionssilikatputz),KBOB2022-04.011,,,,MATERIAL_LIST,1880,1880.0,1840.0,42.5,0.275,0.273,0.00204,5.49,5.43,0.0524,1.08,1.07,0.0127,kg,0,868CB13D-7EF0-454B-B4FD-AE2B04538206,KBOB 2022 V4
04.012 Silikonharzputz,KBOB2022-04.012,,,,MATERIAL_LIST,1670,2010.0,1970.0,42.5,0.357,0.355,0.00204,6.09,6.04,0.0524,1.14,1.13,0.0127,kg,0,324E5DE0-FEB1-49C3-9188-F1AA0E119514,KBOB 2022 V4
04.016 Sumpfkalkputz,KBOB2022-04.016,,,,MATERIAL_LIST,1350,745.0,702.0,42.5,0.128,0.126,0.00204,1.77,1.72,0.0524,0.51,0.497,0.0127,kg,0,333331BA-98CA-49BD-887A-D65AA4D5B2C4,KBOB 2022 V4
"04.005 Unterlagsboden Anhydrit, 60 mm",KBOB2022-04.005,,,,MATERIAL_LIST,2000,215.0,172.0,42.5,0.0316,0.0295,0.00216,0.429,0.376,0.0526,0.0911,0.0784,0.0127,kg,0,3B956811-9D40-452C-BAC2-FBA122630C43,KBOB 2022 V4
"04.006 Unterlagsboden Zement, 85 mm",KBOB2022-04.006,,,,MATERIAL_LIST,1850,206.0,163.0,42.5,0.0361,0.034,0.00216,0.231,0.179,0.0526,0.12,0.107,0.0127,kg,0,B0F22D3F-709D-408F-9ACA-1533FA4C7F45,KBOB 2022 V4
04.007 Wärmedämmputz EPS,KBOB2022-04.007,,,,MATERIAL_LIST,250,964.0,921.0,42.5,0.149,0.146,0.00204,1.79,1.74,0.0524,0.727,0.714,0.0127,kg,0,E68F96C7-984A-47B5-B17C-B2806BD1CF1C,KBOB 2022 V4
04.014 Weisszementputz,KBOB2022-04.014,,,,MATERIAL_LIST,1550,507.0,464.0,42.5,0.139,0.137,0.00204,0.901,0.848,0.0524,0.353,0.341,0.0127,kg,0,223F00DA-C2D9-4971-879F-F391648A0155,KBOB 2022 V4
04.009 Zementputz,KBOB2022-04.009,,,,MATERIAL_LIST,1550,391.0,348.0,42.5,0.127,0.125,0.00204,0.654,0.601,0.0524,0.261,0.248,0.0127,kg,0,382D5231-E4CF-42D6-B935-D41BA653E3EE,KBOB 2022 V4
"05.008 Fassade, Pfosten-Riegel, Alu/Glas 1",KBOB2022-05.008,,,,MATERIAL_LIST,,328000.0,313000.0,15500.0,72.1,71.6,0.479,703.0,698.0,5.22,182.0,169.0,13.1,m2,0,297C8AF9-6B6F-47A2-9F51-A0D37EFCB892,KBOB 2022 V4
"05.022 Fassadenplatte, Aluverbund, 4 mm",KBOB2022-05.022,,,,MATERIAL_LIST,7.1,74800.0,66600.0,8270.0,23.9,23.8,0.05,192.0,191.0,0.87,43.3,35.7,7.65,m2,0,5905B6AD-722F-40CB-9877-57D366B4ABF4,KBOB 2022 V4
"05.028 Fassadenplatte, Glasfaserbeton",KBOB2022-05.028,,,,MATERIAL_LIST,0,,,,,,,,,,,,,,,d3cdab2e-988a-4dcf-a9a9-00bda1cfe0ee,KBOB 2022 V4
"05.028.01 Fassadenplatte, Glasfaserbeton Ecomur, 15mm",KBOB2022-05.028.01,,,,MATERIAL_LIST,33.6,44886.0,43680.0,1206.0,17.166912,17.1024,0.064512,73.99392,72.24,1.75392,29.76288,29.3328,0.43008,m2,0,33d095f4-9d1b-4bbb-bd49-2bc99388facd,KBOB 2022 V4
"05.028.02 Fassadenplatte, Glasfaserbeton Ecomur, 18mm",KBOB2022-05.028.02,,,,MATERIAL_LIST,40.3,53837.0,52390.0,1447.0,20.590076,20.5127,0.077376,88.74866,86.645,2.10366,35.69774,35.1819,0.51584,m2,0,e87386b1-baac-4021-8cdb-e9588c9cfeaa,KBOB 2022 V4
"05.023 Fassadenplatte, Hochdrucklaminatplatte (HPL), 8.1 mm",KBOB2022-05.023,,,,MATERIAL_LIST,11.6,73300.0,58300.0,15000.0,83.7,83.5,0.2,198.0,195.0,3.05,45.9,33.3,12.6,m2,3,4722E1EF-E1A5-470C-8310-F4DC0300F7F3,KBOB 2022 V4
"05.025 Fassadenplatte, Kalkstein, 30 mm",KBOB2022-05.025,,,,MATERIAL_LIST,78,11000.0,7670.0,3310.0,2.03,1.87,0.169,26.4,22.3,4.1,5.74,4.75,0.989,m2,0,D4B0ECEB-1E00-4A60-A09E-D631A07E2EE3,KBOB 2022 V4
"05.024 Fassadenplatte, Kunststoff glasfaserverstärkt (GFK), 1.6 mm",KBOB2022-05.024,,,,MATERIAL_LIST,2.4,31700.0,25700.0,6000.0,3.54,3.51,0.0285,75.4,74.7,0.654,22.1,16.6,5.51,m2,0,4BA8E23B-3562-494B-87B2-9D891B313B9B,KBOB 2022 V4
"05.004 Fensterrahmen Aluminium 2,5",KBOB2022-05.004,,,,MATERIAL_LIST,,246000.0,230000.0,16200.0,77.0,76.9,0.104,553.0,551.0,1.98,132.0,117.0,14.9,m2,0,9F6858EE-648D-43AA-A72E-46D8A0B25E11,KBOB 2022 V4
"05.004.01 Fensterrahmen Aluminium, WICLINE 75evo, hergestellt mit Hydro CIRCAL 75R 2,5",KBOB2022-05.004.01,,,,MATERIAL_LIST,,177000.0,171000.0,6240.0,53.9,53.9,0.0156,193.0,193.0,0.48,55.6,49.6,5.98,m2,0.00,A4A06F21-D291-4225-99D1-EAEAAD11A2A3,KBOB 2022 V4
"05.005 Fensterrahmen Holz 2,6",KBOB2022-05.005,,,,MATERIAL_LIST,,77700.0,70600.0,7120.0,190.0,190.0,0.0349,172.0,170.0,1.99,36.2,30.3,5.89,m2,8,E65D5066-3C25-440A-A67B-44AACF067AD5,KBOB 2022 V4
"05.005.01 Fensterrahmen Holz, Saphir integral 67/55, G. Baumgartner AG 2,6",KBOB2022-05.005.01,,,,MATERIAL_LIST,,59300.0,55400.0,3960.0,114.0,114.0,0.0221,139.0,138.0,1.23,25.4,22.0,3.36,m2,4,7fc677ab-2fc6-41f9-a1a0-7524d56ea307,KBOB 2022 V4
"05.006 Fensterrahmen Holz-Metall 2,6",KBOB2022-05.006,,,,MATERIAL_LIST,,134000.0,125000.0,8230.0,179.0,179.0,0.0361,300.0,298.0,1.89,65.7,58.6,7.11,m2,6,5D3F1239-2A50-4539-8DEF-341218D0F70A,KBOB 2022 V4
"05.006.01 Fensterrahmen Holz-Metall, Saphir integral 55/55, G. Baumgartner AG 2,6",KBOB2022-05.006.01,,,,MATERIAL_LIST,,79600.0,71900.0,7640.0,113.0,113.0,0.0309,193.0,191.0,1.46,38.0,31.1,6.9,m2,4,11d36a08-6653-4405-bb9e-2dbbd8e71d8e,KBOB 2022 V4
"05.007 Fensterrahmen Kunststoff/PVC 2,6",KBOB2022-05.007,,,,MATERIAL_LIST,,115000.0,103000.0,11800.0,15.4,14.9,0.483,328.0,323.0,5.31,63.4,53.2,10.2,m2,0,84E9C627-DD03-4A9F-AB74-C19202145195,KBOB 2022 V4
"05.001 Isolierverglasung 2-fach, Ug-Wert 1.1 W/m2K, Dicke 24 mm 3",KBOB2022-05.001,,,,MATERIAL_LIST,,70700.0,65800.0,4900.0,10.2,9.97,0.271,167.0,164.0,2.66,44.3,40.7,3.6,m2,0,F9C5864D-7143-472A-A4CB-7ED4DC0B447F,KBOB 2022 V4
"05.009 Isolierverglasung 2-fach, Ug-Wert 1.1 W/m2K, Dicke 18 mm 3",KBOB2022-05.009,,,,MATERIAL_LIST,,78900.0,74800.0,4090.0,12.8,12.5,0.266,195.0,192.0,2.58,48.6,45.7,2.84,m2,0,7785FAA6-5F71-47CC-8753-2694318F593D,KBOB 2022 V4
"05.010 Isolierverglasung 2-fach, ESG, Ug-Wert 1.1 W/m2K 3",KBOB2022-05.010,,,,MATERIAL_LIST,,86900.0,82000.0,4900.0,18.5,18.2,0.271,216.0,214.0,2.66,52.1,48.5,3.6,m2,0,235E295B-72C0-461F-8320-6D07BA2F7021,KBOB 2022 V4
"05.002 Isolierverglasung 2-fach, VSG, Ug-Wert 1.1 W/m2K 3",KBOB2022-05.002,,,,MATERIAL_LIST,,128000.0,119000.0,8730.0,21.1,20.7,0.414,324.0,320.0,4.12,79.3,72.6,6.68,m2,0,7D185B01-5484-4A8B-A8F5-73CB990EE890,KBOB 2022 V4
"05.011 Isolierverglasung 2-fach, ESG/VSG, Ug-Wert 1.1 W/m2K 3",KBOB2022-05.011,,,,MATERIAL_LIST,,144000.0,136000.0,8730.0,29.4,29.0,0.414,373.0,369.0,4.12,87.0,80.4,6.68,m2,0,C52C5B31-C765-4594-852A-0894882A8ED1,KBOB 2022 V4
"05.003 Isolierverglasung 3-fach, Ug-Wert 0.5 W/m2K, Dicke 36 mm 3",KBOB2022-05.003,,,,MATERIAL_LIST,,128000.0,121000.0,6830.0,22.5,22.1,0.403,320.0,316.0,3.93,78.3,73.3,4.92,m2,0,43101D99-1D7B-4082-B62D-BF509227B57E,KBOB 2022 V4
"05.012 Isolierverglasung 3-fach, Ug-Wert 0.6 W/m2K, Dicke 40 mm 3",KBOB2022-05.012,,,,MATERIAL_LIST,,110000.0,102000.0,7680.0,16.1,15.7,0.408,255.0,251.0,4.02,67.8,62.1,5.7,m2,0,8C429A3C-65E9-423C-BB08-626C4639C97B,KBOB 2022 V4
"05.013 Isolierverglasung 3-fach, ESG/ESG, Ug-Wert 0.6 W/m2K 3",KBOB2022-05.013,,,,MATERIAL_LIST,,143000.0,135000.0,7680.0,32.7,32.3,0.408,353.0,349.0,4.02,83.3,77.6,5.7,m2,0,D6D60F63-0AC6-4F65-A665-23893EFE55EE,KBOB 2022 V4
"05.014 Isolierverglasung 3-fach, ESG/ESG/ESG, Ug-Wert 0.6 W/m2K 3",KBOB2022-05.014,,,,MATERIAL_LIST,,159000.0,151000.0,7680.0,40.9,40.5,0.408,402.0,398.0,4.02,91.1,85.4,5.7,m2,0,9D1F01AD-FA63-4F98-AFF3-157F4000D8B3,KBOB 2022 V4
"05.015 Isolierverglasung 3-fach, VSG, Ug-Wert 0.6 W/m2K 3",KBOB2022-05.015,,,,MATERIAL_LIST,,167000.0,156000.0,11500.0,26.9,26.3,0.552,411.0,406.0,5.48,103.0,94.0,8.78,m2,0,14DFC8C9-C915-43A2-AE52-7B78F5948269,KBOB 2022 V4
"05.016 Isolierverglasung 3-fach, ESG/VSG, Ug-Wert 0.6 W/m2K 3",KBOB2022-05.016,,,,MATERIAL_LIST,,185000.0,174000.0,11500.0,35.4,34.9,0.552,464.0,459.0,5.48,111.0,103.0,8.78,m2,0,C17242EF-5C5D-430E-A900-4449A1BC8082,KBOB 2022 V4
05.020 Putzträgerplatte kunstharzgebunden 13 mm,KBOB2022-05.020,,,,MATERIAL_LIST,6.3,16600.0,16400.0,268.0,3.58,3.56,0.0136,44.3,43.9,0.331,8.11,8.03,0.0799,m2,0,8A64F51B-96D1-418F-8698-65A2DFC2F6E0,KBOB 2022 V4
05.021 Putzträgerplatte mineralisch gebunden 12.5 mm,KBOB2022-05.021,,,,MATERIAL_LIST,14.4,9910.0,9300.0,612.0,2.43,2.4,0.0311,19.1,18.3,0.757,6.31,6.12,0.183,m2,0,A2E56139-B17E-48D2-AA28-1FBBBDE730B0,KBOB 2022 V4
"05.026 Rahmenverbreiterung, PVC",KBOB2022-05.026,,,,MATERIAL_LIST,15,99700.0,66500.0,33300.0,41.8,40.8,1.03,306.0,294.0,12.5,69.7,39.5,30.1,m2,1,bbb96c85-8f12-4104-b774-2203f3d542e6,KBOB 2022 V4
"05.027 Rahmenverbreiterung, Spanplatte",KBOB2022-05.027,,,,MATERIAL_LIST,17.8,43500.0,35900.0,7590.0,94.4,94.2,0.12,124.0,121.0,3.52,26.1,19.5,6.59,m2,7,9430b1e1-54b2-4105-8516-8c4ae46612d8,KBOB 2022 V4
"05.018 Sonnenschutz, Ausstellstoren motorisiert 4",KBOB2022-05.018,,,,MATERIAL_LIST,,150000.0,148000.0,2110.0,35.4,35.4,0.0287,283.0,282.0,0.542,67.8,65.9,1.91,m2,0,E236578E-CD94-4A5B-8102-258340AD9D3E,KBOB 2022 V4
"05.017 Sonnenschutz, Lamellenstoren motorisiert 4",KBOB2022-05.017,,,,MATERIAL_LIST,,133000.0,131000.0,1620.0,31.9,31.9,0.0251,249.0,248.0,0.433,59.9,58.5,1.47,m2,0,9E4B8BDA-989A-484D-BFB1-E6CB90491CC4,KBOB 2022 V4
"05.019 Sonnenschutz, Rollladen motorisiert 4",KBOB2022-05.019,,,,MATERIAL_LIST,,168000.0,167000.0,799.0,43.9,43.9,0.0213,313.0,313.0,0.406,74.7,74.0,0.694,m2,0,D69BFDA2-373D-4794-BF31-42FAD621E4FB,KBOB 2022 V4
"06.001 Aluminiumblech, blank",KBOB2022-06.001,,,,MATERIAL_LIST,2690,12500.0,12500.0,19.8,5.22,5.22,0.000771,24.8,24.8,0.0314,5.58,5.57,0.00792,kg,0,122994E0-6AE3-48F8-97C2-633125609F3E,KBOB 2022 V4
"06.002 Aluminiumprofil, blank",KBOB2022-06.002,,,,MATERIAL_LIST,2690,11500.0,11400.0,19.8,5.24,5.24,0.000771,25.6,25.6,0.0314,5.69,5.69,0.00792,kg,0,9D19FB5F-33F0-44B4-9489-B6E224103955,KBOB 2022 V4
"06.002.01 Aluminiumprofil blank, WICONA, hergestellt mit Hydro CIRCAL 75R",KBOB2022-06.002.01,,,,MATERIAL_LIST,2690,12700.0,12700.0,19.8,4.26,4.26,0.000771,8.88,8.85,0.0314,2.67,2.66,0.00792,kg,0.00,C956DDE7-29FC-4FE5-A965-177615E14D14,KBOB 2022 V4
06.003 Armierungsstahl,KBOB2022-06.003,,,,MATERIAL_LIST,7850,1590.0,1570.0,19.5,0.352,0.35,0.00197,3.44,3.39,0.0505,0.785,0.773,0.0122,kg,0,1F33844F-91D2-4363-B328-904E15110A1C,KBOB 2022 V4
06.014 Blei,KBOB2022-06.014,,,,MATERIAL_LIST,11340,3810.0,3790.0,19.8,0.24,0.239,0.000771,3.84,3.8,0.0314,1.02,1.01,0.00792,kg,0,1483FF58-F07C-4ED4-A422-3E72A667D1A7,KBOB 2022 V4
06.004 Chromnickelstahlblech 18/8 blank,KBOB2022-06.004,,,,MATERIAL_LIST,7900,9700.0,9690.0,11.1,2.38,2.38,0.000567,14.6,14.5,0.0272,4.12,4.11,0.00693,kg,0,0FE00428-0CF6-4CC1-A4B1-BA186F56D57E,KBOB 2022 V4
06.005 Chromnickelstahlblech 18/8 verzinnt,KBOB2022-06.005,,,,MATERIAL_LIST,7900,13000.0,13000.0,11.1,2.65,2.65,0.000567,22.3,22.2,0.0272,5.87,5.87,0.00693,kg,0,7AD1957E-FC33-43A8-88F8-2A4DD83A362A,KBOB 2022 V4
06.006 Chromstahlblech blank,KBOB2022-06.006,,,,MATERIAL_LIST,7700,7070.0,7060.0,11.1,0.96,0.96,0.000567,8.53,8.51,0.0272,2.74,2.73,0.00693,kg,0,75CC3E80-7E5F-4E12-898A-03966A87E3E6,KBOB 2022 V4
06.007 Chromstahlblech verzinnt,KBOB2022-06.007,,,,MATERIAL_LIST,7700,10400.0,10400.0,11.1,1.22,1.22,0.000567,16.2,16.2,0.0272,4.49,4.48,0.00693,kg,0,4594A8BF-8167-4183-9A45-CB64DF6D95B8,KBOB 2022 V4
"06.008 Kupferblech, blank",KBOB2022-06.008,,,,MATERIAL_LIST,8900,24500.0,24500.0,19.8,1.62,1.62,0.000771,8.9,8.87,0.0314,2.2,2.2,0.00792,kg,0,92E11D9B-9BC5-4032-BB06-2082CE3D8AFD,KBOB 2022 V4
06.009 Messing-/Baubronzeblech,KBOB2022-06.009,,,,MATERIAL_LIST,8300,25500.0,25400.0,19.8,1.88,1.88,0.000771,11.1,11.0,0.0314,2.71,2.7,0.00792,kg,0,EB9E1E6E-6F40-4CB7-B373-5D66FD146CF5,KBOB 2022 V4
"06.010 Stahlblech, blank",KBOB2022-06.010,,,,MATERIAL_LIST,7850,5260.0,5250.0,11.1,0.612,0.612,0.000567,7.8,7.77,0.0272,2.8,2.79,0.00693,kg,0,38C1572A-3CE8-47C0-B24E-5E924A8AD97E,KBOB 2022 V4
"06.011 Stahlblech, verzinkt",KBOB2022-06.011,,,,MATERIAL_LIST,7850,15200.0,15200.0,11.1,1.37,1.37,0.000567,15.6,15.6,0.0272,4.49,4.48,0.00693,kg,0,68F8D468-2A49-430A-A94A-A3073A85B029,KBOB 2022 V4
"06.012 Stahlprofil, blank",KBOB2022-06.012,,,,MATERIAL_LIST,7850,1290.0,1280.0,11.1,0.245,0.245,0.000567,3.38,3.35,0.0272,0.736,0.729,0.00693,kg,0,4DC70979-B6CA-4DA5-A291-6F1A082EE475,KBOB 2022 V4
06.013 Titanzinkblech,KBOB2022-06.013,,,,MATERIAL_LIST,7200,27800.0,27800.0,19.8,2.59,2.59,0.000771,17.5,17.4,0.0314,4.02,4.02,0.00792,kg,0,3A017EE3-8EAE-4957-9976-39EA72157918,KBOB 2022 V4
07.001 3- und 5-Schicht Massivholzplatte,KBOB2022-07.001,,,,MATERIAL_LIST,453,1010.0,932.0,80.3,13.3,13.2,0.00604,2.18,2.09,0.0923,0.469,0.414,0.0553,kg,0,BBA9796B-B084-473D-B362-E703FAD37CAA,KBOB 2022 V4
07.021 Balkenschichtholz,KBOB2022-07.021,,,,MATERIAL_LIST,439,789.0,716.0,73.8,8.59,8.58,0.00602,1.56,1.47,0.091,0.342,0.293,0.0492,kg,0,f346cb73-61fb-4468-b500-3bfc161d80a6,KBOB 2022 V4
07.003 Brettschichtholz,KBOB2022-07.003,,,,MATERIAL_LIST,439,769.0,695.0,73.8,8.14,8.13,0.00602,1.53,1.44,0.091,0.335,0.285,0.0492,kg,0,75F8C2B2-0B4E-4243-93D6-9D8B721B4D12,KBOB 2022 V4
"07.003.01 Brettschichtholz, Produktion Schweiz",KBOB2022-07.003.01,,,,MATERIAL_LIST,439,680.0,606.0,73.8,8.0,8.0,0.00602,1.2,1.11,0.091,0.253,0.204,0.0492,kg,0.45,5D0AAC66-9661-4D7A-A239-8A8931B4CFF3,KBOB 2022 V4
07.002 Brettschichtholz,KBOB2022-07.002,,,,MATERIAL_LIST,439,769.0,695.0,73.8,8.14,8.13,0.00602,1.53,1.44,0.091,0.335,0.285,0.0492,kg,0.446,1095B95F-6036-45CA-B450-7A3A8E1897BB,KBOB 2022 V4
"07.002.01 Brettschichtholz, Produktion Schweiz",KBOB2022-07.002.01,,,,MATERIAL_LIST,439,680.0,606.0,73.8,8.0,8.0,0.00602,1.2,1.11,0.091,0.253,0.204,0.0492,kg,0.45,D6C6F539-93DD-4C07-AF40-3EF6321D4FBD,KBOB 2022 V4
07.020 Brettsperrholz,KBOB2022-07.020,,,,MATERIAL_LIST,436,882.0,775.0,106.0,8.12,8.11,0.00611,1.82,1.72,0.0976,0.395,0.315,0.0798,kg,0.449,83c72ece-6641-4675-97f0-a6236caf7e7f,KBOB 2022 V4
"07.020.01 Brettsperrholz, Produktion Schweiz",KBOB2022-07.020.01,,,,MATERIAL_LIST,424,744.0,638.0,106.0,5.67,5.66,0.00611,1.6,1.51,0.0976,0.281,0.201,0.0798,kg,0.448,25754a33-5165-4d33-b2d2-e8422557b849,KBOB 2022 V4
07.022 Furniersperrholz,KBOB2022-07.022,,,,MATERIAL_LIST,823,1970.0,1860.0,106.0,9.24,9.23,0.00611,5.07,4.98,0.0976,1.02,0.942,0.0798,kg,0,b914b5f8-ce92-4da0-8c94-055ee668b154,KBOB 2022 V4
07.004 Hartfaserplatte,KBOB2022-07.004,,,,MATERIAL_LIST,955,1770.0,1700.0,68.3,7.04,7.03,0.00601,4.12,4.03,0.0899,1.07,1.03,0.0441,kg,0,99B2F7E4-22F3-4C8E-9C76-D3CBADA830E2,KBOB 2022 V4
"07.005 Holzwolle-Leichtbauplatte, zementgebunden",KBOB2022-07.005,,,,MATERIAL_LIST,400,770.0,685.0,85.2,2.04,2.03,0.00958,1.27,1.1,0.17,0.534,0.498,0.0357,kg,0,C916FBF8-EB8F-43A7-9D11-9E92CF9F083D,KBOB 2022 V4
07.023 Konstruktionsvollholz,KBOB2022-07.023,,,,MATERIAL_LIST,436,688.0,620.0,68.3,8.28,8.27,0.00601,1.24,1.15,0.0899,0.288,0.244,0.0441,kg,0,dff243df-ce92-429c-b6f4-a1e3ca114b16,KBOB 2022 V4
"07.008 Massivholz Buche / Eiche, kammergetrocknet, gehobelt",KBOB2022-07.008,,,,MATERIAL_LIST,675,436.0,373.0,62.9,7.28,7.27,0.00599,0.662,0.573,0.0888,0.152,0.113,0.039,kg,0,5452FFFF-13C9-4D8B-803B-E644F35A3325,KBOB 2022 V4
"07.008.01 Massivholz Buche / Eiche, kammergetrocknet, gehobelt, Produktion Schweiz",KBOB2022-07.008.01,,,,MATERIAL_LIST,675,396.0,333.0,62.9,7.39,7.39,0.00599,0.572,0.483,0.0888,0.122,0.0832,0.039,kg,0.45,348B6926-0D2A-4820-AA05-C815FE65A421,KBOB 2022 V4
"07.007 Massivholz Buche / Eiche, kammergetrocknet, rau",KBOB2022-07.007,,,,MATERIAL_LIST,675,391.0,328.0,62.9,7.11,7.11,0.00599,0.568,0.479,0.0888,0.135,0.0962,0.039,kg,0,9AC95A58-6438-48B7-BB6A-B07B6F4CFB6A,KBOB 2022 V4
"07.007.01 Massivholz Buche / Eiche, kammergetrocknet, rau, Produktion Schweiz",KBOB2022-07.007.01,,,,MATERIAL_LIST,675,355.0,292.0,62.9,7.22,7.21,0.00599,0.485,0.396,0.0888,0.109,0.07,0.039,kg,0.45,698D8A43-8983-432E-A51B-D90C9BA23AC1,KBOB 2022 V4
"07.006 Massivholz Buche / Eiche, luftgetrocknet, rau",KBOB2022-07.006,,,,MATERIAL_LIST,705,322.0,260.0,62.9,6.21,6.2,0.00599,0.478,0.389,0.0888,0.12,0.0812,0.039,kg,0,531C8578-0D4B-469A-ACE5-8E3A536FC47C,KBOB 2022 V4
"07.006.01 Massivholz Buche / Eiche, luftgetrocknet, rau, Produktion Schweiz",KBOB2022-07.006.01,,,,MATERIAL_LIST,705,290.0,227.0,62.9,6.3,6.29,0.00599,0.402,0.313,0.0888,0.0978,0.0589,0.039,kg,0.41,F9547BDA-290C-44C5-8794-C921A2DED0BA,KBOB 2022 V4
"07.011 Massivholz Fichte / Tanne / Lärche, kammergetr., gehobelt",KBOB2022-07.011,,,,MATERIAL_LIST,465,476.0,413.0,62.9,6.05,6.04,0.00599,0.777,0.688,0.0888,0.173,0.134,0.039,kg,0,3D89DC7F-1638-4C94-AFA8-DC31CAC210BC,KBOB 2022 V4
"07.011.01 Massivholz Fichte / Tanne / Lärche, kammergetr., gehobelt, Produktion Schweiz",KBOB2022-07.011.01,,,,MATERIAL_LIST,465,459.0,396.0,62.9,5.93,5.93,0.00599,0.733,0.644,0.0888,0.156,0.117,0.039,kg,0.45,D122C786-0887-4B71-BEBD-513955B5F184,KBOB 2022 V4
"07.011.02 Massivholz Fichte / Tanne, kammergetr., Vollholzhaus holzpur",KBOB2022-07.011.02,,,,MATERIAL_LIST,420,432.0,369.0,62.9,10.0,10.0,0.00599,0.469,0.381,0.0888,0.134,0.095,0.039,kg,0.45,C4DE94C2-36D6-4BB9-9753-228622401A82,KBOB 2022 V4
"07.010 Massivholz Fichte / Tanne / Lärche, luftgetr., gehobelt",KBOB2022-07.010,,,,MATERIAL_LIST,485,400.0,337.0,62.9,5.21,5.21,0.00599,0.673,0.584,0.0888,0.156,0.117,0.039,kg,0,C6FE17BA-12BD-4454-B0F0-74CA8C665D6B,KBOB 2022 V4
"07.010.01 Massivholz Fichte / Tanne / Lärche, luftgetr., gehobelt, Produktion Schweiz",KBOB2022-07.010.01,,,,MATERIAL_LIST,485,385.0,322.0,62.9,5.11,5.1,0.00599,0.633,0.544,0.0888,0.142,0.103,0.039,kg,0.41,0AABF430-9178-4975-8390-B4C585739DE2,KBOB 2022 V4
"07.009 Massivholz Fichte / Tanne / Lärche, luftgetrocknet, rau",KBOB2022-07.009,,,,MATERIAL_LIST,485,316.0,254.0,62.9,4.98,4.97,0.00599,0.509,0.42,0.0888,0.129,0.0904,0.039,kg,0,EB82F166-04B1-49F0-A586-FD8F92824196,KBOB 2022 V4
"07.009.01 Massivholz Fichte / Tanne / Lärche, luftgetrocknet, rau, Produktion Schweiz",KBOB2022-07.009.01,,,,MATERIAL_LIST,485,306.0,243.0,62.9,4.88,4.87,0.00599,0.478,0.389,0.0888,0.12,0.0809,0.039,kg,0.41,ADBDB232-AC94-49B1-9EB6-652076C22BAB,KBOB 2022 V4
"07.012 Mitteldichte Faserplatte (MDF), UF-gebunden",KBOB2022-07.012,,,,MATERIAL_LIST,685,1540.0,1420.0,128.0,5.85,5.84,0.00616,4.47,4.37,0.102,0.954,0.854,0.1,kg,0,962B816C-DBD4-445F-8392-E4F8532069C8,KBOB 2022 V4
"07.013 OSB Platte, PF-gebunden, Feuchtbereich",KBOB2022-07.013,,,,MATERIAL_LIST,605,1030.0,921.0,106.0,8.26,8.25,0.00611,2.71,2.61,0.0976,0.563,0.483,0.0798,kg,0,BD66B05D-27E3-4ADF-85A2-E0ABBBA686A5,KBOB 2022 V4
07.024 Röhrenspanplatte,KBOB2022-07.024,,,,MATERIAL_LIST,272,1340.0,1230.0,106.0,6.89,6.88,0.00611,3.65,3.55,0.0976,0.813,0.733,0.0798,kg,0,2ec4e1b4-5694-4169-b734-b38c2365aaac,KBOB 2022 V4
"07.015 Spanplatte, PF-gebunden, Feuchtbereich",KBOB2022-07.015,,,,MATERIAL_LIST,640,886.0,780.0,106.0,4.36,4.36,0.00611,2.56,2.46,0.0976,0.529,0.45,0.0798,kg,0,F54AEECA-7B3B-4ACE-B4CB-88527B1C903C,KBOB 2022 V4
"07.016 Spanplatte, UF-gebunden, beschichtet, Trockenbereich",KBOB2022-07.016,,,,MATERIAL_LIST,640,1210.0,1090.0,122.0,4.69,4.68,0.00614,3.7,3.6,0.0985,0.735,0.641,0.0945,kg,0,FB830352-0350-46F9-BF46-73733C576386,KBOB 2022 V4
"07.014 Spanplatte, UF-gebunden, Trockenbereich",KBOB2022-07.014,,,,MATERIAL_LIST,640,886.0,780.0,106.0,4.36,4.36,0.00611,2.56,2.46,0.0976,0.529,0.45,0.0798,kg,0,E88CFF0D-059B-4E8A-93BC-A4E3A917A2F6,KBOB 2022 V4
"07.018 Sperrholz/Multiplex, PF-gebunden, Feuchtbereich",KBOB2022-07.018,,,,MATERIAL_LIST,500,2870.0,2760.0,106.0,10.0,10.0,0.00611,6.94,6.84,0.0976,1.43,1.35,0.0798,kg,0,32B17B00-83C9-412F-899B-03B8DB3781BF,KBOB 2022 V4
"07.017 Sperrholz/Multiplex, UF-gebunden, Trockenbereich",KBOB2022-07.017,,,,MATERIAL_LIST,500,2140.0,2030.0,106.0,9.99,9.99,0.00611,4.7,4.6,0.0976,0.948,0.868,0.0798,kg,0,55C3FB36-27C5-40BB-B51C-715C9F2984FE,KBOB 2022 V4
"07.019 Stabschichtholz, Buche",KBOB2022-07.019,,,,MATERIAL_LIST,0,,,,,,,,,,,,,,,134906e4-dbd4-42e3-828c-e819fea6a651,KBOB 2022 V4
"07.019.01 Stabschichtholz, Buche, fagus",KBOB2022-07.019.01,,,,MATERIAL_LIST,700,1010.0,926.0,84.4,9.46,9.46,0.00691,1.86,1.75,0.108,0.367,0.306,0.0615,kg,0.48,9b25432d-40ef-4f3b-8c5b-7104ad4b6d52,KBOB 2022 V4
08.001 2-Komponenten Klebstoff,KBOB2022-08.001,,,,MATERIAL_LIST,1500,10100.0,9910.0,236.0,0.354,0.351,0.0022,24.3,24.2,0.0558,4.84,4.65,0.187,kg,0,21330D47-1D7A-36C8-7F0E-CB11F4CB2767,KBOB 2022 V4
08.002 Heissbitumen,KBOB2022-08.002,,,,MATERIAL_LIST,1000,2040.0,1800.0,236.0,0.0644,0.0622,0.0022,15.0,14.9,0.0558,1.09,0.906,0.187,kg,0,CA0CC8C0-0CF0-4DE4-A9E8-C3B416365119,KBOB 2022 V4
08.003 Kautschukdichtungsmasse,KBOB2022-08.003,,,,MATERIAL_LIST,1500,6870.0,6630.0,236.0,0.287,0.285,0.0022,24.4,24.4,0.0558,2.42,2.23,0.187,kg,0,9831C103-3AC5-439B-9BF1-3C1976328C98,KBOB 2022 V4
08.004 Polysulfiddichtungsmasse,KBOB2022-08.004,,,,MATERIAL_LIST,1600,2890.0,2660.0,236.0,0.413,0.41,0.0022,7.8,7.75,0.0558,1.72,1.53,0.187,kg,0,0732FA24-108B-41A5-A86B-71ADB88B5F21,KBOB 2022 V4
08.005 Silicon-Fugenmasse,KBOB2022-08.005,,,,MATERIAL_LIST,1000,4570.0,4340.0,236.0,1.86,1.86,0.0022,14.5,14.4,0.0558,2.91,2.72,0.187,kg,0,85E73CA0-F8D0-4F4D-BA4F-074E3BBD8A31,KBOB 2022 V4
09.001 Dampfbremse bituminös,KBOB2022-09.001,,,,MATERIAL_LIST,1100,5220.0,2790.0,2430.0,0.66,0.645,0.0144,13.5,13.2,0.266,3.64,1.31,2.33,kg,0,01CD6F3D-BD57-4002-A3FB-6CD6DF5868D7,KBOB 2022 V4
09.002 Dampfbremse Polyethylen (PE),KBOB2022-09.002,,,,MATERIAL_LIST,920,6930.0,4120.0,2810.0,0.855,0.844,0.0108,24.8,24.6,0.209,5.42,2.75,2.67,kg,0,5155BF82-EBE7-4FE9-A0C3-3B52FF372827,KBOB 2022 V4
09.003 Dichtungsbahn bituminös,KBOB2022-09.003,,,,MATERIAL_LIST,1100,4350.0,1920.0,2430.0,0.27,0.255,0.0144,12.3,12.0,0.266,3.33,1.0,2.33,kg,0,7BA5DD3A-06EF-4108-853B-3687B698FF22,KBOB 2022 V4
"09.003.11 Bituminöse Dichtungsbahn, swissporBIKUPLAN ECO",KBOB2022-09.003.11,,,,MATERIAL_LIST,1267,3510.0,1080.0,2430.0,0.223,0.209,0.0144,6.13,5.86,0.266,2.92,0.588,2.33,kg,0.00,7734C0C2-7D2F-4604-A1A8-D8CB9E7310C7,KBOB 2022 V4
"09.003.01 Bituminöse Dichtungsbahn, swissporBIKUTOP",KBOB2022-09.003.01,,,,MATERIAL_LIST,1269,4060.0,1630.0,2430.0,0.242,0.227,0.0144,10.3,10.0,0.266,3.24,0.907,2.33,kg,0.00,8363831F-FB86-4CDD-B1F2-138E478F34B0,KBOB 2022 V4
"09.003.02 Bituminöse Dichtungsbahn, swissporBIKUTOP ECO",KBOB2022-09.003.02,,,,MATERIAL_LIST,1256,3420.0,983.0,2430.0,0.22,0.206,0.0144,5.54,5.27,0.266,2.88,0.55,2.33,kg,0.00,3734EA52-A3C5-4A05-A040-03322A348AE1,KBOB 2022 V4
"09.003.03 Bituminöse Dichtungsbahn, swissporBIKUTOP",KBOB2022-09.003.03,,,,MATERIAL_LIST,1269,4060.0,1630.0,2430.0,0.242,0.227,0.0144,10.3,10.0,0.266,3.24,0.907,2.33,kg,0.00,BA1409B5-8AC0-4016-9AC1-E3AFC2D20C52,KBOB 2022 V4
"09.003.04 Bituminöse Dichtungsbahn, swissporBIKUTOP ECO",KBOB2022-09.003.04,,,,MATERIAL_LIST,1256,3420.0,983.0,2430.0,0.22,0.206,0.0144,5.54,5.27,0.266,2.88,0.55,2.33,kg,0.00,2AEB700D-8C0A-4554-97D3-80B5CC367CAD,KBOB 2022 V4
"09.003.05 Bituminöse Dichtungsbahn, swissporBIKUTOP",KBOB2022-09.003.05,,,,MATERIAL_LIST,1269,4060.0,1630.0,2430.0,0.242,0.227,0.0144,10.3,10.0,0.266,3.24,0.907,2.33,kg,0.00,0C5A7BA6-B74D-46D7-A2F1-5F7E95808E83,KBOB 2022 V4
"09.003.06 Bituminöse Dichtungsbahn, swissporBIKUTOP ECO",KBOB2022-09.003.06,,,,MATERIAL_LIST,1256,3420.0,983.0,2430.0,0.22,0.206,0.0144,5.54,5.27,0.266,2.88,0.55,2.33,kg,0.00,744A1B0B-105B-45BA-909E-79E490F26917,KBOB 2022 V4
"09.003.07 Bituminöse Dichtungsbahn, swissporBIKUTOP",KBOB2022-09.003.07,,,,MATERIAL_LIST,1269,4060.0,1630.0,2430.0,0.242,0.227,0.0144,10.3,10.0,0.266,3.24,0.907,2.33,kg,0.00,DF6CF380-78F7-466D-AD94-DA3ED7536CA9,KBOB 2022 V4
"09.003.08 Bituminöse Dichtungsbahn, swissporBIKUTOP ECO",KBOB2022-09.003.08,,,,MATERIAL_LIST,1256,3420.0,983.0,2430.0,0.22,0.206,0.0144,5.54,5.27,0.266,2.88,0.55,2.33,kg,0.00,EDC15F2A-8353-4B92-89EA-F588F082D528,KBOB 2022 V4
"09.003.09 Bituminöse Dichtungsbahn, swissporBIKUTOP",KBOB2022-09.003.09,,,,MATERIAL_LIST,1269,4060.0,1630.0,2430.0,0.242,0.227,0.0144,10.3,10.0,0.266,3.24,0.907,2.33,kg,0.00,2B07EF82-8010-4C65-AF7C-90055932DA86,KBOB 2022 V4
"09.003.10 Bituminöse Dichtungsbahn, swissporBIKUTOP ECO",KBOB2022-09.003.10,,,,MATERIAL_LIST,1256,3420.0,983.0,2430.0,0.22,0.206,0.0144,5.54,5.27,0.266,2.88,0.55,2.33,kg,0.00,E6956688-D02C-414C-8EC6-B0FAEF52C8B8,KBOB 2022 V4
09.003.12 Elastomerbitumen-Dichtungsbahn Sopravap EVA 35 flam,KBOB2022-09.003.12,,,,MATERIAL_LIST,4.6,2760.0,1320.0,1440.0,0.318,0.31,0.00773,8.17,7.97,0.198,2.06,0.717,1.34,kg,0.00,996bca23-d530-4e8e-b4f1-6f6f57b89e0a,KBOB 2022 V4
09.003.13 Elastomerbitumen-Dichtungsbahn Sopralen EGV 3,KBOB2022-09.003.13,,,,MATERIAL_LIST,4,2690.0,1250.0,1440.0,0.295,0.287,0.00773,7.99,7.79,0.198,2.04,0.686,1.35,kg,0.00,45f59ef0-c310-4611-bd9f-96c3f29ff6a3,KBOB 2022 V4
09.003.14 Elastomerbitumen-Dichtungsbahn Sopralen EGV 3.5,KBOB2022-09.003.14,,,,MATERIAL_LIST,4.8,2690.0,1230.0,1460.0,0.275,0.267,0.00776,8.02,7.82,0.199,2.04,0.678,1.36,kg,0.00,417f2b8c-45c8-406b-97ac-ef149321e8f7,KBOB 2022 V4
09.003.15 Elastomerbitumen-Dichtungsbahn Sopralen Premier EP 5 ard flam,KBOB2022-09.003.15,,,,MATERIAL_LIST,4.8,2560.0,1260.0,1300.0,0.31,0.303,0.00749,7.56,7.37,0.194,1.94,0.728,1.21,kg,0.00,0d94f5a6-1b6a-469e-bf01-0ddab8f03d10,KBOB 2022 V4
09.003.16 Elastomerbitumen-Dichtungsbahn Sopralen Jardin EP 5 ard flam,KBOB2022-09.003.16,,,,MATERIAL_LIST,5.4,2590.0,1290.0,1300.0,0.314,0.306,0.0075,7.66,7.47,0.194,1.96,0.742,1.22,kg,0.00,a06b8703-9c56-4844-bbbd-388e15772d67,KBOB 2022 V4
09.003.17 Elastomerbitumen-Dichtungsbahn Sopragum Flam HT-O Jardin S5,KBOB2022-09.003.17,,,,MATERIAL_LIST,5.6,3270.0,1810.0,1460.0,0.324,0.316,0.00786,9.97,9.77,0.199,2.42,1.05,1.37,kg,0.00,11a560d2-4cc5-4cd6-9b99-0945186d224e,KBOB 2022 V4
09.003.18 Elastomerbitumen-Dichtungsbahn SOPREMA Vapro Alpino,KBOB2022-09.003.18,,,,MATERIAL_LIST,5.8,3080.0,1760.0,1320.0,0.318,0.31,0.00755,9.22,9.03,0.194,2.28,1.05,1.23,kg,0.00,3030d795-4231-40bc-803f-4f6218b99104,KBOB 2022 V4
09.003.19 Elastomerbitumen-Dichtungsbahn SOPREMA Vapro Nature,KBOB2022-09.003.19,,,,MATERIAL_LIST,5.8,3080.0,1760.0,1320.0,0.318,0.31,0.00756,9.23,9.03,0.195,2.29,1.05,1.24,kg,0.00,431554b3-cf1e-422c-8593-f2c5946cb82f,KBOB 2022 V4
09.004 Dichtungsbahn Gummi (EPDM),KBOB2022-09.004,,,,MATERIAL_LIST,1100,8100.0,4860.0,3240.0,0.825,0.812,0.013,24.7,24.4,0.224,5.84,2.74,3.1,kg,0,90159AF7-455B-4996-A1AC-6D5B6E3242F4,KBOB 2022 V4
09.005 Dichtungsbahn Polyolefin (FPO),KBOB2022-09.005,,,,MATERIAL_LIST,1000,7880.0,5070.0,2810.0,0.42,0.41,0.0108,23.1,22.9,0.209,5.18,2.52,2.67,kg,0,CFA0CA34-15A6-4D99-AEC3-CA60F46DBE4D,KBOB 2022 V4
09.006 Kraftpapier,KBOB2022-09.006,,,,MATERIAL_LIST,650,3450.0,3240.0,206.0,13.0,13.0,0.0125,7.73,7.55,0.172,1.67,1.61,0.058,kg,0,5C26C97A-D10C-49A8-815E-06A340CCC448,KBOB 2022 V4
09.007 Polyethylenfolie (PE),KBOB2022-09.007,,,,MATERIAL_LIST,920,6930.0,4120.0,2810.0,0.855,0.844,0.0108,24.8,24.6,0.209,5.42,2.75,2.67,kg,0,D4BF6599-6623-4AE5-9D50-8EDDB6B05F41,KBOB 2022 V4
09.008 Polyethylenvlies (PE),KBOB2022-09.008,,,,MATERIAL_LIST,920,7090.0,4280.0,2810.0,0.543,0.532,0.0108,26.0,25.7,0.209,5.63,2.96,2.67,kg,0,FD71B629-B98E-47C8-ADA4-513631C0896B,KBOB 2022 V4
10.014 Aerogel-Vlies,KBOB2022-10.014,,,,MATERIAL_LIST,150,73500.0,73100.0,408.0,12.1,12.1,0.0117,229.0,229.0,0.174,48.7,48.4,0.289,kg,0,9EC4E12B-5E75-4A0B-84DA-A1A5F152A4BC,KBOB 2022 V4
10.012 Blähperlit,KBOB2022-10.012,,,,MATERIAL_LIST,102.5,1460.0,1410.0,42.5,0.164,0.162,0.00216,4.46,4.4,0.0526,1.05,1.04,0.0127,kg,0,E6773968-F9C9-4782-A5CD-78B9B1164571,KBOB 2022 V4
10.011 Blähvermiculit,KBOB2022-10.011,,,,MATERIAL_LIST,102.5,687.0,644.0,42.5,0.0495,0.0473,0.00216,1.56,1.51,0.0526,0.394,0.382,0.0127,kg,0,A0A69B33-B2C9-4DE4-BA2E-770C2A4EF76A,KBOB 2022 V4
10.016 Flachsfasern,KBOB2022-10.016,,,,MATERIAL_LIST,30,2940.0,2570.0,370.0,5.97,5.96,0.0123,5.32,5.17,0.154,1.01,0.777,0.235,kg,0,7A1681B7-2F34-4B51-BF2D-D4C9C33CFCA5,KBOB 2022 V4
"10.016.01 Flachsfasern, MAGRIPOL, Premium",KBOB2022-10.016.01,,,,MATERIAL_LIST,30,2880.0,2510.0,370.0,5.9,5.89,0.0123,5.18,5.03,0.154,0.983,0.749,0.235,kg,0.4400,109E7CA4-9DB1-46E0-AAA8-EF6E159A7A63,KBOB 2022 V4
"10.017 Flachsfasern, feuerfest",KBOB2022-10.017,,,,MATERIAL_LIST,30,3530.0,3160.0,370.0,5.47,5.46,0.0123,7.51,7.36,0.154,1.45,1.22,0.235,kg,0.4400,CC513F17-747F-4776-ABFA-9C78FF26A557,KBOB 2022 V4
"10.017.01 Flachsfasern, feuerfest, MAGRIPOL, Premium+",KBOB2022-10.017.01,,,,MATERIAL_LIST,30,3460.0,3090.0,370.0,5.41,5.4,0.0123,7.35,7.2,0.154,1.42,1.18,0.235,kg,0.4400,C5CF1731-3091-4FC5-9552-DE7368F296A6,KBOB 2022 V4
10.001 Glaswolle,KBOB2022-10.001,,,,MATERIAL_LIST,60,1960.0,1850.0,116.0,2.35,2.34,0.0104,5.46,5.33,0.133,1.1,1.04,0.0592,kg,0.0000,43B03F61-91A1-438E-B958-6E274F13B241,KBOB 2022 V4
"10.001.01 Glaswolle, Isover, phenolbasiertes Bindemittel",KBOB2022-10.001.01,,,,MATERIAL_LIST,60,1830.0,1710.0,116.0,2.28,2.27,0.0104,5.13,4.99,0.133,1.03,0.97,0.0592,kg,0.0000,C2140A4D-E25B-4E13-BD72-87C1C5A37286,KBOB 2022 V4
"10.001.03 Glaswolle, Isover, pflanzliches Bindemittel",KBOB2022-10.001.03,,,,MATERIAL_LIST,60,1700.0,1580.0,116.0,2.45,2.44,0.0104,3.66,3.53,0.133,0.89,0.831,0.0592,kg,0.0000,894290c5-7d1a-42b6-8b27-cfabcd6fa573,KBOB 2022 V4
"10.001.02 Glaswolle, SUPAFIL",KBOB2022-10.001.02,,,,MATERIAL_LIST,35,2060.0,1940.0,116.0,0.317,0.306,0.0104,5.89,5.76,0.133,1.14,1.08,0.0592,kg,0.0000,b0b693b6-0c93-49bc-ad75-0de3492042b8,KBOB 2022 V4
10.002 Korkplatte,KBOB2022-10.002,,,,MATERIAL_LIST,120,2170.0,1990.0,172.0,7.94,7.92,0.0122,6.23,6.09,0.148,1.11,1.07,0.0387,kg,0.496,42A8911C-62FF-4A4B-ACD8-31E4148787E8,KBOB 2022 V4
10.003 Phenolharz (PF),KBOB2022-10.003,,,,MATERIAL_LIST,40,10000.0,6730.0,3280.0,0.597,0.585,0.0114,33.5,33.3,0.202,7.26,4.17,3.09,kg,0.00,4F352DCA-9E8B-49E4-98B6-F10BA797180E,KBOB 2022 V4
10.004 Polystyrol expandiert (EPS),KBOB2022-10.004,,,,MATERIAL_LIST,27.5,9800.0,6520.0,3280.0,0.513,0.502,0.0114,30.0,29.8,0.202,7.6,4.51,3.09,kg,0.00,9F6CB547-DC00-4900-8FB4-A37135F510B4,KBOB 2022 V4
"10.004.01 Polystyrol expandiert, SwissporEPS",KBOB2022-10.004.01,,,,MATERIAL_LIST,16.8,8790.0,5510.0,3280.0,0.729,0.718,0.0114,26.7,26.5,0.202,6.95,3.86,3.09,kg,0.0000,046FE9F5-65FC-48A0-802F-8E2EE600CDA6,KBOB 2022 V4
"10.004.02 Polystyrol expandiert, 44% Recyclinganteil, SwissporEPS Roof Eco",KBOB2022-10.004.02,,,,MATERIAL_LIST,26,,,,,,,,,,,,,kg,,05CBB4FF-6CFE-4285-86E1-8D5EA593637D,KBOB 2022 V4
"10.004.03 Polystyrol expandiert, 100% Recyclinganteil, SwissporEPS R 100%",KBOB2022-10.004.03,,,,MATERIAL_LIST,27,,,,,,,,,,,,,kg,,99E3A2B4-CE0F-4E7A-AECB-9AA35D2FABAF,KBOB 2022 V4
10.005 Polystyrol extrudiert (XPS),KBOB2022-10.005,,,,MATERIAL_LIST,32.5,19700.0,16500.0,3280.0,0.654,0.643,0.0114,29.4,29.2,0.202,14.4,11.3,3.09,kg,0.00,604F2ECA-F888-49C4-9FA5-C206BC37E889,KBOB 2022 V4
"10.005.01 Polystyrol extrudiert, SwissporXPS",KBOB2022-10.005.01,,,,MATERIAL_LIST,34.3,8880.0,5600.0,3280.0,1.37,1.36,0.0114,25.5,25.3,0.202,6.96,3.87,3.09,kg,0.0000,ACF64203-B038-4EAF-B297-53D8C48F8A42,KBOB 2022 V4
10.006 Polyurethan (PUR/PIR),KBOB2022-10.006,,,,MATERIAL_LIST,30,10400.0,7490.0,2920.0,0.823,0.806,0.0172,30.1,29.5,0.682,7.44,4.79,2.65,kg,0.00,D23B8D09-6CCC-42B7-B54D-B67BEEEC54DD,KBOB 2022 V4
"10.006.01 Polyurethan, SwissporPIR",KBOB2022-10.006.01,,,,MATERIAL_LIST,30,9830.0,6910.0,2920.0,1.03,1.02,0.0172,28.0,27.3,0.682,7.08,4.43,2.65,kg,0.0000,575A32F0-D99A-4ADE-A360-8E770639A5E3,KBOB 2022 V4
10.007 Schaumglas,KBOB2022-10.007,,,,MATERIAL_LIST,132.5,1760.0,1710.0,42.5,1.88,1.88,0.00216,5.16,5.11,0.0526,1.19,1.17,0.0127,kg,0.0000,328C6FA7-DA92-462A-9CC7-6D0DB5CCE2D3,KBOB 2022 V4
"10.007.01 Schaumglas, GLAPOR",KBOB2022-10.007.01,,,,MATERIAL_LIST,120,1020.0,979.0,42.5,0.205,0.203,0.00216,3.15,3.1,0.0526,0.707,0.694,0.0127,kg,0.0000,6bbf201f-48e8-4866-9dff-f6f2e3105ec6,KBOB 2022 V4
10.013 Schaumglasschotter,KBOB2022-10.013,,,,MATERIAL_LIST,137.5,499.0,457.0,42.5,0.262,0.26,0.00216,1.74,1.69,0.0526,0.16,0.148,0.0127,kg,0.0000,BEB5B222-85E0-44DB-891D-851DF16EEA31,KBOB 2022 V4
"10.013.01 Schaumglasschotter, Misapor",KBOB2022-10.013.01,,,,MATERIAL_LIST,137.5,434.0,392.0,42.5,0.246,0.243,0.00216,1.55,1.5,0.0526,0.132,0.12,0.0127,kg,0.0000,62F9139A-7A1D-40DD-90F8-38B52AF993C4,KBOB 2022 V4
10.008 Steinwolle,KBOB2022-10.008,,,,MATERIAL_LIST,96,1790.0,1670.0,116.0,0.511,0.5,0.0104,4.46,4.32,0.133,1.19,1.13,0.0592,kg,0.0000,A3BBA042-97AF-4B5C-AF00-E049CEF1A557,KBOB 2022 V4
"10.008.01 Steinwolle, Flumroc",KBOB2022-10.008.01,,,,MATERIAL_LIST,96,1620.0,1500.0,116.0,0.339,0.328,0.0104,3.95,3.82,0.133,1.09,1.03,0.0592,kg,0.0000,194F45E4-A08A-427B-A490-999934D5D610,KBOB 2022 V4
10.015 Strohballenwand,KBOB2022-10.015,,,,MATERIAL_LIST,215,586.0,586.0,0.0,4.87,4.87,0.0,0.229,0.229,0.0,0.0956,0.0956,0.0,kg,0.3680,92766C16-5D0D-44ED-9F92-C15AA32DECCE,KBOB 2022 V4
10.009 Weichfaserplatte,KBOB2022-10.009,,,,MATERIAL_LIST,148,1400.0,1170.0,227.0,7.11,7.09,0.0123,3.42,3.27,0.151,0.725,0.633,0.0921,kg,0.4360,B9689582-8BDE-4FE1-849D-BBBED840E410,KBOB 2022 V4
10.010 Zellulosefasern,KBOB2022-10.010,,,,MATERIAL_LIST,47.5,556.0,395.0,161.0,0.258,0.245,0.0134,1.05,0.882,0.165,0.28,0.209,0.0709,kg,0.4040,858771D5-96F5-42C9-AEE3-51D3BE1879F7,KBOB 2022 V4
"10.010.01 Zellulosefasern, Isofloc",KBOB2022-10.010.01,,,,MATERIAL_LIST,47.5,470.0,309.0,161.0,0.239,0.226,0.0134,0.848,0.683,0.165,0.233,0.163,0.0709,kg,0.4040,1F31C383-B2A1-490D-AB0F-B3EA2A24D804,KBOB 2022 V4
"11.001 2K-Fliessbelag Industrie (Epoxidharz), 2.25 mm",KBOB2022-11.001,,,,MATERIAL_LIST,4.55,41700.0,33500.0,8240.0,1.52,1.44,0.0799,65.1,62.8,2.26,18.4,11.1,7.24,m2,0,D5660BDD-EC47-4D6A-B3C1-3EA06F77EA89,KBOB 2022 V4
"11.002 2K-Fliessbelag Wohnen/Verwaltung (Epoxidharz, PU), 2 mm",KBOB2022-11.002,,,,MATERIAL_LIST,3.6,25800.0,21300.0,4540.0,2.05,1.99,0.06,62.0,60.5,1.45,13.9,10.0,3.87,m2,0,4E8C7D2C-2FC7-4E38-AB39-049E58E9CFCC,KBOB 2022 V4
"11.003 Gummigranulat versiegelt, 7.5 mm",KBOB2022-11.003,,,,MATERIAL_LIST,8.25,38800.0,25400.0,13400.0,2.53,2.39,0.137,113.0,110.0,2.73,26.8,14.9,11.9,m2,0,2F71DB77-CF3D-49DC-8DCA-C25203ED860B,KBOB 2022 V4
"11.004 Gussasphalt, 27.5 mm",KBOB2022-11.004,,,,MATERIAL_LIST,63.3,33700.0,24600.0,9070.0,3.39,3.24,0.152,126.0,120.0,5.4,15.9,14.7,1.22,m2,0,B0C749DA-292B-417D-8E38-65766E052FBC,KBOB 2022 V4
"11.005 Hartbeton einschichtig, 27.5 mm",KBOB2022-11.005,,,,MATERIAL_LIST,57.8,26500.0,24100.0,2460.0,2.26,2.13,0.125,46.6,43.5,3.04,16.4,15.7,0.733,m2,0,FC78B567-FFF2-432F-98A2-07A1420AA8BD,KBOB 2022 V4
"11.006 Hartbeton zweischichtig, 35 mm",KBOB2022-11.006,,,,MATERIAL_LIST,73.5,27200.0,24100.0,3120.0,2.28,2.12,0.159,41.8,37.9,3.87,16.4,15.4,0.932,m2,0,160EF365-BB74-41C8-AF40-5256811D83C3,KBOB 2022 V4
"11.007 Kautschuk, 2 mm",KBOB2022-11.007,,,,MATERIAL_LIST,3.36,24200.0,20400.0,3750.0,9.79,9.72,0.0651,60.8,59.8,0.924,14.1,11.0,3.19,m2,0,63EE2517-0078-4246-B833-08D253528653,KBOB 2022 V4
"11.008 Keramik-/Steinzeugplatte, 9 mm",KBOB2022-11.008,,,,MATERIAL_LIST,18,86800.0,73000.0,13800.0,4.39,3.69,0.7,83.1,66.0,17.0,18.1,14.0,4.11,m2,0,414EEBBE-85C4-4869-A411-29C0097ADA38,KBOB 2022 V4
"11.009 Kork Fertigparkett, 10.5 mm",KBOB2022-11.009,,,,MATERIAL_LIST,7.8,15500.0,13400.0,2130.0,39.1,39.0,0.098,45.2,43.8,1.36,9.06,7.77,1.3,m2,3,09B8473A-DDB4-42D4-977E-C9CA914B54AC,KBOB 2022 V4
"11.010 Kork PVC-beschichtet, 3.2 mm",KBOB2022-11.010,,,,MATERIAL_LIST,2.7,11900.0,7890.0,4060.0,8.35,8.25,0.095,34.7,33.3,1.43,8.28,4.75,3.52,m2,1,BF645614-152F-4820-8AA9-45B474C60CE2,KBOB 2022 V4
"11.011 Korkparkett geölt/versiegelt, 5.3 mm",KBOB2022-11.011,,,,MATERIAL_LIST,2.7,5960.0,3830.0,2130.0,12.3,12.2,0.098,12.1,10.7,1.36,3.26,1.96,1.3,m2,1,32D89BCF-BBDA-4EC1-B2B8-E4EE731B5D82,KBOB 2022 V4
"11.012 Kunststeinplatte zementgebunden, 10 mm",KBOB2022-11.012,,,,MATERIAL_LIST,21.5,25700.0,6100.0,19600.0,1.75,0.749,0.999,30.4,6.04,24.3,10.4,4.51,5.86,m2,0,D6E43E7F-94A3-46BC-8327-A37DC2283E3A,KBOB 2022 V4
"11.013 Laminat, 8.5 mm",KBOB2022-11.013,,,,MATERIAL_LIST,8.5,16600.0,13600.0,2970.0,38.2,38.1,0.106,42.7,41.3,1.45,10.4,8.1,2.3,m2,2,927E7BE7-E17F-4B77-B6A5-F1E755ED4C9D,KBOB 2022 V4
"11.014 Linoleum, 2.5 mm",KBOB2022-11.014,,,,MATERIAL_LIST,2.9,15800.0,15100.0,728.0,19.3,19.2,0.0354,26.3,25.9,0.437,6.36,5.84,0.516,m2,1,219ECD16-D974-452B-9D34-CB93A1C2087D,KBOB 2022 V4
"11.015 Natursteinplatte geschliffen, 15 mm",KBOB2022-11.015,,,,MATERIAL_LIST,40.5,41800.0,40100.0,1720.0,19.3,19.3,0.0875,118.0,116.0,2.13,16.8,16.3,0.514,m2,0,A94BDF7C-82AA-49BB-A7D8-BA6C9DE53D49,KBOB 2022 V4
"11.015.01 Natursteinplatte geschliffen, Europa, 15 mm",KBOB2022-11.015.01,,,,MATERIAL_LIST,40.5,40600.0,38900.0,1720.0,19.4,19.3,0.0875,117.0,115.0,2.13,16.6,16.0,0.514,m2,0.0000,C5248FB7-477A-414E-9767-D520A592AD8F,KBOB 2022 V4
"11.015.02 Natursteinplatte geschliffen, Schweiz, 15 mm",KBOB2022-11.015.02,,,,MATERIAL_LIST,40.5,34700.0,33000.0,1720.0,18.8,18.7,0.0875,104.0,102.0,2.13,13.3,12.8,0.514,m2,0.0000,31E6D875-1CEC-4AB8-BA9F-4515F540EF64,KBOB 2022 V4
"11.015.03 Natursteinplatte geschliffen, Übersee, 15 mm",KBOB2022-11.015.03,,,,MATERIAL_LIST,40.5,44400.0,42700.0,1720.0,19.4,19.4,0.0875,122.0,120.0,2.13,17.9,17.4,0.514,m2,0.0000,8248313F-D90D-4DE8-B4A4-B9DBE3FD1D47,KBOB 2022 V4
"11.016 Natursteinplatte geschnitten, 15 mm",KBOB2022-11.016,,,,MATERIAL_LIST,40.5,31900.0,30200.0,1720.0,13.2,13.1,0.0875,87.6,85.5,2.13,13.4,12.9,0.514,m2,0,09C392C6-F1C7-421F-B4DA-536C97AB36C7,KBOB 2022 V4
"11.017 Natursteinplatte poliert, 15 mm",KBOB2022-11.017,,,,MATERIAL_LIST,40.5,69600.0,67900.0,1720.0,24.7,24.6,0.0875,144.0,142.0,2.13,19.6,19.1,0.514,m2,0,09098784-8F4C-4C60-BD8D-39EB2145D8C4,KBOB 2022 V4
"11.018 Parkett 2-Schicht werkversiegelt, 11 mm",KBOB2022-11.018,,,,MATERIAL_LIST,6.1,16100.0,15600.0,490.0,87.5,87.5,0.0368,42.2,41.7,0.563,7.8,7.46,0.337,m2,3,E7E6539A-A99C-41CA-B367-9F23E95AB60B,KBOB 2022 V4
"11.019 Parkett 3-Schicht werkversiegelt, 15 mm",KBOB2022-11.019,,,,MATERIAL_LIST,7.9,18100.0,17500.0,635.0,145.0,145.0,0.0477,40.3,39.6,0.729,8.09,7.65,0.437,m2,4,3A16EE50-78D2-41C3-B04C-081938045128,KBOB 2022 V4
"11.020 Parkett Mosaik werkversiegelt, 8 mm",KBOB2022-11.020,,,,MATERIAL_LIST,5.6,9010.0,8660.0,352.0,89.9,89.9,0.0336,23.2,22.8,0.497,3.57,3.35,0.218,m2,2,3CBF6DF7-FB0E-43EC-B297-DFBA6B9E4283,KBOB 2022 V4
"11.021 PVC homogen, 2 mm",KBOB2022-11.021,,,,MATERIAL_LIST,3.1,20600.0,13400.0,7140.0,2.22,1.92,0.297,58.2,55.0,3.19,14.4,8.16,6.22,m2,0,07714EA8-1659-4E92-BF5B-CE52120C7B4F,KBOB 2022 V4
"11.022 Steinholz versiegelt, 16.5 mm",KBOB2022-11.022,,,,MATERIAL_LIST,22,16400.0,15400.0,934.0,0.958,0.91,0.0476,25.1,24.0,1.16,12.9,12.7,0.279,m2,0,9C7A2743-77DD-4CE8-B1C7-A412157B907C,KBOB 2022 V4
"11.023 Synthetische thermoplastische Beläge (TPO), 2 mm",KBOB2022-11.023,,,,MATERIAL_LIST,3.4,20000.0,9510.0,10400.0,3.17,3.14,0.0296,43.3,42.6,0.638,16.0,5.87,10.1,m2,0,C8140CBD-C5D3-40B0-9AEF-498C98AD7909,KBOB 2022 V4
11.024 Teppich Kunstfaser getuftet,KBOB2022-11.024,,,,MATERIAL_LIST,2.1,21100.0,14700.0,6470.0,0.584,0.565,0.0183,50.0,49.6,0.394,16.7,10.5,6.25,m2,0,92E45A3D-900C-4492-ADA8-61B2DD0019C8,KBOB 2022 V4
11.025 Teppich Nadelfilz,KBOB2022-11.025,,,,MATERIAL_LIST,1.3,12700.0,8700.0,4010.0,0.595,0.584,0.0113,34.3,34.0,0.244,9.84,5.97,3.87,m2,0,E5FD6450-C5AC-4847-BCCD-D0F029C154E6,KBOB 2022 V4
11.026 Teppich Naturfaser,KBOB2022-11.026,,,,MATERIAL_LIST,2.7,15300.0,13200.0,2070.0,10.9,10.8,0.0236,15.5,15.1,0.414,5.08,3.22,1.85,m2,1,9C22D41F-BB8A-428D-A09A-853D819ABCDF,KBOB 2022 V4
"11.027 Terrazzo versiegelt, 40 mm",KBOB2022-11.027,,,,MATERIAL_LIST,95,28100.0,24100.0,4040.0,4.12,3.92,0.205,40.5,35.5,5.0,17.3,16.1,1.2,m2,0,3C9838E9-2A6B-46EF-B6B7-E310A1B0A6B8,KBOB 2022 V4
"12.005 Aussentüre, Aluminium, Glaseinsatz",KBOB2022-12.005,,,,MATERIAL_LIST,,394000.0,377000.0,17300.0,116.0,116.0,0.479,911.0,906.0,5.34,216.0,201.0,14.8,m2,0,35881663-8dbf-472c-8690-957d157a54a2,KBOB 2022 V4
"12.006 Aussentüre, Aluminium, Paneelfüllung",KBOB2022-12.006,,,,MATERIAL_LIST,,385000.0,374000.0,10500.0,142.0,142.0,0.0258,837.0,836.0,0.792,192.0,182.0,10.0,m2,0,2c4d1c2a-496b-4d2f-8e9f-ce621e4a1afb,KBOB 2022 V4
"12.008 Aussentüre, Holz",KBOB2022-12.008,,,,MATERIAL_LIST,,125000.0,116000.0,9270.0,283.0,283.0,0.136,265.0,260.0,4.17,62.2,54.6,7.64,m2,16,ff27a77b-badc-4527-9373-29f79906804c,KBOB 2022 V4
"12.001 Aussentüre, Holz, aluminiumbeplankt",KBOB2022-12.001,,,,MATERIAL_LIST,,231000.0,222000.0,9270.0,328.0,328.0,0.136,505.0,501.0,4.17,116.0,108.0,7.64,m2,16,4C49FCC1-4EF1-41DC-8754-E19D12D113FA,KBOB 2022 V4
"12.002 Aussentüre, Holz, Glaseinsatz",KBOB2022-12.002,,,,MATERIAL_LIST,,161000.0,148000.0,12100.0,246.0,246.0,0.314,359.0,352.0,6.31,85.7,76.0,9.7,m2,13,1B535A14-092B-4B01-9882-459671D72379,KBOB 2022 V4
"12.007 Innentüre, Aluminium, Glaseinsatz",KBOB2022-12.007,,,,MATERIAL_LIST,,315000.0,305000.0,10500.0,103.0,103.0,0.332,722.0,719.0,3.6,166.0,157.0,8.71,m2,0,70161147-1156-4b2d-b954-d6592929a8ef,KBOB 2022 V4
"12.009 Innentüre, Funktionstüre, Holz, Holzrahmen",KBOB2022-12.009,,,,MATERIAL_LIST,,87800.0,79200.0,8530.0,279.0,279.0,0.177,190.0,185.0,4.87,44.3,37.4,6.86,m2,17,bfa8d003-c41c-4c53-9875-5c924683a1d2,KBOB 2022 V4
"12.012 Innentüre, Funktionstüre, Holz, Stahlzarge",KBOB2022-12.012,,,,MATERIAL_LIST,,181000.0,173000.0,7920.0,231.0,231.0,0.169,357.0,352.0,4.35,96.8,90.3,6.46,m2,14,0be05dde-ba72-4acc-bf8d-278e526584d7,KBOB 2022 V4
"12.004 Innentüre, Zimmertüre, Holz, Glaseinsatz, Holzrahmen",KBOB2022-12.004,,,,MATERIAL_LIST,,109000.0,99800.0,8880.0,200.0,200.0,0.273,255.0,249.0,5.23,59.7,52.8,6.92,m2,11,A1868DC5-9456-4291-865A-499B33A5FCD1,KBOB 2022 V4
"12.011 Innentüre, Zimmertüre, Holz, Glaseinsatz, Stahlzarge",KBOB2022-12.011,,,,MATERIAL_LIST,,202000.0,193000.0,8270.0,152.0,152.0,0.265,421.0,416.0,4.71,112.0,106.0,6.53,m2,7,baf5dab7-6a2d-47f6-a64c-867e2227b969,KBOB 2022 V4
"12.003 Innentüre, Zimmertüre, Holz, Holzrahmen",KBOB2022-12.003,,,,MATERIAL_LIST,,64500.0,57800.0,6700.0,206.0,206.0,0.123,141.0,137.0,3.44,32.3,26.9,5.39,m2,12,767D89CB-9927-4BDD-ACD3-FCC79C32B97E,KBOB 2022 V4
"12.010 Innentüre, Zimmertüre, Holz, Stahlzarge",KBOB2022-12.010,,,,MATERIAL_LIST,,157000.0,151000.0,6090.0,158.0,158.0,0.115,307.0,304.0,2.92,84.8,79.8,5.0,m2,9,0ea0aaec-c7a6-42ab-97cb-d02848277eb6,KBOB 2022 V4
13.001 Acrylnitril-Butadien-Styrol (ABS),KBOB2022-13.001,,,,MATERIAL_LIST,1050,9770.0,6790.0,2980.0,0.429,0.408,0.0208,30.0,29.2,0.739,7.67,4.92,2.75,kg,0,D145CC3E-3828-487D-8C94-C2CDC23BF922,KBOB 2022 V4
13.005 Gusseisen,KBOB2022-13.005,,,,MATERIAL_LIST,7850,5660.0,5650.0,11.1,0.268,0.267,0.000567,5.48,5.45,0.0272,2.09,2.09,0.00693,kg,0,BF5ADE50-BDAD-419B-B7E5-9A3F7F6938A3,KBOB 2022 V4
13.002 Polyethylen (PE),KBOB2022-13.002,,,,MATERIAL_LIST,960,6020.0,3570.0,2450.0,0.537,0.523,0.014,23.2,23.0,0.209,4.75,2.38,2.37,kg,0,0DB3712B-3B7E-44BB-B56C-A49DDED3D465,KBOB 2022 V4
13.003 Polypropylen (PP),KBOB2022-13.003,,,,MATERIAL_LIST,910,6050.0,3600.0,2450.0,0.421,0.407,0.014,22.7,22.5,0.209,4.77,2.4,2.37,kg,0,92B2EFB8-9F95-47EC-963D-114CBE430246,KBOB 2022 V4
13.004 Polyvinylchlorid (PVC),KBOB2022-13.004,,,,MATERIAL_LIST,1390,6240.0,3880.0,2370.0,0.637,0.536,0.101,19.5,18.4,1.1,4.48,2.38,2.1,kg,0,5A6449C2-62A0-4A42-BF6D-F1E33F5F9480,KBOB 2022 V4
"14.002 Anstrich, lösemittelverdünnbar, 2 Anstriche",KBOB2022-14.002,,,,MATERIAL_LIST,0.3,2260.0,2190.0,70.7,0.449,0.449,0.00066,6.57,6.55,0.0167,0.975,0.919,0.0562,m2,0,07DD2F56-133A-4FBF-A39B-1D374248EB2A,KBOB 2022 V4
"14.001 Anstrich, wasserverdünnbar, 2 Anstriche",KBOB2022-14.001,,,,MATERIAL_LIST,0.3,1220.0,1150.0,70.7,0.14,0.14,0.00066,4.17,4.15,0.0167,0.701,0.645,0.0562,m2,0,10ACA0B7-B75D-4F51-A3AB-976B923ACA8A,KBOB 2022 V4
"14.003 Bitumenemulsion, 1 Anstrich",KBOB2022-14.003,,,,MATERIAL_LIST,0.25,428.0,369.0,59.0,0.0167,0.0161,0.00055,1.85,1.84,0.014,0.181,0.134,0.0468,m2,0,1165EF5A-E1A2-4C0D-9307-622DEE107999,KBOB 2022 V4
"14.004 Emaillieren, Metall",KBOB2022-14.004,,,,MATERIAL_LIST,,16400.0,16400.0,0.0,3.98,3.98,0.0,43.4,43.4,0.0,8.11,8.11,0.0,m2,0,F45B12F5-FF80-528A-2C76-A6DABD38F684,KBOB 2022 V4
"14.005 Pulverbeschichten, Aluminium",KBOB2022-14.005,,,,MATERIAL_LIST,,6260.0,6260.0,0.0,0.575,0.575,0.0,16.6,16.6,0.0,3.64,3.64,0.0,m2,0,68569EAE-A2FA-E096-D678-497AB362BCCF,KBOB 2022 V4
"14.006 Pulverbeschichten, Stahl",KBOB2022-14.006,,,,MATERIAL_LIST,,6750.0,6750.0,0.0,0.694,0.694,0.0,21.1,21.1,0.0,4.38,4.38,0.0,m2,0,E9266136-2E91-997B-5E48-CA88AB77279C,KBOB 2022 V4
"14.007 Verchromen, Stahl",KBOB2022-14.007,,,,MATERIAL_LIST,,6320.0,6320.0,0.0,0.855,0.855,0.0,4.45,4.45,0.0,0.609,0.609,0.0,m2,0,3FDD883B-8EDA-4735-987C-5D7CF46F1004,KBOB 2022 V4
"14.008 Verzinken, Stahl",KBOB2022-14.008,,,,MATERIAL_LIST,,29500.0,29500.0,0.0,2.63,2.63,0.0,25.5,25.5,0.0,6.09,6.09,0.0,m2,0,AAF77F9A-FE78-41CD-BAD5-16DAA6238CC2,KBOB 2022 V4
"15.001 Plexiglas (PMMA, Acrylglas)",KBOB2022-15.001,,,,MATERIAL_LIST,1180,14800.0,11700.0,3090.0,0.384,0.371,0.0134,40.2,40.0,0.21,11.6,8.68,2.92,kg,0,78087965-417E-4763-B8B5-4A7910943363,KBOB 2022 V4
15.002 Polyamid (PA) glasfaserverstärkt,KBOB2022-15.002,,,,MATERIAL_LIST,1360,15200.0,12300.0,2910.0,0.979,0.959,0.0193,40.3,39.6,0.687,11.5,8.89,2.62,kg,0,A5671823-5D7E-A4B1-2A9F-C32E6CA3BCB9,KBOB 2022 V4
15.003 Polycarbonat (PC),KBOB2022-15.003,,,,MATERIAL_LIST,1200,15900.0,12800.0,3090.0,0.419,0.405,0.0134,31.8,31.6,0.21,11.4,8.49,2.92,kg,0,464C8985-D30C-40EC-8B26-7E107BCF7F1A,KBOB 2022 V4
15.004 Polyester (UP) glasfaserverstärkt,KBOB2022-15.004,,,,MATERIAL_LIST,1500,13800.0,10700.0,3090.0,1.48,1.46,0.0134,31.3,31.1,0.21,9.84,6.92,2.92,kg,0,993A7227-F17D-4BFA-8B37-C62C13DC42F5,KBOB 2022 V4
15.005 Polystyrol (PS),KBOB2022-15.005,,,,MATERIAL_LIST,1050,8170.0,4880.0,3280.0,0.11,0.0971,0.0132,24.6,24.4,0.208,6.72,3.64,3.08,kg,0,CBDADEEB-3B93-32E4-6504-08EF289B6D9B,KBOB 2022 V4
21.001 Abfalltrennsystem,KBOB2022-21.001,,,,MATERIAL_LIST,,35300.0,26500.0,8760.0,16.8,16.7,0.0519,113.0,112.0,0.873,24.2,16.1,8.13,Stk.,0,3C36CA50-3B4E-44CA-8240-EB4B75A84B68,KBOB 2022 V4
"21.002 Arbeitsplatte Chromstahl, high-end",KBOB2022-21.002,,,,MATERIAL_LIST,,836000.0,836000.0,708.0,450.0,450.0,0.0363,1260.0,1260.0,1.74,332.0,332.0,0.444,m2,0,FC7C4727-B6B9-45A9-9AB9-53EE5C039FB2,KBOB 2022 V4
"21.003 Arbeitsplatte Chromstahl, Standard",KBOB2022-21.003,,,,MATERIAL_LIST,,137000.0,136000.0,1420.0,88.9,88.8,0.0809,224.0,223.0,1.47,56.8,55.7,1.05,m2,5,59550658-97D9-44D0-A19E-69C1434953F0,KBOB 2022 V4
21.004 Arbeitsplatte Kompositwerkstoff (auf Aluminiumhydroxidbasis),KBOB2022-21.004,,,,MATERIAL_LIST,,137000.0,116000.0,20800.0,6.28,6.05,0.232,355.0,350.0,4.49,95.5,76.2,19.2,m2,0,BA8B90B0-9DF2-4B24-9C2E-2771662E958F,KBOB 2022 V4
21.005 Arbeitsplatte kunstharzbeschichtet,KBOB2022-21.005,,,,MATERIAL_LIST,,34200.0,32600.0,1550.0,148.0,148.0,0.0779,102.0,101.0,1.25,20.2,19.0,1.2,m2,12,77DCCEBD-760E-4534-9BF9-975E037EB3A0,KBOB 2022 V4
21.006 Arbeitsplatte Massivholz,KBOB2022-21.006,,,,MATERIAL_LIST,,27400.0,26000.0,1480.0,335.0,335.0,0.141,60.7,58.6,2.09,12.6,11.7,0.915,m2,6,FF8F7027-E9C1-4AD4-9E47-7DDB0F44CCEE,KBOB 2022 V4
21.007 Arbeitsplatte Naturstein,KBOB2022-21.007,,,,MATERIAL_LIST,,158000.0,155000.0,3510.0,71.5,71.3,0.178,356.0,351.0,4.34,41.1,40.0,1.05,m2,0,F6E3D922-9AB9-43AF-8913-DAEEA4FBE722,KBOB 2022 V4
21.008 Dampfabzug,KBOB2022-21.008,,,,MATERIAL_LIST,,356000.0,338000.0,17700.0,69.3,69.2,0.0383,598.0,596.0,1.31,151.0,133.0,17.1,Stk.,0,84ED90B6-CBDF-4F8D-845B-272346268676,KBOB 2022 V4
"21.009 Küche, Massivholz, 16-teilig",KBOB2022-21.009,,,,MATERIAL_LIST,,1000000.0,942000.0,62600.0,5040.0,5040.0,2.44,1980.0,1940.0,38.2,470.0,418.0,51.3,Stk.,160,179EF39A-FF60-4845-9534-8D73EF207C47,KBOB 2022 V4
"21.010 Küche, Metall, 16-teilig",KBOB2022-21.010,,,,MATERIAL_LIST,,6610000.0,6550000.0,54300.0,682.0,682.0,0.258,10300.0,10200.0,5.13,2770.0,2720.0,51.0,Stk.,3,6927B923-0CE9-404D-B3A9-98914ED31E83,KBOB 2022 V4
"21.011 Küche, Spanplatte, 16-teilig",KBOB2022-21.011,,,,MATERIAL_LIST,,1200000.0,1110000.0,91000.0,2530.0,2520.0,3.46,2870.0,2810.0,56.2,632.0,557.0,74.8,Stk.,223,FADC1641-F855-4888-B0BB-42B23153ED97,KBOB 2022 V4
21.012 Spüle Chromstahl,KBOB2022-21.012,,,,MATERIAL_LIST,,110000.0,105000.0,5330.0,40.8,40.8,0.035,213.0,213.0,0.711,48.6,43.6,4.92,Stk.,0,12ADE34B-2318-4E01-89C0-4A690DF416D3,KBOB 2022 V4
21.013 Spüle Kompositwerkstoff (auf Gesteinsmehlbasis),KBOB2022-21.013,,,,MATERIAL_LIST,,46600.0,46000.0,595.0,16.4,16.4,0.0303,144.0,143.0,0.736,30.7,30.5,0.178,Stk.,0,77603615-1C21-4F15-A9A7-3194EA13EEE8,KBOB 2022 V4