Name,ProductKey,Description,Picture,Product sections,Type,SubType,vyzn.catalogue.Density,vyzn.catalogue.ch.KBOB2022.UBPTotal,vyzn.catalogue.ch.KBOB2022.UBPProduction,vyzn.catalogue.ch.KBOB2022.UBPDisposal,vyzn.catalogue.ch.KBOB2022.RenewableEnergyTotal,vyzn.catalogue.ch.KBOB2022.RenewableEnergyProduction,vyzn.catalogue.ch.KBOB2022.RenewableEnergyDisposal,vyzn.catalogue.ch.KBOB2022.GreyEnergyTotal,vyzn.catalogue.ch.KBOB2022.GreyEnergyProduction,vyzn.catalogue.ch.KBOB2022.GreyEnergyDisposal,vyzn.catalogue.ch.KBOB2022.GHGEmissionsTotal,vyzn.catalogue.ch.KBOB2022.GHGEmissionsProduction,vyzn.catalogue.ch.KBOB2022.GHGEmissionsDisposal,vyzn.catalogue.ch.KBOB2022.LCARefUnit,vyzn.catalogue.ch.KBOB2022.LCARefDimension,vyzn.catalogue.ch.KBOB2022.BiogenicCarbon,KBOB REF,vyzn.catalogue.SourceENV,vyzn.catalogue.lifeCycle,categoryPath
61.003 Benzin in Personenwagen (KBOB.2022v5),61.003 Benzin in Personenwagen (KBOB.2022v5),,,,OTHER_RESOURCE,OTHER_RESOURCE_TRANSPORT_FUEL,,477.000000,,,0.024000,,,1.250000,,,0.338000,,,kWh,finalEnergy,,2f501d97-9e8d-4251-ba28-42e1c8aee43e,KBOB 2022 V5,1,Alle > RESSOURCEN > kbob.admin.ch > KBOB / ecobau / IPB 2009/1:2022v5
61.009 Benzin in Scooter (KBOB.2022v5),61.009 Benzin in Scooter (KBOB.2022v5),,,,OTHER_RESOURCE,OTHER_RESOURCE_TRANSPORT_FUEL,,813.000000,,,0.024500,,,1.260000,,,0.396000,,,kWh,finalEnergy,,a24fe3ee-3bcc-49df-b744-ab49b725c085,KBOB 2022 V5,1,Alle > RESSOURCEN > kbob.admin.ch > KBOB / ecobau / IPB 2009/1:2022v5
61.005 Biogas in Personenwagen (KBOB.2022v5),61.005 Biogas in Personenwagen (KBOB.2022v5),,,,OTHER_RESOURCE,OTHER_RESOURCE_TRANSPORT_FUEL,,188.000000,,,0.036800,,,0.320000,,,0.114000,,,kWh,finalEnergy,,7aa3b385-146c-4c8e-862f-40c65a9d819f,KBOB 2022 V5,1,Alle > RESSOURCEN > kbob.admin.ch > KBOB / ecobau / IPB 2009/1:2022v5
61.001 Diesel in Baumaschine (KBOB.2022v5),61.001 Diesel in Baumaschine (KBOB.2022v5),,,,OTHER_RESOURCE,OTHER_RESOURCE_TRANSPORT_FUEL,,513.000000,,,0.006810,,,1.230000,,,0.324000,,,kWh,finalEnergy,,75668959-4010-4847-84d0-c812c912fde5,KBOB 2022 V5,1,Alle > RESSOURCEN > kbob.admin.ch > KBOB / ecobau / IPB 2009/1:2022v5
61.002 Diesel in Lastwagen (KBOB.2022v5),61.002 Diesel in Lastwagen (KBOB.2022v5),,,,OTHER_RESOURCE,OTHER_RESOURCE_TRANSPORT_FUEL,,565.000000,,,0.051100,,,1.190000,,,0.320000,,,kWh,finalEnergy,,1a62ced9-c2c1-4842-9c00-da135c6369f8,KBOB 2022 V5,1,Alle > RESSOURCEN > kbob.admin.ch > KBOB / ecobau / IPB 2009/1:2022v5
61.004 Diesel in Personenwagen (KBOB.2022v5),61.004 Diesel in Personenwagen (KBOB.2022v5),,,,OTHER_RESOURCE,OTHER_RESOURCE_TRANSPORT_FUEL,,487.000000,,,0.005320,,,1.200000,,,0.328000,,,kWh,finalEnergy,,846f23d4-0ae0-44fe-82a4-34ddb2f390ce,KBOB 2022 V5,1,Alle > RESSOURCEN > kbob.admin.ch > KBOB / ecobau / IPB 2009/1:2022v5
61.006 Erdgas in Personenwagen (KBOB.2022v5),61.006 Erdgas in Personenwagen (KBOB.2022v5),,,,OTHER_RESOURCE,OTHER_RESOURCE_TRANSPORT_FUEL,,326.000000,,,0.011300,,,1.120000,,,0.236000,,,kWh,finalEnergy,,906187f7-fe0a-4635-ad9a-93844a480be0,KBOB 2022 V5,1,Alle > RESSOURCEN > kbob.admin.ch > KBOB / ecobau / IPB 2009/1:2022v5
61.007 Kerosin in Flugzeug (KBOB.2022v5),61.007 Kerosin in Flugzeug (KBOB.2022v5),,,,OTHER_RESOURCE,OTHER_RESOURCE_TRANSPORT_FUEL,,775.000000,,,0.005420,,,1.220000,,,0.664000,,,kWh,finalEnergy,,bbac2696-f10c-4fcd-a473-345f95fef0e4,KBOB 2022 V5,1,Alle > RESSOURCEN > kbob.admin.ch > KBOB / ecobau / IPB 2009/1:2022v5
61.008 Strom CH-Verbrauchermix in Personenwagen (KBOB.2022v5),61.008 Strom CH-Verbrauchermix in Personenwagen (KBOB.2022v5),,,,OTHER_RESOURCE,OTHER_RESOURCE_TRANSPORT_FUEL,,630.000000,,,0.569000,,,2.080000,,,0.158000,,,kWh,finalEnergy,,c0a35414-64d8-4f98-9496-6f6048563dbf,KBOB 2022 V5,1,Alle > RESSOURCEN > kbob.admin.ch > KBOB / ecobau / IPB 2009/1:2022v5
61.010 Mix Stromprodukte aus erneuerbaren Energien in Personenwagen (KBOB.2022v5),61.010 Mix Stromprodukte aus erneuerbaren Energien in Personenwagen (KBOB.2022v5),,,,OTHER_RESOURCE,OTHER_RESOURCE_TRANSPORT_FUEL,,197.000000,,,1.160000,,,0.033000,,,0.048100,,,kWh,finalEnergy,,0648099d-a023-44a0-bf23-9a7c41cb7493,KBOB 2022 V5,1,Alle > RESSOURCEN > kbob.admin.ch > KBOB / ecobau / IPB 2009/1:2022v5
"62.001 Aushub maschinell, Durchschnitt (KBOB.2022v5)","62.001 Aushub maschinell, Durchschnitt (KBOB.2022v5)",,,,OTHER_RESOURCE,OTHER_RESOURCE_TRANSPORT_FREIGHT,,691.000000,,,0.018600,,,1.640000,,,0.433000,,,m3,excavationVolume,,192fa484-f768-414f-9c56-b0a733701185,KBOB 2022 V5,1,Alle > RESSOURCEN > kbob.admin.ch > KBOB / ecobau / IPB 2009/1:2022v5
"62.014 Aushub maschinell, mit PF (KBOB.2022v5)","62.014 Aushub maschinell, mit PF (KBOB.2022v5)",,,,OTHER_RESOURCE,OTHER_RESOURCE_TRANSPORT_FREIGHT,,690.000000,,,0.018600,,,1.640000,,,0.433000,,,m3,excavationVolume,,fa78d673-221b-4299-9370-9ea7fc7b7201,KBOB 2022 V5,1,Alle > RESSOURCEN > kbob.admin.ch > KBOB / ecobau / IPB 2009/1:2022v5
"62.015 Aushub maschinell, ohne PF (KBOB.2022v5)","62.015 Aushub maschinell, ohne PF (KBOB.2022v5)",,,,OTHER_RESOURCE,OTHER_RESOURCE_TRANSPORT_FREIGHT,,692.000000,,,0.018400,,,1.590000,,,0.422000,,,m3,excavationVolume,,5b8ad07a-5dfd-4268-9b59-e81727aa9e37,KBOB 2022 V5,1,Alle > RESSOURCEN > kbob.admin.ch > KBOB / ecobau / IPB 2009/1:2022v5
62.002 Binnenschiff (KBOB.2022v5),62.002 Binnenschiff (KBOB.2022v5),,,,OTHER_RESOURCE,OTHER_RESOURCE_TRANSPORT_FREIGHT,,69.700000,,,0.008710,,,0.156000,,,0.039900,,,tkm,haulageCapacity,,9e6a5775-fba3-4a40-92db-c8b26d8ecb66,KBOB 2022 V5,1,Alle > RESSOURCEN > kbob.admin.ch > KBOB / ecobau / IPB 2009/1:2022v5
"62.011 Flugzeug, Durchschnitt (KBOB.2022v5)","62.011 Flugzeug, Durchschnitt (KBOB.2022v5)",,,,OTHER_RESOURCE,OTHER_RESOURCE_TRANSPORT_FREIGHT,,1950.000000,,,0.016800,,,2.880000,,,1.670000,,,tkm,haulageCapacity,,7e0ad8be-a4dd-4748-ba1d-afe835227239,KBOB 2022 V5,1,Alle > RESSOURCEN > kbob.admin.ch > KBOB / ecobau / IPB 2009/1:2022v5
"62.012 Flugzeug, Kurzstrecke (KBOB.2022v5)","62.012 Flugzeug, Kurzstrecke (KBOB.2022v5)",,,,OTHER_RESOURCE,OTHER_RESOURCE_TRANSPORT_FREIGHT,,2600.000000,,,0.048300,,,4.940000,,,2.120000,,,tkm,haulageCapacity,,530ea19b-f85d-40bd-bd24-1befcf388c51,KBOB 2022 V5,1,Alle > RESSOURCEN > kbob.admin.ch > KBOB / ecobau / IPB 2009/1:2022v5
"62.018 Flugzeug, Mittelstrecke (KBOB.2022v5)","62.018 Flugzeug, Mittelstrecke (KBOB.2022v5)",,,,OTHER_RESOURCE,OTHER_RESOURCE_TRANSPORT_FREIGHT,,1880.000000,,,0.019900,,,2.890000,,,1.590000,,,tkm,haulageCapacity,,2b03b3a7-900b-470f-8720-e5574476748d,KBOB 2022 V5,1,Alle > RESSOURCEN > kbob.admin.ch > KBOB / ecobau / IPB 2009/1:2022v5
"62.013 Flugzeug, Langstrecke (KBOB.2022v5)","62.013 Flugzeug, Langstrecke (KBOB.2022v5)",,,,OTHER_RESOURCE,OTHER_RESOURCE_TRANSPORT_FREIGHT,,1930.000000,,,0.015000,,,2.790000,,,1.660000,,,tkm,haulageCapacity,,e8dd7784-f3bc-469c-9bf9-305edf7c35e0,KBOB 2022 V5,1,Alle > RESSOURCEN > kbob.admin.ch > KBOB / ecobau / IPB 2009/1:2022v5
62.003 Güterzug (KBOB.2022v5),62.003 Güterzug (KBOB.2022v5),,,,OTHER_RESOURCE,OTHER_RESOURCE_TRANSPORT_FREIGHT,,31.700000,,,0.046400,,,0.053000,,,0.011900,,,tkm,haulageCapacity,,ce5160e7-2652-4d5c-a7d9-578739702590,KBOB 2022 V5,1,Alle > RESSOURCEN > kbob.admin.ch > KBOB / ecobau / IPB 2009/1:2022v5
62.004 Helikopter (KBOB.2022v5),62.004 Helikopter (KBOB.2022v5),,,,OTHER_RESOURCE,OTHER_RESOURCE_TRANSPORT_FREIGHT,,1010000.000000,,,14.200000,,,2840.000000,,,758.000000,,,h,operatingTime,,98c0ca0e-2b4b-4f1e-927e-45bc97978d14,KBOB 2022 V5,1,Alle > RESSOURCEN > kbob.admin.ch > KBOB / ecobau / IPB 2009/1:2022v5
62.005 Hochseeschiff (KBOB.2022v5),62.005 Hochseeschiff (KBOB.2022v5),,,,OTHER_RESOURCE,OTHER_RESOURCE_TRANSPORT_FREIGHT,,17.300000,,,0.000702,,,0.028800,,,0.007350,,,tkm,haulageCapacity,,8d21ab67-f82e-42ce-ace1-1c9cbef3e174,KBOB 2022 V5,1,Alle > RESSOURCEN > kbob.admin.ch > KBOB / ecobau / IPB 2009/1:2022v5
62.006 Hochseetanker (KBOB.2022v5),62.006 Hochseetanker (KBOB.2022v5),,,,OTHER_RESOURCE,OTHER_RESOURCE_TRANSPORT_FREIGHT,,20.300000,,,0.000438,,,0.024400,,,0.006380,,,tkm,haulageCapacity,,99900926-db70-45a7-9875-973f457cf694,KBOB 2022 V5,1,Alle > RESSOURCEN > kbob.admin.ch > KBOB / ecobau / IPB 2009/1:2022v5
62.007 Kleintransporter (<3.5 t) (KBOB.2022v5),62.007 Kleintransporter (<3.5 t) (KBOB.2022v5),,,,OTHER_RESOURCE,OTHER_RESOURCE_TRANSPORT_FREIGHT,,2880.000000,,,0.317000,,,7.250000,,,1.750000,,,tkm,haulageCapacity,,c08efd88-421b-424e-a7ac-67970cde68a5,KBOB 2022 V5,1,Alle > RESSOURCEN > kbob.admin.ch > KBOB / ecobau / IPB 2009/1:2022v5
"62.016 Lastwagen, Durchschnitt (KBOB.2022v5)","62.016 Lastwagen, Durchschnitt (KBOB.2022v5)",,,,OTHER_RESOURCE,OTHER_RESOURCE_TRANSPORT_FREIGHT,,263.000000,,,0.028500,,,0.601000,,,0.142000,,,tkm,haulageCapacity,,5fa8d2dc-1163-4b0d-914a-9c5964a00a41,KBOB 2022 V5,1,Alle > RESSOURCEN > kbob.admin.ch > KBOB / ecobau / IPB 2009/1:2022v5
62.017 Lastwagen 3.5t-7.5 t (KBOB.2022v5),62.017 Lastwagen 3.5t-7.5 t (KBOB.2022v5),,,,OTHER_RESOURCE,OTHER_RESOURCE_TRANSPORT_FREIGHT,,1060.000000,,,0.128000,,,2.300000,,,0.548000,,,tkm,haulageCapacity,,5d897a96-3867-4796-ba8f-d9778eefe4b0,KBOB 2022 V5,1,Alle > RESSOURCEN > kbob.admin.ch > KBOB / ecobau / IPB 2009/1:2022v5
62.009 Lastwagen 7.5-16 t (KBOB.2022v5),62.009 Lastwagen 7.5-16 t (KBOB.2022v5),,,,OTHER_RESOURCE,OTHER_RESOURCE_TRANSPORT_FREIGHT,,420.000000,,,0.049300,,,0.963000,,,0.230000,,,tkm,haulageCapacity,,45fc03e9-fc3a-42e3-a26f-961cdd508610,KBOB 2022 V5,1,Alle > RESSOURCEN > kbob.admin.ch > KBOB / ecobau / IPB 2009/1:2022v5
62.008 Lastwagen 16-32 t (KBOB.2022v5),62.008 Lastwagen 16-32 t (KBOB.2022v5),,,,OTHER_RESOURCE,OTHER_RESOURCE_TRANSPORT_FREIGHT,,341.000000,,,0.036700,,,0.756000,,,0.181000,,,tkm,haulageCapacity,,03d60ff1-5760-4af4-b41f-dfdfa9e00ebd,KBOB 2022 V5,1,Alle > RESSOURCEN > kbob.admin.ch > KBOB / ecobau / IPB 2009/1:2022v5
62.010 Lastwagen 32-40 t (KBOB.2022v5),62.010 Lastwagen 32-40 t (KBOB.2022v5),,,,OTHER_RESOURCE,OTHER_RESOURCE_TRANSPORT_FREIGHT,,212.000000,,,0.022900,,,0.496000,,,0.117000,,,tkm,haulageCapacity,,81ff247c-a05e-44ff-93b2-6f6f75c880c6,KBOB 2022 V5,1,Alle > RESSOURCEN > kbob.admin.ch > KBOB / ecobau / IPB 2009/1:2022v5
63.003 Autobus (KBOB.2022v5),63.003 Autobus (KBOB.2022v5),,,,OTHER_RESOURCE,OTHER_RESOURCE_TRANSPORT_STAFF,,257.000000,,,0.012200,,,0.626000,,,0.156000,,,pkm,haulageCapacity,,639b80ae-0821-4f4b-8447-820736eefbf3,KBOB 2022 V5,1,Alle > RESSOURCEN > kbob.admin.ch > KBOB / ecobau / IPB 2009/1:2022v5
63.001 Fernreisezug Schweiz (KBOB.2022v5),63.001 Fernreisezug Schweiz (KBOB.2022v5),,,,OTHER_RESOURCE,OTHER_RESOURCE_TRANSPORT_STAFF,,29.100000,,,0.072300,,,0.043100,,,0.006860,,,pkm,haulageCapacity,,936c7fc5-c2f5-47e7-98e0-d63c9dfdad2c,KBOB 2022 V5,1,Alle > RESSOURCEN > kbob.admin.ch > KBOB / ecobau / IPB 2009/1:2022v5
"63.002 Fernreisezug Deutschland, ICE (KBOB.2022v5)","63.002 Fernreisezug Deutschland, ICE (KBOB.2022v5)",,,,OTHER_RESOURCE,OTHER_RESOURCE_TRANSPORT_STAFF,,63.400000,,,0.034400,,,0.124000,,,0.033600,,,pkm,haulageCapacity,,498d46c7-96b6-4eaa-888f-482b78ec8702,KBOB 2022 V5,1,Alle > RESSOURCEN > kbob.admin.ch > KBOB / ecobau / IPB 2009/1:2022v5
"63.004 Flugzeug, Durchschnitt (KBOB.2022v5)","63.004 Flugzeug, Durchschnitt (KBOB.2022v5)",,,,OTHER_RESOURCE,OTHER_RESOURCE_TRANSPORT_STAFF,,332.000000,,,0.003880,,,0.533000,,,0.282000,,,pkm,haulageCapacity,,17337744-89d8-4322-95e5-d3c01644b732,KBOB 2022 V5,1,Alle > RESSOURCEN > kbob.admin.ch > KBOB / ecobau / IPB 2009/1:2022v5
"63.005 Flugzeug, Kurzstrecke (KBOB.2022v5)","63.005 Flugzeug, Kurzstrecke (KBOB.2022v5)",,,,OTHER_RESOURCE,OTHER_RESOURCE_TRANSPORT_STAFF,,426.000000,,,0.007960,,,0.815000,,,0.350000,,,pkm,haulageCapacity,,e4a0cd88-9d2b-42d1-9b6c-3cd45cab602f,KBOB 2022 V5,1,Alle > RESSOURCEN > kbob.admin.ch > KBOB / ecobau / IPB 2009/1:2022v5
"63.020 Flugzeug, Mittelstrecke (KBOB.2022v5)","63.020 Flugzeug, Mittelstrecke (KBOB.2022v5)",,,,OTHER_RESOURCE,OTHER_RESOURCE_TRANSPORT_STAFF,,302.000000,,,0.003220,,,0.468000,,,0.258000,,,pkm,haulageCapacity,,36d56077-a2c6-4262-bc1a-12f639cfbf86,KBOB 2022 V5,1,Alle > RESSOURCEN > kbob.admin.ch > KBOB / ecobau / IPB 2009/1:2022v5
"63.006 Flugzeug, Langstrecke (KBOB.2022v5)","63.006 Flugzeug, Langstrecke (KBOB.2022v5)",,,,OTHER_RESOURCE,OTHER_RESOURCE_TRANSPORT_STAFF,,303.000000,,,0.002380,,,0.442000,,,0.263000,,,pkm,haulageCapacity,,be200c87-697e-4f6d-99f5-442746532418,KBOB 2022 V5,1,Alle > RESSOURCEN > kbob.admin.ch > KBOB / ecobau / IPB 2009/1:2022v5
"63.018 Helikopter, einmotorig (KBOB.2022v5)","63.018 Helikopter, einmotorig (KBOB.2022v5)",,,,OTHER_RESOURCE,OTHER_RESOURCE_TRANSPORT_STAFF,,1270000.000000,,,17.600000,,,3610.000000,,,967.000000,,,h,operatingTime,,cd905854-8cf8-4402-ab44-ec2ddd556191,KBOB 2022 V5,1,Alle > RESSOURCEN > kbob.admin.ch > KBOB / ecobau / IPB 2009/1:2022v5
"63.019 Helikopter, zweimotorig (KBOB.2022v5)","63.019 Helikopter, zweimotorig (KBOB.2022v5)",,,,OTHER_RESOURCE,OTHER_RESOURCE_TRANSPORT_STAFF,,1830000.000000,,,24.900000,,,5180.000000,,,1410.000000,,,h,operatingTime,,574ce30f-1fb8-47d9-b6e5-3baa46a7b04e,KBOB 2022 V5,1,Alle > RESSOURCEN > kbob.admin.ch > KBOB / ecobau / IPB 2009/1:2022v5
"63.007 Personenwagen, Durchschnitt (KBOB.2022v5)","63.007 Personenwagen, Durchschnitt (KBOB.2022v5)",,,,OTHER_RESOURCE,OTHER_RESOURCE_TRANSPORT_STAFF,,348.000000,,,0.046800,,,0.865000,,,0.209000,,,pkm,haulageCapacity,,8ec072ee-ccde-456a-b459-44a9bcef8fda,KBOB 2022 V5,1,Alle > RESSOURCEN > kbob.admin.ch > KBOB / ecobau / IPB 2009/1:2022v5
"63.008 Personenwagen, Benzin (KBOB.2022v5)","63.008 Personenwagen, Benzin (KBOB.2022v5)",,,,OTHER_RESOURCE,OTHER_RESOURCE_TRANSPORT_STAFF,,360.000000,,,0.050000,,,0.915000,,,0.222000,,,pkm,haulageCapacity,,869dd3a6-bab4-4514-b4a0-ed9fa2016c98,KBOB 2022 V5,1,Alle > RESSOURCEN > kbob.admin.ch > KBOB / ecobau / IPB 2009/1:2022v5
"63.014 Personenwagen, Biogas (KBOB.2022v5)","63.014 Personenwagen, Biogas (KBOB.2022v5)",,,,OTHER_RESOURCE,OTHER_RESOURCE_TRANSPORT_STAFF,,190.000000,,,0.051900,,,0.413000,,,0.101000,,,pkm,haulageCapacity,,18ca5284-0e6c-43b2-b7ab-269e77f63e1a,KBOB 2022 V5,1,Alle > RESSOURCEN > kbob.admin.ch > KBOB / ecobau / IPB 2009/1:2022v5
"63.009 Personenwagen, Diesel (KBOB.2022v5)","63.009 Personenwagen, Diesel (KBOB.2022v5)",,,,OTHER_RESOURCE,OTHER_RESOURCE_TRANSPORT_STAFF,,328.000000,,,0.042000,,,0.788000,,,0.190000,,,pkm,haulageCapacity,,9cb98357-d3a0-4e16-94a9-a980715308f4,KBOB 2022 V5,1,Alle > RESSOURCEN > kbob.admin.ch > KBOB / ecobau / IPB 2009/1:2022v5
"63.016 Personenwagen, elektrisch, Strom CH-Verbrauchermix (KBOB.2022v5)","63.016 Personenwagen, elektrisch, Strom CH-Verbrauchermix (KBOB.2022v5)",,,,OTHER_RESOURCE,OTHER_RESOURCE_TRANSPORT_STAFF,,252.000000,,,0.110000,,,0.636000,,,0.090700,,,pkm,haulageCapacity,,67d5599d-922b-4edf-8eb0-47c89d5e6e68,KBOB 2022 V5,1,Alle > RESSOURCEN > kbob.admin.ch > KBOB / ecobau / IPB 2009/1:2022v5
"63.021 Personenwagen, elektrisch, Mix Stromprodukte aus erneuerbaren Energien (KBOB.2022v5)","63.021 Personenwagen, elektrisch, Mix Stromprodukte aus erneuerbaren Energien (KBOB.2022v5)",,,,OTHER_RESOURCE,OTHER_RESOURCE_TRANSPORT_STAFF,,198.000000,,,0.184000,,,0.382000,,,0.077100,,,pkm,haulageCapacity,,19859d9e-a517-424e-bfd6-745d6b25220b,KBOB 2022 V5,1,Alle > RESSOURCEN > kbob.admin.ch > KBOB / ecobau / IPB 2009/1:2022v5
"63.015 Personenwagen, Erdgas (KBOB.2022v5)","63.015 Personenwagen, Erdgas (KBOB.2022v5)",,,,OTHER_RESOURCE,OTHER_RESOURCE_TRANSPORT_STAFF,,262.000000,,,0.036400,,,0.857000,,,0.166000,,,pkm,haulageCapacity,,32de6f5b-c02c-417f-87c4-5ecd27c9d3ba,KBOB 2022 V5,1,Alle > RESSOURCEN > kbob.admin.ch > KBOB / ecobau / IPB 2009/1:2022v5
63.010 Regionalzug (KBOB.2022v5),63.010 Regionalzug (KBOB.2022v5),,,,OTHER_RESOURCE,OTHER_RESOURCE_TRANSPORT_STAFF,,37.600000,,,0.144000,,,0.058400,,,0.008350,,,pkm,haulageCapacity,,4d9335c4-23a4-4480-99f9-5fe46ddc3e2e,KBOB 2022 V5,1,Alle > RESSOURCEN > kbob.admin.ch > KBOB / ecobau / IPB 2009/1:2022v5
63.011 Reisebus (KBOB.2022v5),63.011 Reisebus (KBOB.2022v5),,,,OTHER_RESOURCE,OTHER_RESOURCE_TRANSPORT_STAFF,,106.000000,,,0.006170,,,0.250000,,,0.060800,,,pkm,haulageCapacity,,3d2cb5df-7a84-4d37-83bd-58f2a5e40496,KBOB 2022 V5,1,Alle > RESSOURCEN > kbob.admin.ch > KBOB / ecobau / IPB 2009/1:2022v5
"63.017 Scooter, Benzin (KBOB.2022v5)","63.017 Scooter, Benzin (KBOB.2022v5)",,,,OTHER_RESOURCE,OTHER_RESOURCE_TRANSPORT_STAFF,,255.000000,,,0.010800,,,0.421000,,,0.126000,,,pkm,haulageCapacity,,7821129d-8499-4714-8f26-b0719e441ccf,KBOB 2022 V5,1,Alle > RESSOURCEN > kbob.admin.ch > KBOB / ecobau / IPB 2009/1:2022v5
63.012 Tram (KBOB.2022v5),63.012 Tram (KBOB.2022v5),,,,OTHER_RESOURCE,OTHER_RESOURCE_TRANSPORT_STAFF,,123.000000,,,0.091600,,,0.394000,,,0.042900,,,pkm,haulageCapacity,,3354a876-e67d-4ca1-b01b-538ba00b056e,KBOB 2022 V5,1,Alle > RESSOURCEN > kbob.admin.ch > KBOB / ecobau / IPB 2009/1:2022v5
63.013 Trolleybus (KBOB.2022v5),63.013 Trolleybus (KBOB.2022v5),,,,OTHER_RESOURCE,OTHER_RESOURCE_TRANSPORT_STAFF,,111.000000,,,0.089900,,,0.373000,,,0.029800,,,pkm,haulageCapacity,,fffdbb46-664c-4d3d-b162-b5b17f4c56fa,KBOB 2022 V5,1,Alle > RESSOURCEN > kbob.admin.ch > KBOB / ecobau / IPB 2009/1:2022v5
64.003 Autobus (KBOB.2022v5),64.003 Autobus (KBOB.2022v5),,,,OTHER_RESOURCE,OTHER_RESOURCE_TRANSPORT_PEOPLE,,2620.000000,,,0.125000,,,6.380000,,,1.590000,,,km,mileage,,c9b16d71-7646-49d1-a76a-bffddb54f015,KBOB 2022 V5,1,Alle > RESSOURCEN > kbob.admin.ch > KBOB / ecobau / IPB 2009/1:2022v5
64.001 Fernreisezug Schweiz (KBOB.2022v5),64.001 Fernreisezug Schweiz (KBOB.2022v5),,,,OTHER_RESOURCE,OTHER_RESOURCE_TRANSPORT_PEOPLE,,6020.000000,,,15.000000,,,8.940000,,,1.420000,,,km,mileage,,b98877be-44b0-4c98-b3a7-7c4d64c149df,KBOB 2022 V5,1,Alle > RESSOURCEN > kbob.admin.ch > KBOB / ecobau / IPB 2009/1:2022v5
"64.002 Fernreisezug Deutschland, ICE (KBOB.2022v5)","64.002 Fernreisezug Deutschland, ICE (KBOB.2022v5)",,,,OTHER_RESOURCE,OTHER_RESOURCE_TRANSPORT_PEOPLE,,14900.000000,,,8.100000,,,29.100000,,,7.910000,,,km,mileage,,4f434c3e-0a1f-473e-b630-aec87735a841,KBOB 2022 V5,1,Alle > RESSOURCEN > kbob.admin.ch > KBOB / ecobau / IPB 2009/1:2022v5
"64.004 Flugzeug, Durchschnitt (KBOB.2022v5)","64.004 Flugzeug, Durchschnitt (KBOB.2022v5)",,,,OTHER_RESOURCE,OTHER_RESOURCE_TRANSPORT_PEOPLE,,68300.000000,,,0.799000,,,110.000000,,,58.200000,,,km,mileage,,cdd00836-a3cf-4544-af00-c1d686b823f9,KBOB 2022 V5,1,Alle > RESSOURCEN > kbob.admin.ch > KBOB / ecobau / IPB 2009/1:2022v5
"64.005 Flugzeug, Kurzstrecke (KBOB.2022v5)","64.005 Flugzeug, Kurzstrecke (KBOB.2022v5)",,,,OTHER_RESOURCE,OTHER_RESOURCE_TRANSPORT_PEOPLE,,53700.000000,,,1.000000,,,103.000000,,,44.100000,,,km,mileage,,05c80ab2-fcb7-48e4-90b6-ffed90ea9544,KBOB 2022 V5,1,Alle > RESSOURCEN > kbob.admin.ch > KBOB / ecobau / IPB 2009/1:2022v5
"64.020 Flugzeug, Mittelstrecke (KBOB.2022v5)","64.020 Flugzeug, Mittelstrecke (KBOB.2022v5)",,,,OTHER_RESOURCE,OTHER_RESOURCE_TRANSPORT_PEOPLE,,39800.000000,,,0.425000,,,61.800000,,,34.100000,,,km,mileage,,40142491-1abe-4ed0-a06c-7ea0281320df,KBOB 2022 V5,1,Alle > RESSOURCEN > kbob.admin.ch > KBOB / ecobau / IPB 2009/1:2022v5
"64.006 Flugzeug, Langstrecke (KBOB.2022v5)","64.006 Flugzeug, Langstrecke (KBOB.2022v5)",,,,OTHER_RESOURCE,OTHER_RESOURCE_TRANSPORT_PEOPLE,,76000.000000,,,0.598000,,,111.000000,,,65.900000,,,km,mileage,,b443c65e-52c0-4483-8f00-a589e713d9b2,KBOB 2022 V5,1,Alle > RESSOURCEN > kbob.admin.ch > KBOB / ecobau / IPB 2009/1:2022v5
"64.018 Helikopter, einmotorig (KBOB.2022v5)","64.018 Helikopter, einmotorig (KBOB.2022v5)",,,,OTHER_RESOURCE,OTHER_RESOURCE_TRANSPORT_PEOPLE,,1270000.000000,,,17.600000,,,3610.000000,,,967.000000,,,h,operatingTime,,04e3dafe-9a28-42cf-af8e-85174df74a5f,KBOB 2022 V5,1,Alle > RESSOURCEN > kbob.admin.ch > KBOB / ecobau / IPB 2009/1:2022v5
"64.019 Helikopter, zweimotorig (KBOB.2022v5)","64.019 Helikopter, zweimotorig (KBOB.2022v5)",,,,OTHER_RESOURCE,OTHER_RESOURCE_TRANSPORT_PEOPLE,,1830000.000000,,,24.900000,,,5180.000000,,,1410.000000,,,h,operatingTime,,a4c4a7c7-edba-47b4-81e8-de2fd4b23ada,KBOB 2022 V5,1,Alle > RESSOURCEN > kbob.admin.ch > KBOB / ecobau / IPB 2009/1:2022v5
"64.007 Personenwagen, Durchschnitt (KBOB.2022v5)","64.007 Personenwagen, Durchschnitt (KBOB.2022v5)",,,,OTHER_RESOURCE,OTHER_RESOURCE_TRANSPORT_PEOPLE,,556.000000,,,0.074900,,,1.380000,,,0.335000,,,km,mileage,,5efca70b-ee7e-4395-a795-4866ae9ade23,KBOB 2022 V5,1,Alle > RESSOURCEN > kbob.admin.ch > KBOB / ecobau / IPB 2009/1:2022v5
"64.008 Personenwagen, Benzin (KBOB.2022v5)","64.008 Personenwagen, Benzin (KBOB.2022v5)",,,,OTHER_RESOURCE,OTHER_RESOURCE_TRANSPORT_PEOPLE,,576.000000,,,0.080000,,,1.460000,,,0.356000,,,km,mileage,,e6ec944d-439d-4388-b161-f4837b964320,KBOB 2022 V5,1,Alle > RESSOURCEN > kbob.admin.ch > KBOB / ecobau / IPB 2009/1:2022v5
"64.014 Personenwagen, Biogas (KBOB.2022v5)","64.014 Personenwagen, Biogas (KBOB.2022v5)",,,,OTHER_RESOURCE,OTHER_RESOURCE_TRANSPORT_PEOPLE,,304.000000,,,0.083000,,,0.661000,,,0.161000,,,km,mileage,,212f2861-b439-41a0-95e2-f95ea533e23b,KBOB 2022 V5,1,Alle > RESSOURCEN > kbob.admin.ch > KBOB / ecobau / IPB 2009/1:2022v5
"64.009 Personenwagen, Diesel (KBOB.2022v5)","64.009 Personenwagen, Diesel (KBOB.2022v5)",,,,OTHER_RESOURCE,OTHER_RESOURCE_TRANSPORT_PEOPLE,,525.000000,,,0.067200,,,1.260000,,,0.303000,,,km,mileage,,450cb3ca-72ff-4a3d-a998-ab18f7f9de06,KBOB 2022 V5,1,Alle > RESSOURCEN > kbob.admin.ch > KBOB / ecobau / IPB 2009/1:2022v5
"64.016 Personenwagen, elektrisch, Strom CH-Verbrauchermix (KBOB.2022v5)","64.016 Personenwagen, elektrisch, Strom CH-Verbrauchermix (KBOB.2022v5)",,,,OTHER_RESOURCE,OTHER_RESOURCE_TRANSPORT_PEOPLE,,403.000000,,,0.176000,,,1.020000,,,0.145000,,,km,mileage,,cdb7efe1-eca4-4e0a-9fc2-4ba23c7df0df,KBOB 2022 V5,1,Alle > RESSOURCEN > kbob.admin.ch > KBOB / ecobau / IPB 2009/1:2022v5
"64.021 Personenwagen, elektrisch, Mix Stromprodukte aus erneuerbaren Energien (KBOB.2022v5)","64.021 Personenwagen, elektrisch, Mix Stromprodukte aus erneuerbaren Energien (KBOB.2022v5)",,,,OTHER_RESOURCE,OTHER_RESOURCE_TRANSPORT_PEOPLE,,317.000000,,,0.294000,,,0.611000,,,0.123000,,,km,mileage,,8c876651-0dc1-418d-8122-1fe556d6de2c,KBOB 2022 V5,1,Alle > RESSOURCEN > kbob.admin.ch > KBOB / ecobau / IPB 2009/1:2022v5
"64.015 Personenwagen, Erdgas (KBOB.2022v5)","64.015 Personenwagen, Erdgas (KBOB.2022v5)",,,,OTHER_RESOURCE,OTHER_RESOURCE_TRANSPORT_PEOPLE,,419.000000,,,0.058200,,,1.370000,,,0.266000,,,km,mileage,,31e905ea-d939-4025-b658-fcb95cf5100c,KBOB 2022 V5,1,Alle > RESSOURCEN > kbob.admin.ch > KBOB / ecobau / IPB 2009/1:2022v5
64.010 Regionalzug (KBOB.2022v5),64.010 Regionalzug (KBOB.2022v5),,,,OTHER_RESOURCE,OTHER_RESOURCE_TRANSPORT_PEOPLE,,2450.000000,,,9.380000,,,3.800000,,,0.544000,,,km,mileage,,1b7e2339-c3e5-474f-b05f-e83111ec4d4c,KBOB 2022 V5,1,Alle > RESSOURCEN > kbob.admin.ch > KBOB / ecobau / IPB 2009/1:2022v5
64.011 Reisebus (KBOB.2022v5),64.011 Reisebus (KBOB.2022v5),,,,OTHER_RESOURCE,OTHER_RESOURCE_TRANSPORT_PEOPLE,,2230.000000,,,0.130000,,,5.240000,,,1.280000,,,km,mileage,,e538f236-bcbe-4fc4-a7ff-5997d784d387,KBOB 2022 V5,1,Alle > RESSOURCEN > kbob.admin.ch > KBOB / ecobau / IPB 2009/1:2022v5
"64.017 Scooter, Benzin (KBOB.2022v5)","64.017 Scooter, Benzin (KBOB.2022v5)",,,,OTHER_RESOURCE,OTHER_RESOURCE_TRANSPORT_PEOPLE,,281.000000,,,0.011800,,,0.463000,,,0.139000,,,km,mileage,,51079ea1-4dfc-4405-aff5-f104b7390cf0,KBOB 2022 V5,1,Alle > RESSOURCEN > kbob.admin.ch > KBOB / ecobau / IPB 2009/1:2022v5
64.012 Tram (KBOB.2022v5),64.012 Tram (KBOB.2022v5),,,,OTHER_RESOURCE,OTHER_RESOURCE_TRANSPORT_PEOPLE,,4140.000000,,,3.080000,,,13.300000,,,1.440000,,,km,mileage,,9d0a23d2-9366-4c44-9db2-4a21a6aae5e8,KBOB 2022 V5,1,Alle > RESSOURCEN > kbob.admin.ch > KBOB / ecobau / IPB 2009/1:2022v5
64.013 Trolleybus (KBOB.2022v5),64.013 Trolleybus (KBOB.2022v5),,,,OTHER_RESOURCE,OTHER_RESOURCE_TRANSPORT_PEOPLE,,2110.000000,,,1.710000,,,7.090000,,,0.566000,,,km,mileage,,a45a9c9c-a8ae-470c-a9c1-47ad619227c7,KBOB 2022 V5,1,Alle > RESSOURCEN > kbob.admin.ch > KBOB / ecobau / IPB 2009/1:2022v5