Name,ProductKey,Description,Picture,Product sections,Type,SubType,vyzn.catalogue.ch.minergie.eco.MepClassification,vyzn.catalogue.Density,vyzn.catalogue.ch.KBOB2022.UBPTotal,vyzn.catalogue.ch.KBOB2022.UBPProduction,vyzn.catalogue.ch.KBOB2022.UBPDisposal,vyzn.catalogue.ch.KBOB2022.RenewableEnergyTotal,vyzn.catalogue.ch.KBOB2022.RenewableEnergyProduction,vyzn.catalogue.ch.KBOB2022.RenewableEnergyDisposal,vyzn.catalogue.ch.KBOB2022.GreyEnergyTotal,vyzn.catalogue.ch.KBOB2022.GreyEnergyProduction,vyzn.catalogue.ch.KBOB2022.GreyEnergyDisposal,vyzn.catalogue.ch.KBOB2022.GHGEmissionsTotal,vyzn.catalogue.ch.KBOB2022.GHGEmissionsProduction,vyzn.catalogue.ch.KBOB2022.GHGEmissionsDisposal,vyzn.catalogue.ch.KBOB2022.LCARefUnit,vyzn.catalogue.ch.KBOB2022.LCARefDimension,vyzn.catalogue.ch.KBOB2022.BiogenicCarbon,KBOB REF,vyzn.catalogue.SourceENV,categoryPath,vyzn.catalogue.lifeCycle
"31.001 Wärmeerzeuger, spez. Leistungsbedarf 10 W/m2 (KBOB.2022v5)","31.001 Wärmeerzeuger, spez. Leistungsbedarf 10 W/m2 (KBOB.2022v5)",,,,BUILDING_TECHNOLOGY,BUILDING_TECHNOLOGY_HEATING,heatGeneration,,1810.000000,1770.000000,36.500000,0.301000,0.301000,0.000302,3.170000,3.160000,0.006930,0.858000,0.849000,0.009610,m2,energyReferenceArea,0,645b97bd-1df3-4009-b1e2-cf2361027d28,KBOB 2022 V5,Alle > GEBÄUDETECHNIK > kbob.admin.ch > KBOB / ecobau / IPB 2009/1:2022v5,20
"31.002 Wärmeerzeuger, spez. Leistungsbedarf 30 W/m2 (KBOB.2022v5)","31.002 Wärmeerzeuger, spez. Leistungsbedarf 30 W/m2 (KBOB.2022v5)",,,,BUILDING_TECHNOLOGY,BUILDING_TECHNOLOGY_HEATING,heatGeneration,,5420.000000,5310.000000,110.000000,0.903000,0.902000,0.000907,9.500000,9.480000,0.020800,2.580000,2.550000,0.028800,m2,energyReferenceArea,0,99bbe55d-26c7-43c1-9cb7-bb22acaba046,KBOB 2022 V5,Alle > GEBÄUDETECHNIK > kbob.admin.ch > KBOB / ecobau / IPB 2009/1:2022v5,20
"31.003 Wärmeerzeuger, spez. Leistungsbedarf 50 W/m2 (KBOB.2022v5)","31.003 Wärmeerzeuger, spez. Leistungsbedarf 50 W/m2 (KBOB.2022v5)",,,,BUILDING_TECHNOLOGY,BUILDING_TECHNOLOGY_HEATING,heatGeneration,,9030.000000,8850.000000,183.000000,1.500000,1.500000,0.001510,15.800000,15.800000,0.034600,4.290000,4.240000,0.048000,m2,energyReferenceArea,0,c9919efb-4f2c-4bd6-9cd0-60b9a23fa0d3,KBOB 2022 V5,Alle > GEBÄUDETECHNIK > kbob.admin.ch > KBOB / ecobau / IPB 2009/1:2022v5,20
31.027 Elektrospeicherofen 5kW (KBOB.2022v5),31.027 Elektrospeicherofen 5kW (KBOB.2022v5),,,,BUILDING_TECHNOLOGY,BUILDING_TECHNOLOGY_HEATING,heatGeneration,,7070.000000,6720.000000,348.000000,0.991000,0.972000,0.018700,10.600000,10.500000,0.190000,2.880000,2.580000,0.296000,kg,mass,0,f53af324-0889-4d90-b66c-f0a0ae9c3efc,KBOB 2022 V5,Alle > GEBÄUDETECHNIK > kbob.admin.ch > KBOB / ecobau / IPB 2009/1:2022v5,20
31.021 Wärmeverteilung Wohngebäude (KBOB.2022v5),31.021 Wärmeverteilung Wohngebäude (KBOB.2022v5),,,,BUILDING_TECHNOLOGY,BUILDING_TECHNOLOGY_HEATING,heatDistribution,,7040.000000,5630.000000,1410.000000,1.560000,1.190000,0.369000,13.200000,11.100000,2.140000,3.460000,2.770000,0.695000,m2,energyReferenceArea,0,a40edcbc-cd81-4bf2-963b-cb545d6e3b02,KBOB 2022 V5,Alle > GEBÄUDETECHNIK > kbob.admin.ch > KBOB / ecobau / IPB 2009/1:2022v5,30
31.022 Wärmeverteilung Bürogebäude (KBOB.2022v5),31.022 Wärmeverteilung Bürogebäude (KBOB.2022v5),,,,BUILDING_TECHNOLOGY,BUILDING_TECHNOLOGY_HEATING,heatDistribution,,18100.000000,16100.000000,2020.000000,2.820000,2.380000,0.433000,29.900000,27.300000,2.570000,9.150000,8.060000,1.080000,m2,energyReferenceArea,0,6249860e-f4cf-40fb-8244-be22d92e78e5,KBOB 2022 V5,Alle > GEBÄUDETECHNIK > kbob.admin.ch > KBOB / ecobau / IPB 2009/1:2022v5,30
31.023 Wärmeabgabe über Heizkörper (KBOB.2022v5),31.023 Wärmeabgabe über Heizkörper (KBOB.2022v5),,,,BUILDING_TECHNOLOGY,BUILDING_TECHNOLOGY_HEATING,heatEmission,,12800.000000,12100.000000,700.000000,1.710000,1.710000,0.002710,21.100000,21.000000,0.027100,6.510000,6.480000,0.022000,m2,energyReferenceArea,0,068e9380-2088-4f04-8385-ce410ead6121,KBOB 2022 V5,Alle > GEBÄUDETECHNIK > kbob.admin.ch > KBOB / ecobau / IPB 2009/1:2022v5,30
31.024 Wärmeabgabe über Fussbodenheizung (KBOB.2022v5),31.024 Wärmeabgabe über Fussbodenheizung (KBOB.2022v5),,,,BUILDING_TECHNOLOGY,BUILDING_TECHNOLOGY_HEATING,heatEmission,,7380.000000,5300.000000,2090.000000,1.450000,1.450000,0.002150,21.800000,21.800000,0.086000,5.050000,3.020000,2.040000,m2,energyReferenceArea,0,a9814d97-ccf9-4349-934d-b70b67622da2,KBOB 2022 V5,Alle > GEBÄUDETECHNIK > kbob.admin.ch > KBOB / ecobau / IPB 2009/1:2022v5,30
31.025 Wärmeabgabe über Heizkühldecke (ohne Gips- oder Metalldecke) (KBOB.2022v5),31.025 Wärmeabgabe über Heizkühldecke (ohne Gips- oder Metalldecke) (KBOB.2022v5),,,,BUILDING_TECHNOLOGY,BUILDING_TECHNOLOGY_HEATING,heatEmission,,24300.000000,24200.000000,141.000000,4.430000,4.420000,0.002310,25.000000,24.900000,0.026300,5.780000,5.650000,0.134000,m2,energyReferenceArea,0,de698b1d-fa42-456f-8f8e-a33cdf6ab46b,KBOB 2022 V5,Alle > GEBÄUDETECHNIK > kbob.admin.ch > KBOB / ecobau / IPB 2009/1:2022v5,30
"31.015 Wärmeverteilung und Abgabe, Luftheizung (KBOB.2022v5)","31.015 Wärmeverteilung und Abgabe, Luftheizung (KBOB.2022v5)",,,,BUILDING_TECHNOLOGY,BUILDING_TECHNOLOGY_HEATING,heatDistribution,,3870.000000,3260.000000,613.000000,0.433000,0.433000,0.000104,7.110000,7.110000,0.003590,1.830000,1.760000,0.066800,m2,energyReferenceArea,0,1a8f4741-4ce9-4bbf-9f2e-c9c6796fbd61,KBOB 2022 V5,Alle > GEBÄUDETECHNIK > kbob.admin.ch > KBOB / ecobau / IPB 2009/1:2022v5,30
"31.016 Erdsonden, für Sole-Wasser-Wärmepumpe (KBOB.2022v5)","31.016 Erdsonden, für Sole-Wasser-Wärmepumpe (KBOB.2022v5)",,,,BUILDING_TECHNOLOGY,BUILDING_TECHNOLOGY_HEATING,heatGeneration,,46100.000000,40900.000000,5220.000000,2.340000,2.060000,0.284000,102.000000,101.000000,1.290000,23.200000,20.700000,2.560000,m,probeLength,0,55af576a-3041-4ea1-9c78-bef7123063ef,KBOB 2022 V5,Alle > GEBÄUDETECHNIK > kbob.admin.ch > KBOB / ecobau / IPB 2009/1:2022v5,40
31.026 Förder- und Schluckbrunnen für Grundwasser Wärmepumpe (KBOB.2022v5),31.026 Förder- und Schluckbrunnen für Grundwasser Wärmepumpe (KBOB.2022v5),,,,BUILDING_TECHNOLOGY,BUILDING_TECHNOLOGY_HEATING,heatGeneration,,947000.000000,840000.000000,107000.000000,48.500000,44.300000,4.170000,1780.000000,1740.000000,44.800000,661.000000,566.000000,95.700000,Stk.,device,0,a5710d9b-04fc-40d5-9192-d885da64143b,KBOB 2022 V5,Alle > GEBÄUDETECHNIK > kbob.admin.ch > KBOB / ecobau / IPB 2009/1:2022v5,20
31.017 Sole-Wasser Wärmepumpe 7 kW (KBOB.2022v5),31.017 Sole-Wasser Wärmepumpe 7 kW (KBOB.2022v5),,,,BUILDING_TECHNOLOGY,BUILDING_TECHNOLOGY_HEATING,heatGeneration,,4690000.000000,4200000.000000,486000.000000,502.000000,498.000000,3.160000,4460.000000,4430.000000,35.000000,2400.000000,1930.000000,473.000000,Stk.,device,0,22e2235a-a83c-45f6-9427-f94b4f974e5e,KBOB 2022 V5,Alle > GEBÄUDETECHNIK > kbob.admin.ch > KBOB / ecobau / IPB 2009/1:2022v5,20
31.018 Sole-Wasser Wärmepumpe 7 kW (KBOB.2022v5),31.018 Sole-Wasser Wärmepumpe 7 kW (KBOB.2022v5),,,,BUILDING_TECHNOLOGY,BUILDING_TECHNOLOGY_HEATING,heatGeneration,,29700.000000,26600.000000,3080.000000,3.170000,3.150000,0.020000,28.200000,28.000000,0.221000,15.200000,12.200000,2.990000,kg,mass,0,e20c6a33-83fc-4eac-b584-c72158f02235,KBOB 2022 V5,Alle > GEBÄUDETECHNIK > kbob.admin.ch > KBOB / ecobau / IPB 2009/1:2022v5,20
31.019 Luft-Wasser Wärmepumpe 7 kW (KBOB.2022v5),31.019 Luft-Wasser Wärmepumpe 7 kW (KBOB.2022v5),,,,BUILDING_TECHNOLOGY,BUILDING_TECHNOLOGY_HEATING,heatGeneration,,7440000.000000,6600000.000000,845000.000000,1030.000000,1020.000000,5.140000,7130.000000,7070.000000,57.200000,4000.000000,3180.000000,824.000000,Stk.,device,0,3c2731f6-9027-4651-8c00-dda182d954dc,KBOB 2022 V5,Alle > GEBÄUDETECHNIK > kbob.admin.ch > KBOB / ecobau / IPB 2009/1:2022v5,20
31.020 Luft-Wasser Wärmepumpe 7 kW (KBOB.2022v5),31.020 Luft-Wasser Wärmepumpe 7 kW (KBOB.2022v5),,,,BUILDING_TECHNOLOGY,BUILDING_TECHNOLOGY_HEATING,heatGeneration,,29100.000000,25800.000000,3300.000000,4.010000,3.990000,0.020100,27.800000,27.600000,0.224000,15.600000,12.400000,3.220000,kg,mass,0,b19278f1-e280-43e7-b95e-387e5b300fa1,KBOB 2022 V5,Alle > GEBÄUDETECHNIK > kbob.admin.ch > KBOB / ecobau / IPB 2009/1:2022v5,20
31.007 Flachkollektor für Warmwasser EFH (KBOB.2022v5),31.007 Flachkollektor für Warmwasser EFH (KBOB.2022v5),,,,BUILDING_TECHNOLOGY,BUILDING_TECHNOLOGY_HEATING,heatGeneration,,687000.000000,687000.000000,,148.000000,148.000000,,1070.000000,1070.000000,,289.000000,289.000000,,m2,collectorArea,0,a2577f20-910e-4ab9-b25c-28b17d727db4,KBOB 2022 V5,Alle > GEBÄUDETECHNIK > kbob.admin.ch > KBOB / ecobau / IPB 2009/1:2022v5,30
31.008 Flachkollektor für Raumheizung und Warmwasser EFH (KBOB.2022v5),31.008 Flachkollektor für Raumheizung und Warmwasser EFH (KBOB.2022v5),,,,BUILDING_TECHNOLOGY,BUILDING_TECHNOLOGY_HEATING,heatGeneration,,483000.000000,483000.000000,,106.000000,106.000000,,782.000000,782.000000,,204.000000,204.000000,,m2,collectorArea,0,91edaf83-571f-4b81-af85-c44fa3577859,KBOB 2022 V5,Alle > GEBÄUDETECHNIK > kbob.admin.ch > KBOB / ecobau / IPB 2009/1:2022v5,30
31.009 Flachkollektor für Warmwasser MFH (KBOB.2022v5),31.009 Flachkollektor für Warmwasser MFH (KBOB.2022v5),,,,BUILDING_TECHNOLOGY,BUILDING_TECHNOLOGY_HEATING,heatGeneration,,411000.000000,411000.000000,,82.400000,82.400000,,667.000000,667.000000,,168.000000,168.000000,,m2,collectorArea,0,e9ef231c-e33b-455d-962d-5f1b4d598988,KBOB 2022 V5,Alle > GEBÄUDETECHNIK > kbob.admin.ch > KBOB / ecobau / IPB 2009/1:2022v5,30
31.010 Röhrenkollektor für Raumheizung und Warmwasser EFH (KBOB.2022v5),31.010 Röhrenkollektor für Raumheizung und Warmwasser EFH (KBOB.2022v5),,,,BUILDING_TECHNOLOGY,BUILDING_TECHNOLOGY_HEATING,heatGeneration,,493000.000000,493000.000000,,104.000000,104.000000,,884.000000,884.000000,,230.000000,230.000000,,m2,collectorArea,0,514cd372-7b41-418d-962a-601f600e785a,KBOB 2022 V5,Alle > GEBÄUDETECHNIK > kbob.admin.ch > KBOB / ecobau / IPB 2009/1:2022v5,30
31.028 Hybridkollektor Schrägdach mit Erdsondenregeneration (KBOB.2022v5),31.028 Hybridkollektor Schrägdach mit Erdsondenregeneration (KBOB.2022v5),,,,BUILDING_TECHNOLOGY,BUILDING_TECHNOLOGY_HEATING,heatGeneration,,715000.000000,715000.000000,,153.000000,153.000000,,1300.000000,1300.000000,,343.000000,343.000000,,m2,collectorArea,0,c76bc41b-0c38-4c87-9763-094c24492e42,KBOB 2022 V5,Alle > GEBÄUDETECHNIK > kbob.admin.ch > KBOB / ecobau / IPB 2009/1:2022v5,30
31.029 Hybridkollektor Schrägdach mit Warmwasserspeicher (KBOB.2022v5),31.029 Hybridkollektor Schrägdach mit Warmwasserspeicher (KBOB.2022v5),,,,BUILDING_TECHNOLOGY,BUILDING_TECHNOLOGY_HEATING,heatGeneration,,769000.000000,769000.000000,,169.000000,169.000000,,1380.000000,1380.000000,,369.000000,369.000000,,m2,collectorArea,0,ae61f436-618d-45ed-b2a3-2b09b2e8c35d,KBOB 2022 V5,Alle > GEBÄUDETECHNIK > kbob.admin.ch > KBOB / ecobau / IPB 2009/1:2022v5,30
"32.011 Lüftungsanlage, spez. Luftmenge 1 m3/hm2 EBF (KBOB.2022v5)","32.011 Lüftungsanlage, spez. Luftmenge 1 m3/hm2 EBF (KBOB.2022v5)",,,,BUILDING_TECHNOLOGY,BUILDING_TECHNOLOGY_VENTILATION,ventilation,,34200.000000,33600.000000,591.000000,4.520000,4.510000,0.009720,50.500000,50.300000,0.144000,15.000000,14.600000,0.338000,m2,energyReferenceArea,0,e4fe6828-ae2f-4171-8797-1c452a44e9cb,KBOB 2022 V5,Alle > GEBÄUDETECHNIK > kbob.admin.ch > KBOB / ecobau / IPB 2009/1:2022v5,30
"32.005 Lüftungsanlage, spez. Luftmenge 2 m3/hm2 EBF (KBOB.2022v5)","32.005 Lüftungsanlage, spez. Luftmenge 2 m3/hm2 EBF (KBOB.2022v5)",,,,BUILDING_TECHNOLOGY,BUILDING_TECHNOLOGY_VENTILATION,ventilation,,46100.000000,45300.000000,828.000000,6.080000,6.070000,0.013200,68.200000,68.000000,0.198000,20.200000,19.700000,0.475000,m2,energyReferenceArea,0,395dfa3e-b1b6-4023-9bf2-89f71c34ba55,KBOB 2022 V5,Alle > GEBÄUDETECHNIK > kbob.admin.ch > KBOB / ecobau / IPB 2009/1:2022v5,30
"32.006 Lüftungsanlage, spez. Luftmenge 4 m3/hm2 EBF (KBOB.2022v5)","32.006 Lüftungsanlage, spez. Luftmenge 4 m3/hm2 EBF (KBOB.2022v5)",,,,BUILDING_TECHNOLOGY,BUILDING_TECHNOLOGY_VENTILATION,ventilation,,69900.000000,68600.000000,1300.000000,9.190000,9.170000,0.020200,104.000000,103.000000,0.306000,30.600000,29.800000,0.748000,m2,energyReferenceArea,0,5ecd5719-455c-4f94-a425-6d53871c374e,KBOB 2022 V5,Alle > GEBÄUDETECHNIK > kbob.admin.ch > KBOB / ecobau / IPB 2009/1:2022v5,30
"32.007 Lüftungsanlage, spez. Luftmenge 6 m3/hm2 EBF (KBOB.2022v5)","32.007 Lüftungsanlage, spez. Luftmenge 6 m3/hm2 EBF (KBOB.2022v5)",,,,BUILDING_TECHNOLOGY,BUILDING_TECHNOLOGY_VENTILATION,ventilation,,93700.000000,91900.000000,1770.000000,12.300000,12.300000,0.027200,139.000000,139.000000,0.414000,41.000000,40.000000,1.020000,m2,energyReferenceArea,0,03b18a1a-ea2f-4893-91d7-232d6c0dbe5e,KBOB 2022 V5,Alle > GEBÄUDETECHNIK > kbob.admin.ch > KBOB / ecobau / IPB 2009/1:2022v5,30
"32.012 Lüftungsanlage, spez. Luftmenge 8 m3/hm2 EBF (KBOB.2022v5)","32.012 Lüftungsanlage, spez. Luftmenge 8 m3/hm2 EBF (KBOB.2022v5)",,,,BUILDING_TECHNOLOGY,BUILDING_TECHNOLOGY_VENTILATION,ventilation,,117000.000000,115000.000000,2250.000000,15.400000,15.400000,0.034200,174.000000,174.000000,0.522000,51.400000,50.100000,1.290000,m2,energyReferenceArea,0,42e1c28c-95a8-43ee-ae9a-0bf1175d7980,KBOB 2022 V5,Alle > GEBÄUDETECHNIK > kbob.admin.ch > KBOB / ecobau / IPB 2009/1:2022v5,30
"32.001 Lüftungsanlage Wohnen, Blechkanäle, inkl. Küchenabluft (KBOB.2022v5)","32.001 Lüftungsanlage Wohnen, Blechkanäle, inkl. Küchenabluft (KBOB.2022v5)",,,,BUILDING_TECHNOLOGY,BUILDING_TECHNOLOGY_VENTILATION,ventilation,,41400.000000,41000.000000,361.000000,4.260000,4.250000,0.005490,49.700000,49.600000,0.067400,14.100000,13.800000,0.298000,m2,energyReferenceArea,0,3d01311f-bce0-4e29-bfab-e1971a21410d,KBOB 2022 V5,Alle > GEBÄUDETECHNIK > kbob.admin.ch > KBOB / ecobau / IPB 2009/1:2022v5,30
"32.002 Lüftungsanlage Wohnen, PE-Kanäle, inkl. Küchenabluft (KBOB.2022v5)","32.002 Lüftungsanlage Wohnen, PE-Kanäle, inkl. Küchenabluft (KBOB.2022v5)",,,,BUILDING_TECHNOLOGY,BUILDING_TECHNOLOGY_VENTILATION,ventilation,,21300.000000,20600.000000,781.000000,2.520000,2.510000,0.003420,30.700000,30.600000,0.061900,8.250000,7.530000,0.723000,m2,energyReferenceArea,0,7a17dc11-ba34-4e71-9b81-43b85add04f2,KBOB 2022 V5,Alle > GEBÄUDETECHNIK > kbob.admin.ch > KBOB / ecobau / IPB 2009/1:2022v5,30
32.003 Abluftanlage Küche und Bad (KBOB.2022v5),32.003 Abluftanlage Küche und Bad (KBOB.2022v5),,,,BUILDING_TECHNOLOGY,BUILDING_TECHNOLOGY_VENTILATION,ventilation,,11500.000000,11300.000000,175.000000,1.170000,1.170000,0.000263,13.800000,13.700000,0.007930,3.640000,3.520000,0.125000,m2,energyReferenceArea,0,645717a2-e9cc-44f3-be97-b3ae40ee9007,KBOB 2022 V5,Alle > GEBÄUDETECHNIK > kbob.admin.ch > KBOB / ecobau / IPB 2009/1:2022v5,30
32.004 Erdregister zu Lüftungsanlage Wohnen (KBOB.2022v5),32.004 Erdregister zu Lüftungsanlage Wohnen (KBOB.2022v5),,,,BUILDING_TECHNOLOGY,BUILDING_TECHNOLOGY_VENTILATION,ventilation,,6870.000000,4590.000000,2280.000000,0.609000,0.536000,0.072500,15.300000,14.200000,1.060000,4.430000,2.810000,1.620000,m2,energyReferenceArea,0,4c70ecba-4236-456c-ad4f-a9c1af79f860,KBOB 2022 V5,Alle > GEBÄUDETECHNIK > kbob.admin.ch > KBOB / ecobau / IPB 2009/1:2022v5,30
32.008 Erdregister kurz zu Lüftungsanlage Büro (0.27 m/m2 EBF) (KBOB.2022v5),32.008 Erdregister kurz zu Lüftungsanlage Büro (0.27 m/m2 EBF) (KBOB.2022v5),,,,BUILDING_TECHNOLOGY,BUILDING_TECHNOLOGY_VENTILATION,ventilation,,11900.000000,7960.000000,3950.000000,1.060000,0.930000,0.126000,26.500000,24.700000,1.840000,7.670000,4.870000,2.810000,m2,energyReferenceArea,0,52d5a2c2-5c73-4764-b968-ce9d2f11251f,KBOB 2022 V5,Alle > GEBÄUDETECHNIK > kbob.admin.ch > KBOB / ecobau / IPB 2009/1:2022v5,30
32.009 Erdregister lang zu Lüftungsanlage Büro (0.67 m/m2 EBF) (KBOB.2022v5),32.009 Erdregister lang zu Lüftungsanlage Büro (0.67 m/m2 EBF) (KBOB.2022v5),,,,BUILDING_TECHNOLOGY,BUILDING_TECHNOLOGY_VENTILATION,ventilation,,29800.000000,19900.000000,9880.000000,2.640000,2.320000,0.314000,66.200000,61.600000,4.590000,19.200000,12.200000,7.020000,m2,energyReferenceArea,0,76d83bec-2ab8-4775-97c5-81fccaab766d,KBOB 2022 V5,Alle > GEBÄUDETECHNIK > kbob.admin.ch > KBOB / ecobau / IPB 2009/1:2022v5,30
"32.010 Einzelraumlüfer Fenstermodell 10-30 m3/h, ohne Montage (KBOB.2022v5)","32.010 Einzelraumlüfer Fenstermodell 10-30 m3/h, ohne Montage (KBOB.2022v5)",,,,BUILDING_TECHNOLOGY,BUILDING_TECHNOLOGY_VENTILATION,ventilation,,84200.000000,78100.000000,6130.000000,107.000000,106.000000,0.078700,214.000000,213.000000,1.330000,43.700000,38.200000,5.480000,Stk.,device,0,efafc2f6-8bd1-4d35-89b0-04deff6620b2,KBOB 2022 V5,Alle > GEBÄUDETECHNIK > kbob.admin.ch > KBOB / ecobau / IPB 2009/1:2022v5,30
"33.001 Sanitäranlagen, Büro, einfach, inkl. Apparate und Leitungen (KBOB.2022v5)","33.001 Sanitäranlagen, Büro, einfach, inkl. Apparate und Leitungen (KBOB.2022v5)",,,,BUILDING_TECHNOLOGY,BUILDING_TECHNOLOGY_SANITARY,sanitary,,8490.000000,7280.000000,1200.000000,1.200000,1.200000,0.006580,19.100000,19.000000,0.115000,4.730000,3.580000,1.150000,m2,energyReferenceArea,0,b60b6657-8c44-4d7a-b939-8b4509f1de9b,KBOB 2022 V5,Alle > GEBÄUDETECHNIK > kbob.admin.ch > KBOB / ecobau / IPB 2009/1:2022v5,30
"33.002 Sanitäranlagen, Büro, aufwändig, inkl. Apparate und Leitungen (KBOB.2022v5)","33.002 Sanitäranlagen, Büro, aufwändig, inkl. Apparate und Leitungen (KBOB.2022v5)",,,,BUILDING_TECHNOLOGY,BUILDING_TECHNOLOGY_SANITARY,sanitary,,21000.000000,17000.000000,3950.000000,3.370000,3.350000,0.020500,45.600000,45.100000,0.427000,12.300000,8.520000,3.760000,m2,energyReferenceArea,0,61b56ba6-7617-4f37-8e69-449bdff80954,KBOB 2022 V5,Alle > GEBÄUDETECHNIK > kbob.admin.ch > KBOB / ecobau / IPB 2009/1:2022v5,30
"33.003 Sanitäranlagen, Wohnen, inkl. Apparate und Leitungen (KBOB.2022v5)","33.003 Sanitäranlagen, Wohnen, inkl. Apparate und Leitungen (KBOB.2022v5)",,,,BUILDING_TECHNOLOGY,BUILDING_TECHNOLOGY_SANITARY,sanitary,,26300.000000,24700.000000,1670.000000,3.960000,3.930000,0.023400,46.100000,45.800000,0.283000,12.500000,11.000000,1.540000,m2,energyReferenceArea,0,2f3072ee-186f-41b6-8dd0-08ec47723547,KBOB 2022 V5,Alle > GEBÄUDETECHNIK > kbob.admin.ch > KBOB / ecobau / IPB 2009/1:2022v5,30
"34.037 Batterie, Li-Ionen, 5 kWh, 30 Jahre Nutzungsdauer (KBOB.2022v5)","34.037 Batterie, Li-Ionen, 5 kWh, 30 Jahre Nutzungsdauer (KBOB.2022v5)",,,,BUILDING_TECHNOLOGY,BUILDING_TECHNOLOGY_ELECTRICAL,electrical,,2100000.000000,2100000.000000,,228.000000,228.000000,,3290.000000,3290.000000,,730.000000,730.000000,,kWh,storageCapacity,0,82ba87f6-e3c8-4a2f-9f12-297a53a4c9e8,KBOB 2022 V5,Alle > GEBÄUDETECHNIK > kbob.admin.ch > KBOB / ecobau / IPB 2009/1:2022v5,30
"34.038 Batterie, Li-Ionen, 20 kWh, 30 Jahre Nutzungsdauer (KBOB.2022v5)","34.038 Batterie, Li-Ionen, 20 kWh, 30 Jahre Nutzungsdauer (KBOB.2022v5)",,,,BUILDING_TECHNOLOGY,BUILDING_TECHNOLOGY_ELECTRICAL,electrical,,932000.000000,932000.000000,,87.200000,87.200000,,1550.000000,1550.000000,,332.000000,332.000000,,kWh,storageCapacity,0,58acdf6e-f510-4403-aac9-ce07bb06668a,KBOB 2022 V5,Alle > GEBÄUDETECHNIK > kbob.admin.ch > KBOB / ecobau / IPB 2009/1:2022v5,30
34.001 Elektroanlagen Wohnen (KBOB.2022v5),34.001 Elektroanlagen Wohnen (KBOB.2022v5),,,,BUILDING_TECHNOLOGY,BUILDING_TECHNOLOGY_ELECTRICAL,electrical,,37000.000000,33400.000000,3630.000000,4.760000,4.700000,0.062200,53.900000,53.200000,0.718000,13.000000,9.540000,3.420000,m2,energyReferenceArea,0,d3a16f42-8e69-483c-b05e-1bc8a0685795,KBOB 2022 V5,Alle > GEBÄUDETECHNIK > kbob.admin.ch > KBOB / ecobau / IPB 2009/1:2022v5,30
34.002 Elektroanlagen Büro (KBOB.2022v5),34.002 Elektroanlagen Büro (KBOB.2022v5),,,,BUILDING_TECHNOLOGY,BUILDING_TECHNOLOGY_ELECTRICAL,electrical,,83200.000000,81500.000000,1660.000000,77.000000,77.000000,0.053400,106.000000,105.000000,0.811000,24.100000,22.600000,1.470000,m2,energyReferenceArea,0,da74b332-8bbb-4fdd-a33e-dd1c569696e0,KBOB 2022 V5,Alle > GEBÄUDETECHNIK > kbob.admin.ch > KBOB / ecobau / IPB 2009/1:2022v5,30
"34.024 Solarstromanlage, Marktmix 1 (KBOB.2022v5)","34.024 Solarstromanlage, Marktmix 1 (KBOB.2022v5)",,,,BUILDING_TECHNOLOGY,BUILDING_TECHNOLOGY_ELECTRICAL,electrical,,2240000.000000,2240000.000000,,421.000000,421.000000,,3820.000000,3820.000000,,1070.000000,1070.000000,,kWp,maxPower,0,529fcea4-b0c4-46e3-b9c0-9a70f9a91668,KBOB 2022 V5,Alle > GEBÄUDETECHNIK > kbob.admin.ch > KBOB / ecobau / IPB 2009/1:2022v5,30
"34.025 Solarstromanlage Schrägdach, Marktmix 1 (KBOB.2022v5)","34.025 Solarstromanlage Schrägdach, Marktmix 1 (KBOB.2022v5)",,,,BUILDING_TECHNOLOGY,BUILDING_TECHNOLOGY_ELECTRICAL,electrical,,2090000.000000,2090000.000000,,396.000000,396.000000,,3570.000000,3570.000000,,1000.000000,1000.000000,,kWp,maxPower,0,7ce8ec83-ed7b-4e84-8359-546c96d7de8b,KBOB 2022 V5,Alle > GEBÄUDETECHNIK > kbob.admin.ch > KBOB / ecobau / IPB 2009/1:2022v5,30
"34.026 Solarstromanlage Flachdach, Marktmix 1 (KBOB.2022v5)","34.026 Solarstromanlage Flachdach, Marktmix 1 (KBOB.2022v5)",,,,BUILDING_TECHNOLOGY,BUILDING_TECHNOLOGY_ELECTRICAL,electrical,,2370000.000000,2370000.000000,,444.000000,444.000000,,4060.000000,4060.000000,,1140.000000,1140.000000,,kWp,maxPower,0,1862d29b-d6a4-45a8-9cd6-5539444be95b,KBOB 2022 V5,Alle > GEBÄUDETECHNIK > kbob.admin.ch > KBOB / ecobau / IPB 2009/1:2022v5,30
"34.027 Solarstromanlage Fassade, Marktmix 1 (KBOB.2022v5)","34.027 Solarstromanlage Fassade, Marktmix 1 (KBOB.2022v5)",,,,BUILDING_TECHNOLOGY,BUILDING_TECHNOLOGY_ELECTRICAL,electrical,,2890000.000000,2890000.000000,,497.000000,497.000000,,4430.000000,4430.000000,,1220.000000,1220.000000,,kWp,maxPower,0,6dc4866a-596d-4eee-abce-a2b6df8ae356,KBOB 2022 V5,Alle > GEBÄUDETECHNIK > kbob.admin.ch > KBOB / ecobau / IPB 2009/1:2022v5,30
"34.027.01 Fassadenunterkonstruktion, integriert, Eternit (KBOB.2022v5)","34.027.01 Fassadenunterkonstruktion, integriert, Eternit (KBOB.2022v5)",,,,BUILDING_TECHNOLOGY,BUILDING_TECHNOLOGY_ELECTRICAL,electrical,,5860.000000,5810.000000,44.000000,4.160000,4.160000,0.000099,11.900000,11.900000,0.003000,2.690000,2.650000,0.042200,m2,panelArea,0,2dcad0f9-eb56-488f-b3f6-4caf54cd1690,KBOB 2022 V5,Alle > GEBÄUDETECHNIK > kbob.admin.ch > KBOB / ecobau / IPB 2009/1:2022v5,30
"34.027.02 Fassadenunterkonstruktion, integriert, StoVentec Artline inlay (KBOB.2022v5)","34.027.02 Fassadenunterkonstruktion, integriert, StoVentec Artline inlay (KBOB.2022v5)",,,,BUILDING_TECHNOLOGY,BUILDING_TECHNOLOGY_ELECTRICAL,electrical,,60300.000000,60200.000000,99.700000,21.100000,21.100000,0.000223,121.000000,121.000000,0.006800,28.500000,28.400000,0.095600,m2,panelArea,0,212aabea-485c-4b9d-a6d8-fa1dcce62283,KBOB 2022 V5,Alle > GEBÄUDETECHNIK > kbob.admin.ch > KBOB / ecobau / IPB 2009/1:2022v5,30
"34.027.03 Fassadenunterkonstruktion, integriert, StoVentec Artline invisible (KBOB.2022v5)","34.027.03 Fassadenunterkonstruktion, integriert, StoVentec Artline invisible (KBOB.2022v5)",,,,BUILDING_TECHNOLOGY,BUILDING_TECHNOLOGY_ELECTRICAL,electrical,,83600.000000,83500.000000,99.700000,31.800000,31.800000,0.000223,167.000000,167.000000,0.006800,39.100000,39.000000,0.095600,m2,panelArea,0,cb5bf91e-0849-48bd-9f26-0b2ec1979a9d,KBOB 2022 V5,Alle > GEBÄUDETECHNIK > kbob.admin.ch > KBOB / ecobau / IPB 2009/1:2022v5,30
"34.027.04 Fassadenunterkonstruktion, integriert, mittelformatig, GFT (KBOB.2022v5)","34.027.04 Fassadenunterkonstruktion, integriert, mittelformatig, GFT (KBOB.2022v5)",,,,BUILDING_TECHNOLOGY,BUILDING_TECHNOLOGY_ELECTRICAL,electrical,,85400.000000,84100.000000,1270.000000,33.300000,33.300000,0.003690,184.000000,184.000000,0.094800,42.100000,40.900000,1.220000,m2,panelArea,0,50a78e02-3974-4a45-9657-e971378f4341,KBOB 2022 V5,Alle > GEBÄUDETECHNIK > kbob.admin.ch > KBOB / ecobau / IPB 2009/1:2022v5,30
"34.027.05 Fassadenunterkonstruktion, integriert, Vogelsang (KBOB.2022v5)","34.027.05 Fassadenunterkonstruktion, integriert, Vogelsang (KBOB.2022v5)",,,,BUILDING_TECHNOLOGY,BUILDING_TECHNOLOGY_ELECTRICAL,electrical,,32500.000000,31900.000000,586.000000,79.600000,79.600000,0.001310,53.500000,53.500000,0.040000,14.500000,13.900000,0.563000,m2,panelArea,0,1d794910-c5d8-4adb-ae45-1d2a9a0c406e,KBOB 2022 V5,Alle > GEBÄUDETECHNIK > kbob.admin.ch > KBOB / ecobau / IPB 2009/1:2022v5,30
"34.027.06 Fassadenunterkonstruktion, integriert, Betonuntergrund, Ecolite (KBOB.2022v5)","34.027.06 Fassadenunterkonstruktion, integriert, Betonuntergrund, Ecolite (KBOB.2022v5)",,,,BUILDING_TECHNOLOGY,BUILDING_TECHNOLOGY_ELECTRICAL,electrical,,99800.000000,98600.000000,1200.000000,38.600000,38.600000,0.002690,222.000000,222.000000,0.082000,50.100000,49.000000,1.150000,m2,panelArea,0,bdd63033-73b0-49e3-9696-8ab0483baa31,KBOB 2022 V5,Alle > GEBÄUDETECHNIK > kbob.admin.ch > KBOB / ecobau / IPB 2009/1:2022v5,30
"34.027.07 Fassadenunterkonstruktion, integriert, Backsteinuntergrund, Ecolite (KBOB.2022v5)","34.027.07 Fassadenunterkonstruktion, integriert, Backsteinuntergrund, Ecolite (KBOB.2022v5)",,,,BUILDING_TECHNOLOGY,BUILDING_TECHNOLOGY_ELECTRICAL,electrical,,117000.000000,116000.000000,1790.000000,44.500000,44.500000,0.004010,261.000000,261.000000,0.122000,59.400000,57.700000,1.720000,m2,panelArea,0,1d856ced-181d-4501-82b1-a311f820415b,KBOB 2022 V5,Alle > GEBÄUDETECHNIK > kbob.admin.ch > KBOB / ecobau / IPB 2009/1:2022v5,30
"34.027.08 Fassadenunterkonstruktion, integriert, Durchschnitt, Ecolite (KBOB.2022v5)","34.027.08 Fassadenunterkonstruktion, integriert, Durchschnitt, Ecolite (KBOB.2022v5)",,,,BUILDING_TECHNOLOGY,BUILDING_TECHNOLOGY_ELECTRICAL,electrical,,110000.000000,109000.000000,1550.000000,42.100000,42.100000,0.003480,245.000000,245.000000,0.106000,55.700000,54.200000,1.490000,m2,panelArea,0,3872a48b-1d54-483a-9514-1202ae6a0ce8,KBOB 2022 V5,Alle > GEBÄUDETECHNIK > kbob.admin.ch > KBOB / ecobau / IPB 2009/1:2022v5,30
"34.027.09 Solarpanel, Mono-Si, Eternit Sunskin Facade, 18.0% (KBOB.2022v5)","34.027.09 Solarpanel, Mono-Si, Eternit Sunskin Facade, 18.0% (KBOB.2022v5)",,,,BUILDING_TECHNOLOGY,BUILDING_TECHNOLOGY_ELECTRICAL,electrical,,242000.000000,234000.000000,7400.000000,44.500000,43.900000,0.564000,467.000000,458.000000,8.310000,132.000000,126.000000,5.390000,m2,panelArea,0,1bed54c2-bd25-4a8c-92b6-048efef0f144,KBOB 2022 V5,Alle > GEBÄUDETECHNIK > kbob.admin.ch > KBOB / ecobau / IPB 2009/1:2022v5,30
"34.027.10 Solarpanel, Mono-Si, Kioto Solar PVP-GExxxM, 12.5% (KBOB.2022v5)","34.027.10 Solarpanel, Mono-Si, Kioto Solar PVP-GExxxM, 12.5% (KBOB.2022v5)",,,,BUILDING_TECHNOLOGY,BUILDING_TECHNOLOGY_ELECTRICAL,electrical,,243000.000000,235000.000000,7870.000000,44.700000,44.100000,0.599000,468.000000,459.000000,8.840000,133.000000,127.000000,5.730000,m2,panelArea,0,8442cb56-9009-4302-aa74-3af8caba21e0,KBOB 2022 V5,Alle > GEBÄUDETECHNIK > kbob.admin.ch > KBOB / ecobau / IPB 2009/1:2022v5,30
"34.027.11 Solarpanel, Mono-Si, Vogelsang-Kioto Solar, 9.1% (KBOB.2022v5)","34.027.11 Solarpanel, Mono-Si, Vogelsang-Kioto Solar, 9.1% (KBOB.2022v5)",,,,BUILDING_TECHNOLOGY,BUILDING_TECHNOLOGY_ELECTRICAL,electrical,,243000.000000,235000.000000,8050.000000,45.100000,44.500000,0.613000,471.000000,462.000000,9.040000,134.000000,128.000000,5.860000,m2,panelArea,0,ad2734dc-12ca-4f65-ae79-89b2021d4698,KBOB 2022 V5,Alle > GEBÄUDETECHNIK > kbob.admin.ch > KBOB / ecobau / IPB 2009/1:2022v5,30
"34.027.12 Solarpanel, CIS, StoVentec Artline inlay, 9.5% (KBOB.2022v5)","34.027.12 Solarpanel, CIS, StoVentec Artline inlay, 9.5% (KBOB.2022v5)",,,,BUILDING_TECHNOLOGY,BUILDING_TECHNOLOGY_ELECTRICAL,electrical,,182000.000000,171000.000000,11100.000000,40.000000,38.500000,1.550000,418.000000,391.000000,26.900000,102.000000,96.200000,6.080000,m2,panelArea,0,f29fef62-5f16-4bec-8ba2-45a0db80cbda,KBOB 2022 V5,Alle > GEBÄUDETECHNIK > kbob.admin.ch > KBOB / ecobau / IPB 2009/1:2022v5,30
"34.027.13 Solarpanel, CIS, StoVentec Artline invisible, 9.5% (KBOB.2022v5)","34.027.13 Solarpanel, CIS, StoVentec Artline invisible, 9.5% (KBOB.2022v5)",,,,BUILDING_TECHNOLOGY,BUILDING_TECHNOLOGY_ELECTRICAL,electrical,,147000.000000,137000.000000,10000.000000,26.600000,25.200000,1.400000,364.000000,340.000000,24.300000,85.900000,80.400000,5.490000,m2,panelArea,0,7d017958-0383-4f59-8277-5c33c96718f5,KBOB 2022 V5,Alle > GEBÄUDETECHNIK > kbob.admin.ch > KBOB / ecobau / IPB 2009/1:2022v5,30
"34.028 Solarstromanlage Schrägdach, Kleinanlage, Mono-Si 1 (KBOB.2022v5)","34.028 Solarstromanlage Schrägdach, Kleinanlage, Mono-Si 1 (KBOB.2022v5)",,,,BUILDING_TECHNOLOGY,BUILDING_TECHNOLOGY_ELECTRICAL,electrical,,2940000.000000,2940000.000000,,512.000000,512.000000,,4530.000000,4530.000000,,1260.000000,1260.000000,,kWp,maxPower,0,11bfcb57-c662-45d7-a709-87edf595669e,KBOB 2022 V5,Alle > GEBÄUDETECHNIK > kbob.admin.ch > KBOB / ecobau / IPB 2009/1:2022v5,30
"34.029 Solarstromanlage Schrägdach, Kleinanlage, Multi-Si 1 (KBOB.2022v5)","34.029 Solarstromanlage Schrägdach, Kleinanlage, Multi-Si 1 (KBOB.2022v5)",,,,BUILDING_TECHNOLOGY,BUILDING_TECHNOLOGY_ELECTRICAL,electrical,,2980000.000000,2980000.000000,,530.000000,530.000000,,4560.000000,4560.000000,,1250.000000,1250.000000,,kWp,maxPower,0,b833386b-d841-47fa-a201-773218827017,KBOB 2022 V5,Alle > GEBÄUDETECHNIK > kbob.admin.ch > KBOB / ecobau / IPB 2009/1:2022v5,30
"34.030 Solarstromanlage Schrägdach, Kleinanlage, CdTe 1 (KBOB.2022v5)","34.030 Solarstromanlage Schrägdach, Kleinanlage, CdTe 1 (KBOB.2022v5)",,,,BUILDING_TECHNOLOGY,BUILDING_TECHNOLOGY_ELECTRICAL,electrical,,2050000.000000,2050000.000000,,325.000000,325.000000,,3250.000000,3250.000000,,793.000000,793.000000,,kWp,maxPower,0,7d49c45f-4c6f-4cdc-8a8a-ff6d76bc1567,KBOB 2022 V5,Alle > GEBÄUDETECHNIK > kbob.admin.ch > KBOB / ecobau / IPB 2009/1:2022v5,30
"34.031 Solarstromanlage Schrägdach, Kleinanlage, CIS 1 (KBOB.2022v5)","34.031 Solarstromanlage Schrägdach, Kleinanlage, CIS 1 (KBOB.2022v5)",,,,BUILDING_TECHNOLOGY,BUILDING_TECHNOLOGY_ELECTRICAL,electrical,,2590000.000000,2590000.000000,,514.000000,514.000000,,4610.000000,4610.000000,,1080.000000,1080.000000,,kWp,maxPower,0,0e201389-8d05-4794-8197-d6e8f9633e49,KBOB 2022 V5,Alle > GEBÄUDETECHNIK > kbob.admin.ch > KBOB / ecobau / IPB 2009/1:2022v5,30
34.032 Wechselrichter 2.5 kW1 (KBOB.2022v5),34.032 Wechselrichter 2.5 kW1 (KBOB.2022v5),,,,BUILDING_TECHNOLOGY,BUILDING_TECHNOLOGY_ELECTRICAL,electrical,,534000.000000,534000.000000,,65.100000,65.100000,,622.000000,622.000000,,144.000000,144.000000,,kWp,maxPower,0,5877239a-cf84-4ac2-8acb-829cb4252185,KBOB 2022 V5,Alle > GEBÄUDETECHNIK > kbob.admin.ch > KBOB / ecobau / IPB 2009/1:2022v5,30
34.033 Wechselrichter 5 kW1 (KBOB.2022v5),34.033 Wechselrichter 5 kW1 (KBOB.2022v5),,,,BUILDING_TECHNOLOGY,BUILDING_TECHNOLOGY_ELECTRICAL,electrical,,428000.000000,428000.000000,,52.100000,52.100000,,498.000000,498.000000,,115.000000,115.000000,,kWp,maxPower,0,3f0bf472-027a-4421-aa10-1d8bd28d3b66,KBOB 2022 V5,Alle > GEBÄUDETECHNIK > kbob.admin.ch > KBOB / ecobau / IPB 2009/1:2022v5,30
34.034 Wechselrichter 10 kW1 (KBOB.2022v5),34.034 Wechselrichter 10 kW1 (KBOB.2022v5),,,,BUILDING_TECHNOLOGY,BUILDING_TECHNOLOGY_ELECTRICAL,electrical,,343000.000000,343000.000000,,41.800000,41.800000,,399.000000,399.000000,,92.500000,92.500000,,kWp,maxPower,0,01e23196-7856-4acf-8926-c9ad60129694,KBOB 2022 V5,Alle > GEBÄUDETECHNIK > kbob.admin.ch > KBOB / ecobau / IPB 2009/1:2022v5,30
34.035 Wechselrichter 20 kW1 (KBOB.2022v5),34.035 Wechselrichter 20 kW1 (KBOB.2022v5),,,,BUILDING_TECHNOLOGY,BUILDING_TECHNOLOGY_ELECTRICAL,electrical,,274000.000000,274000.000000,,33.400000,33.400000,,320.000000,320.000000,,74.100000,74.100000,,kWp,maxPower,0,897456bd-6639-457a-b703-8a13b603b8b9,KBOB 2022 V5,Alle > GEBÄUDETECHNIK > kbob.admin.ch > KBOB / ecobau / IPB 2009/1:2022v5,30
"34.036 Elektroinstallation, Photovoltaikanlage1 (KBOB.2022v5)","34.036 Elektroinstallation, Photovoltaikanlage1 (KBOB.2022v5)",,,,BUILDING_TECHNOLOGY,BUILDING_TECHNOLOGY_ELECTRICAL,electrical,,167000.000000,167000.000000,,10.300000,10.300000,,170.000000,170.000000,,42.100000,42.100000,,kWp,maxPower,0,3dd4be12-0cd1-49a0-8880-8ba30e1ea3c1,KBOB 2022 V5,Alle > GEBÄUDETECHNIK > kbob.admin.ch > KBOB / ecobau / IPB 2009/1:2022v5,30