Name,ProductKey,Description,Picture,Product sections,Type,vyzn.catalogue.Density,vyzn.catalogue.ch.KBOB2022.UBPTotal,vyzn.catalogue.ch.KBOB2022.UBPProduction,vyzn.catalogue.ch.KBOB2022.UBPDisposal,vyzn.catalogue.ch.KBOB2022.RenewableEnergyTotal,vyzn.catalogue.ch.KBOB2022.RenewableEnergyProduction,vyzn.catalogue.ch.KBOB2022.RenewableEnergyDisposal,vyzn.catalogue.ch.KBOB2022.GreyEnergyTotal,vyzn.catalogue.ch.KBOB2022.GreyEnergyProduction,vyzn.catalogue.ch.KBOB2022.GreyEnergyDisposal,vyzn.catalogue.ch.KBOB2022.GHGEmissionsTotal,vyzn.catalogue.ch.KBOB2022.GHGEmissionsProduction,vyzn.catalogue.ch.KBOB2022.GHGEmissionsDisposal,vyzn.catalogue.ch.KBOB2022.LCARefUnit,vyzn.catalogue.ch.KBOB2022.BiogenicCarbon,KBOB REF,vyzn.catalogue.SourceENV,categoryPath
01.001 Magerbeton (ohne Bewehrung) (KBOB.2022v5_r),01.001 Magerbeton (ohne Bewehrung) (KBOB.2022v5_r),,,,REFERENCE_MATERIAL,2150,104,68.8,35.4,0.0103,0.00838,0.00192,0.128,0.0767,0.0516,0.0628,0.0502,0.0126,kg,0,A05F4D90-D030-49B6-A08A-BAD5228E3552,KBOB 2022 V5,Alle > REFERENZ-MATERIALIEN > kbob.admin.ch > KBOB / ecobau / IPB 2009/1:2022v5
01.002 Hochbaubeton (ohne Bewehrung) (KBOB.2022v5_r),01.002 Hochbaubeton (ohne Bewehrung) (KBOB.2022v5_r),,,,REFERENCE_MATERIAL,2300,153,118,35.2,0.0149,0.013,0.00191,0.175,0.123,0.0513,0.101,0.0887,0.0126,kg,0,E13EE05E-FD34-4FB5-A178-0FC4164A96F2,KBOB 2022 V5,Alle > REFERENZ-MATERIALIEN > kbob.admin.ch > KBOB / ecobau / IPB 2009/1:2022v5
"01.002.01 Beton Klark Sorte A, 280kg CEM II/B (ohne Bewehrung) (KBOB.2022v5_r)","01.002.01 Beton Klark Sorte A, 280kg CEM II/B (ohne Bewehrung) (KBOB.2022v5_r)",,,,REFERENCE_MATERIAL,2269,174,139,35.4,0.581,0.579,0.002,0.218,0.167,0.052,0.105,0.092,0.013,kg,0.025,b192ea20-d93b-4bef-8614-f093119153f2,KBOB 2022 V5,Alle > REFERENZ-MATERIALIEN > kbob.admin.ch > KBOB / ecobau / IPB 2009/1:2022v5
"01.002.02 Beton Klark Sorte A, 300kg CEM II/B (ohne Bewehrung) (KBOB.2022v5_r)","01.002.02 Beton Klark Sorte A, 300kg CEM II/B (ohne Bewehrung) (KBOB.2022v5_r)",,,,REFERENCE_MATERIAL,2293,181,145,35.4,0.609,0.607,0.002,0.225,0.174,0.052,0.11,0.097,0.013,kg,0.027,4df05637-c63d-4717-b192-b8f0c012f9f8,KBOB 2022 V5,Alle > REFERENZ-MATERIALIEN > kbob.admin.ch > KBOB / ecobau / IPB 2009/1:2022v5
"01.002.03 Beton Klark Sorte B, 320kg CEM II/B (ohne Bewehrung) (KBOB.2022v5_r)","01.002.03 Beton Klark Sorte B, 320kg CEM II/B (ohne Bewehrung) (KBOB.2022v5_r)",,,,REFERENCE_MATERIAL,2333,187,151,35.4,0.64,0.638,0.002,0.232,0.181,0.052,0.114,0.101,0.013,kg,0.028,2e9dbf82-4f7c-4a8a-8d4f-db7b19af32dc,KBOB 2022 V5,Alle > REFERENZ-MATERIALIEN > kbob.admin.ch > KBOB / ecobau / IPB 2009/1:2022v5
"01.002.04 Beton Klark Sorte C, 340kg CEM II/B (ohne Bewehrung) (KBOB.2022v5_r)","01.002.04 Beton Klark Sorte C, 340kg CEM II/B (ohne Bewehrung) (KBOB.2022v5_r)",,,,REFERENCE_MATERIAL,2353,192,157,35.4,0.668,0.666,0.002,0.242,0.19,0.052,0.119,0.107,0.013,kg,0.029,0413443a-cd20-4c31-802a-be812508223d,KBOB 2022 V5,Alle > REFERENZ-MATERIALIEN > kbob.admin.ch > KBOB / ecobau / IPB 2009/1:2022v5
"01.002.05 Hochbaubeton, zirkulit® NPK A, 280kg CEM II/B (ohne Bewehrung) (KBOB.2022v5_r)","01.002.05 Hochbaubeton, zirkulit® NPK A, 280kg CEM II/B (ohne Bewehrung) (KBOB.2022v5_r)",,,,REFERENCE_MATERIAL,2350,145,109,35.4,0.016,0.014,0.002,0.194,0.142,0.052,0.0967,0.0837,0.013,kg,0.00117,c1989bc1-f9af-493f-b151-024126e43aec,KBOB 2022 V5,Alle > REFERENZ-MATERIALIEN > kbob.admin.ch > KBOB / ecobau / IPB 2009/1:2022v5
"01.002.06 Hochbaubeton, zirkulit® NPK C, 300kg CEM II/B (ohne Bewehrung) (KBOB.2022v5_r)","01.002.06 Hochbaubeton, zirkulit® NPK C, 300kg CEM II/B (ohne Bewehrung) (KBOB.2022v5_r)",,,,REFERENCE_MATERIAL,2350,153,117,35.4,0.0161,0.0141,0.002,0.201,0.149,0.052,0.102,0.0888,0.013,kg,0.00117,1d86392d-5541-4bc2-80b1-b16ed591d9b9,KBOB 2022 V5,Alle > REFERENZ-MATERIALIEN > kbob.admin.ch > KBOB / ecobau / IPB 2009/1:2022v5
"01.002.07 Hochbaubeton, Möckli Primärbeton, NPK A, 280 kg CEM II/B-LL (ohne Bewehrung) (KBOB.2022v5_r)","01.002.07 Hochbaubeton, Möckli Primärbeton, NPK A, 280 kg CEM II/B-LL (ohne Bewehrung) (KBOB.2022v5_r)",,,,REFERENCE_MATERIAL,2311.4,142,107,35.4,0.0148,0.0129,0.00189,0.163,0.111,0.0516,0.0906,0.0779,0.0127,kg,0.000331,93b87002-5582-4fe7-be54-78d9b37aa188,KBOB 2022 V5,Alle > REFERENZ-MATERIALIEN > kbob.admin.ch > KBOB / ecobau / IPB 2009/1:2022v5
"01.002.08 Hochbaubeton, NovoCon Light RC-C25/E30, NPK A, 280 kg CEM II/B-LL (ohne Bewehrung) (KBOB.2022v5_r)","01.002.08 Hochbaubeton, NovoCon Light RC-C25/E30, NPK A, 280 kg CEM II/B-LL (ohne Bewehrung) (KBOB.2022v5_r)",,,,REFERENCE_MATERIAL,2311.96,142,107,35.4,0.0147,0.0128,0.00189,0.164,0.113,0.0516,0.0907,0.078,0.0127,kg,0.000425,61e656cb-703b-4a7e-b37a-5a66caf11509,KBOB 2022 V5,Alle > REFERENZ-MATERIALIEN > kbob.admin.ch > KBOB / ecobau / IPB 2009/1:2022v5
"01.002.09 Hochbaubeton, NovoCon RC-C25/E28, NPK A, 280 kg CEM II/B-LL (ohne Bewehrung) (KBOB.2022v5_r)","01.002.09 Hochbaubeton, NovoCon RC-C25/E28, NPK A, 280 kg CEM II/B-LL (ohne Bewehrung) (KBOB.2022v5_r)",,,,REFERENCE_MATERIAL,2292.24,140,105,35.4,0.0147,0.0128,0.00189,0.164,0.112,0.0516,0.091,0.0783,0.0127,kg,0.000711,4ec4081f-ee91-4c8b-8891-0a02f03355ef,KBOB 2022 V5,Alle > REFERENZ-MATERIALIEN > kbob.admin.ch > KBOB / ecobau / IPB 2009/1:2022v5
"01.002.10 Hochbaubeton, NovoCon RC-C50/E25, NPK A, 280 kg CEM II/B-LL (ohne Bewehrung) (KBOB.2022v5_r)","01.002.10 Hochbaubeton, NovoCon RC-C50/E25, NPK A, 280 kg CEM II/B-LL (ohne Bewehrung) (KBOB.2022v5_r)",,,,REFERENCE_MATERIAL,2272.24,137,102,35.4,0.0145,0.0126,0.00189,0.161,0.11,0.0516,0.091,0.0783,0.0127,kg,0.00111,f5bafd96-ff44-4bb7-8af5-db92c208f035,KBOB 2022 V5,Alle > REFERENZ-MATERIALIEN > kbob.admin.ch > KBOB / ecobau / IPB 2009/1:2022v5
"01.002.11 Hochbaubeton, NovoCon RC-M40/E20, NPK A, 280 kg CEM II/B-LL (ohne Bewehrung) (KBOB.2022v5_r)","01.002.11 Hochbaubeton, NovoCon RC-M40/E20, NPK A, 280 kg CEM II/B-LL (ohne Bewehrung) (KBOB.2022v5_r)",,,,REFERENCE_MATERIAL,2252.8,134,98.1,35.4,0.0143,0.0124,0.00189,0.16,0.109,0.0516,0.091,0.0783,0.0127,kg,0.00161,c467b9e9-608b-4434-ab38-2b5415391a74,KBOB 2022 V5,Alle > REFERENZ-MATERIALIEN > kbob.admin.ch > KBOB / ecobau / IPB 2009/1:2022v5
01.003 Tiefbaubeton (ohne Bewehrung) (KBOB.2022v5_r),01.003 Tiefbaubeton (ohne Bewehrung) (KBOB.2022v5_r),,,,REFERENCE_MATERIAL,2350,163,128,35.1,0.016,0.0141,0.0019,0.189,0.138,0.0513,0.109,0.0963,0.0125,kg,0,6704A56E-25F3-4DD0-8890-EC2E2A0D4B9C,KBOB 2022 V5,Alle > REFERENZ-MATERIALIEN > kbob.admin.ch > KBOB / ecobau / IPB 2009/1:2022v5
01.004 Bohrpfahlbeton (ohne Bewehrung) (KBOB.2022v5_r),01.004 Bohrpfahlbeton (ohne Bewehrung) (KBOB.2022v5_r),,,,REFERENCE_MATERIAL,2325,174,139,35.1,0.0172,0.0153,0.0019,0.197,0.146,0.0512,0.119,0.107,0.0125,kg,0,4EBAA5FE-7F18-443E-A05A-08185A6165D0,KBOB 2022 V5,Alle > REFERENZ-MATERIALIEN > kbob.admin.ch > KBOB / ecobau / IPB 2009/1:2022v5
"01.041 Betonfertigteil, hochfester Beton, ab Werk (KBOB.2022v5_r)","01.041 Betonfertigteil, hochfester Beton, ab Werk (KBOB.2022v5_r)",,,,REFERENCE_MATERIAL,2770,440,409,31,0.0758,0.0741,0.00168,0.697,0.652,0.0453,0.276,0.265,0.0111,kg,0,3A51918F-AB60-4CE7-A771-A10C3266684A,KBOB 2022 V5,Alle > REFERENZ-MATERIALIEN > kbob.admin.ch > KBOB / ecobau / IPB 2009/1:2022v5
"01.042 Betonfertigteil, Normalbeton, ab Werk (KBOB.2022v5_r)","01.042 Betonfertigteil, Normalbeton, ab Werk (KBOB.2022v5_r)",,,,REFERENCE_MATERIAL,2500,282,248,33.9,0.0948,0.093,0.00184,0.432,0.383,0.0495,0.177,0.165,0.0121,kg,0,F6DCDEFA-AFE6-44CB-8B68-3527ABFDC011,KBOB 2022 V5,Alle > REFERENZ-MATERIALIEN > kbob.admin.ch > KBOB / ecobau / IPB 2009/1:2022v5
01.043 Hanfbeton (KBOB.2022v5_r),01.043 Hanfbeton (KBOB.2022v5_r),,,,REFERENCE_MATERIAL,600,665,663,1.69,0.899,0.899,0.00002,0.959,0.959,0.0003,0.324,0.324,0.00007,kg,0.0649,DD16B81F-E498-48D6-9754-A1E95558BFFE,KBOB 2022 V5,Alle > REFERENZ-MATERIALIEN > kbob.admin.ch > KBOB / ecobau / IPB 2009/1:2022v5
"01.043.01 Hanfbeton, ARBIO (KBOB.2022v5_r)","01.043.01 Hanfbeton, ARBIO (KBOB.2022v5_r)",,,,REFERENCE_MATERIAL,600,639,638,1.69,0.865,0.865,0.00002,0.922,0.922,0.0003,0.312,0.312,0.00007,kg,0.0649,b05c4b9b-b749-4f50-a92b-98713a494220,KBOB 2022 V5,Alle > REFERENZ-MATERIALIEN > kbob.admin.ch > KBOB / ecobau / IPB 2009/1:2022v5
02.001 Backstein (KBOB.2022v5_r),02.001 Backstein (KBOB.2022v5_r),,,,REFERENCE_MATERIAL,900,371,328,42.5,0.0806,0.0783,0.00221,0.787,0.734,0.0526,0.266,0.254,0.0127,kg,0,958BA083-03C8-4336-BFC5-0DB5B6BC1B43,KBOB 2022 V5,Alle > REFERENZ-MATERIALIEN > kbob.admin.ch > KBOB / ecobau / IPB 2009/1:2022v5
"02.001.01 Backstein, perlitgefüllt, zzwancor (KBOB.2022v5_r)","02.001.01 Backstein, perlitgefüllt, zzwancor (KBOB.2022v5_r)",,,,REFERENCE_MATERIAL,575,420,378,42.5,0.105,0.103,0.00221,0.914,0.861,0.0526,0.283,0.27,0.0127,kg,0,555E9A89-95DF-4C98-BC55-879B4C7E4BFE,KBOB 2022 V5,Alle > REFERENZ-MATERIALIEN > kbob.admin.ch > KBOB / ecobau / IPB 2009/1:2022v5
02.002 Kalksandstein (KBOB.2022v5_r),02.002 Kalksandstein (KBOB.2022v5_r),,,,REFERENCE_MATERIAL,1400,258,216,42.5,0.039,0.0368,0.00221,0.389,0.337,0.0526,0.162,0.149,0.0127,kg,0,17BF48A3-72AD-4EBB-A2DE-3256129F7031,KBOB 2022 V5,Alle > REFERENZ-MATERIALIEN > kbob.admin.ch > KBOB / ecobau / IPB 2009/1:2022v5
"02.002.01 Kalksandstein, FBB (KBOB.2022v5_r)","02.002.01 Kalksandstein, FBB (KBOB.2022v5_r)",,,,REFERENCE_MATERIAL,1600,196,153,42.5,0.0347,0.0325,0.00221,0.315,0.263,0.0526,0.115,0.102,0.0127,kg,0,564C9F25-EE8A-4799-A049-6D26DF586F05,KBOB 2022 V5,Alle > REFERENZ-MATERIALIEN > kbob.admin.ch > KBOB / ecobau / IPB 2009/1:2022v5
"02.002.02 Kalksandstein, Hunziker Kalksandstein AG (KBOB.2022v5_r)","02.002.02 Kalksandstein, Hunziker Kalksandstein AG (KBOB.2022v5_r)",,,,REFERENCE_MATERIAL,1600,190,148,42.5,0.0167,0.0145,0.00221,0.287,0.235,0.0526,0.106,0.0938,0.0127,kg,0,adbada8c-108b-4869-a098-bc2cda5c5929,KBOB 2022 V5,Alle > REFERENZ-MATERIALIEN > kbob.admin.ch > KBOB / ecobau / IPB 2009/1:2022v5
02.003 Leichtlehmstein (KBOB.2022v5_r),02.003 Leichtlehmstein (KBOB.2022v5_r),,,,REFERENCE_MATERIAL,700,353,311,42.5,0.793,0.791,0.00221,0.764,0.711,0.0526,0.18,0.167,0.0127,kg,0,45766F6B-BC17-4725-B939-23AA76838736,KBOB 2022 V5,Alle > REFERENZ-MATERIALIEN > kbob.admin.ch > KBOB / ecobau / IPB 2009/1:2022v5
"02.004 Leichtzementstein, Blähton (KBOB.2022v5_r)","02.004 Leichtzementstein, Blähton (KBOB.2022v5_r)",,,,REFERENCE_MATERIAL,1200,609,566,42.5,0.0564,0.0541,0.00221,1.42,1.37,0.0526,0.428,0.415,0.0127,kg,0,2DEEC4B0-D3FE-4124-A08A-0DD398A65220,KBOB 2022 V5,Alle > REFERENZ-MATERIALIEN > kbob.admin.ch > KBOB / ecobau / IPB 2009/1:2022v5
"02.005 Leichtzementstein, Naturbims (KBOB.2022v5_r)","02.005 Leichtzementstein, Naturbims (KBOB.2022v5_r)",,,,REFERENCE_MATERIAL,1200,322,280,42.5,0.0367,0.0345,0.00221,0.363,0.311,0.0526,0.212,0.2,0.0127,kg,0,27B5089E-6003-4920-991A-0BCC005B9434,KBOB 2022 V5,Alle > REFERENZ-MATERIALIEN > kbob.admin.ch > KBOB / ecobau / IPB 2009/1:2022v5
02.006 Porenbetonstein (KBOB.2022v5_r),02.006 Porenbetonstein (KBOB.2022v5_r),,,,REFERENCE_MATERIAL,500,573,531,42.5,0.0709,0.0687,0.00221,0.86,0.807,0.0526,0.426,0.413,0.0127,kg,0,406B9ED4-C9C0-41E2-B945-7844C7313250,KBOB 2022 V5,Alle > REFERENZ-MATERIALIEN > kbob.admin.ch > KBOB / ecobau / IPB 2009/1:2022v5
02.007 Zementstein (KBOB.2022v5_r),02.007 Zementstein (KBOB.2022v5_r),,,,REFERENCE_MATERIAL,1700,214,172,42.5,0.0263,0.0241,0.00221,0.225,0.173,0.0526,0.126,0.114,0.0127,kg,0,69524911-E277-4B29-827D-B8475E4D8C23,KBOB 2022 V5,Alle > REFERENZ-MATERIALIEN > kbob.admin.ch > KBOB / ecobau / IPB 2009/1:2022v5
"02.007.01 Erdstein, aus gepresster Erde, Terrabloc (KBOB.2022v5_r)","02.007.01 Erdstein, aus gepresster Erde, Terrabloc (KBOB.2022v5_r)",,,,REFERENCE_MATERIAL,1850,136,84,51.6,0.01,0.01,0,0.142,0.129,0.013,0.057,0.054,0.003,kg,0,288A84C2-129A-431D-B135-7F7A3F9D0CBD,KBOB 2022 V5,Alle > REFERENZ-MATERIALIEN > kbob.admin.ch > KBOB / ecobau / IPB 2009/1:2022v5
"02.007.02 Hanfsteine, Schönthaler AG (KBOB.2022v5_r)","02.007.02 Hanfsteine, Schönthaler AG (KBOB.2022v5_r)",,,,REFERENCE_MATERIAL,300,824,751,72.1,1.81,1.8,0.00431,1.91,1.77,0.145,0.372,0.338,0.0334,kg,0.15,276ac558-09e7-4a6d-b6d8-5643d08bcf9b,KBOB 2022 V5,Alle > REFERENZ-MATERIALIEN > kbob.admin.ch > KBOB / ecobau / IPB 2009/1:2022v5
03.021 Betongranulat 1 (KBOB.2022v5_r),03.021 Betongranulat 1 (KBOB.2022v5_r),,,,REFERENCE_MATERIAL,1500,43.3,3.16,40.2,0.00374,0.00148,0.00226,0.0616,0.00905,0.0526,0.014,0.00132,0.0126,kg,0,fc996053-6ce2-4be3-a99f-42fb01b5d1ce,KBOB 2022 V5,Alle > REFERENZ-MATERIALIEN > kbob.admin.ch > KBOB / ecobau / IPB 2009/1:2022v5
03.001 Betonziegel (KBOB.2022v5_r),03.001 Betonziegel (KBOB.2022v5_r),,,,REFERENCE_MATERIAL,2300,326,284,42.5,0.038,0.0358,0.00221,0.468,0.416,0.0526,0.209,0.196,0.0127,kg,0,D00BA00E-D63B-4109-ADC0-4D9A3367734D,KBOB 2022 V5,Alle > REFERENZ-MATERIALIEN > kbob.admin.ch > KBOB / ecobau / IPB 2009/1:2022v5
03.002 Faserzement-Dachschindel (KBOB.2022v5_r),03.002 Faserzement-Dachschindel (KBOB.2022v5_r),,,,REFERENCE_MATERIAL,1800,1100,1030,67.8,0.496,0.495,0.0016,2.16,2.11,0.0528,0.699,0.686,0.0132,kg,0,8873B601-8644-4FF4-B2CF-042546B8500D,KBOB 2022 V5,Alle > REFERENZ-MATERIALIEN > kbob.admin.ch > KBOB / ecobau / IPB 2009/1:2022v5
03.003 Faserzementplatte gross (KBOB.2022v5_r),03.003 Faserzementplatte gross (KBOB.2022v5_r),,,,REFERENCE_MATERIAL,1800,1510,1450,67.8,0.62,0.619,0.0016,2.92,2.87,0.0528,1.03,1.02,0.0132,kg,0,EC993875-136D-4857-B06E-BB581EA9DA43,KBOB 2022 V5,Alle > REFERENZ-MATERIALIEN > kbob.admin.ch > KBOB / ecobau / IPB 2009/1:2022v5
03.004 Faserzement-Wellplatte (KBOB.2022v5_r),03.004 Faserzement-Wellplatte (KBOB.2022v5_r),,,,REFERENCE_MATERIAL,1800,1060,991,67.8,0.557,0.556,0.0016,1.78,1.72,0.0528,0.649,0.636,0.0132,kg,0,08C9C771-82D9-4925-8E06-39A4367A8370,KBOB 2022 V5,Alle > REFERENZ-MATERIALIEN > kbob.admin.ch > KBOB / ecobau / IPB 2009/1:2022v5
03.005 Flachglas beschichtet (KBOB.2022v5_r),03.005 Flachglas beschichtet (KBOB.2022v5_r),,,,REFERENCE_MATERIAL,2500,1990,1920,68.8,0.263,0.251,0.0121,4.64,4.53,0.109,1.2,1.18,0.0191,kg,0,9304338C-8D4A-4EE3-B1A2-43977ADA18A4,KBOB 2022 V5,Alle > REFERENZ-MATERIALIEN > kbob.admin.ch > KBOB / ecobau / IPB 2009/1:2022v5
03.006 Flachglas unbeschichtet (KBOB.2022v5_r),03.006 Flachglas unbeschichtet (KBOB.2022v5_r),,,,REFERENCE_MATERIAL,2500,1790,1720,68.8,0.143,0.131,0.0121,4.08,3.97,0.109,1.14,1.12,0.0191,kg,0,8A03A7D4-FB51-48D0-BA86-9D13EE70A0D9,KBOB 2022 V5,Alle > REFERENZ-MATERIALIEN > kbob.admin.ch > KBOB / ecobau / IPB 2009/1:2022v5
03.007 Gipsfaserplatte (KBOB.2022v5_r),03.007 Gipsfaserplatte (KBOB.2022v5_r),,,,REFERENCE_MATERIAL,1200,873,801,71.5,0.098,0.0938,0.00418,2.47,2.39,0.0781,0.552,0.533,0.0186,kg,0.0449,45BEA46B-47E9-425F-926C-AEB31CB4A09D,KBOB 2022 V5,Alle > REFERENZ-MATERIALIEN > kbob.admin.ch > KBOB / ecobau / IPB 2009/1:2022v5
03.008 Gipskartonplatte (KBOB.2022v5_r),03.008 Gipskartonplatte (KBOB.2022v5_r),,,,REFERENCE_MATERIAL,850,523,452,71.7,0.089,0.0848,0.00417,1.33,1.25,0.0778,0.301,0.283,0.0187,kg,0.018,38A83C73-92BD-492B-B435-97332A84863E,KBOB 2022 V5,Alle > REFERENZ-MATERIALIEN > kbob.admin.ch > KBOB / ecobau / IPB 2009/1:2022v5
03.016 Gips-Wandbauplatte / Vollgipsplatte (KBOB.2022v5_r),03.016 Gips-Wandbauplatte / Vollgipsplatte (KBOB.2022v5_r),,,,REFERENCE_MATERIAL,1000,531,459,71.3,0.0323,0.0281,0.00419,1.45,1.37,0.0783,0.317,0.298,0.0185,kg,0,DB2B00A9-DBF6-CA2A-BAC1-9BCCE4E4846A,KBOB 2022 V5,Alle > REFERENZ-MATERIALIEN > kbob.admin.ch > KBOB / ecobau / IPB 2009/1:2022v5
03.023.01 Glasfaserbeton Ecomur (KBOB.2022v5_r),03.023.01 Glasfaserbeton Ecomur (KBOB.2022v5_r),,,,REFERENCE_MATERIAL,2240,1335.9,1300,35.9,0.51092,0.509,0.00192,2.2022,2.15,0.0522,0.8858,0.873,0.0128,kg,0,3c956888-cdbf-42fa-8759-172ed1f7822d,KBOB 2022 V5,Alle > REFERENZ-MATERIALIEN > kbob.admin.ch > KBOB / ecobau / IPB 2009/1:2022v5
03.009 Hartsandsteinplatte (KBOB.2022v5_r),03.009 Hartsandsteinplatte (KBOB.2022v5_r),,,,REFERENCE_MATERIAL,2500,112,69.3,42.5,0.046,0.0438,0.00221,0.275,0.223,0.0526,0.0406,0.028,0.0127,kg,0,B787C33A-9D88-414E-84DE-3E087E3639ED,KBOB 2022 V5,Alle > REFERENZ-MATERIALIEN > kbob.admin.ch > KBOB / ecobau / IPB 2009/1:2022v5
03.017 Kalksteinplatte (KBOB.2022v5_r),03.017 Kalksteinplatte (KBOB.2022v5_r),,,,REFERENCE_MATERIAL,2500,141,98.3,42.5,0.0261,0.0239,0.00221,0.338,0.286,0.0526,0.0736,0.061,0.0127,kg,0,8FE3FD69-2400-4DC4-933B-E91CDE601165,KBOB 2022 V5,Alle > REFERENZ-MATERIALIEN > kbob.admin.ch > KBOB / ecobau / IPB 2009/1:2022v5
03.010 Keramik-/Steinzeugplatte (KBOB.2022v5_r),03.010 Keramik-/Steinzeugplatte (KBOB.2022v5_r),,,,REFERENCE_MATERIAL,2600,4100,4060,42.5,0.212,0.21,0.00221,3.72,3.67,0.0526,0.793,0.78,0.0127,kg,0,8B49329A-8573-47FC-8D1A-9F2E4640C4E6,KBOB 2022 V5,Alle > REFERENZ-MATERIALIEN > kbob.admin.ch > KBOB / ecobau / IPB 2009/1:2022v5
03.011 Kies gebrochen 1 (KBOB.2022v5_r),03.011 Kies gebrochen 1 (KBOB.2022v5_r),,,,REFERENCE_MATERIAL,1450,64.8,24.6,40.2,0.00776,0.0055,0.00226,0.0847,0.0321,0.0526,0.0176,0.00501,0.0126,kg,0,1300707C-F4F2-4FDC-AF3B-E31F5840F18E,KBOB 2022 V5,Alle > REFERENZ-MATERIALIEN > kbob.admin.ch > KBOB / ecobau / IPB 2009/1:2022v5
03.022 Mischgranulat 1 (KBOB.2022v5_r),03.022 Mischgranulat 1 (KBOB.2022v5_r),,,,REFERENCE_MATERIAL,1600,41,0.828,40.2,0.00233,0.00007,0.00226,0.053,0.00046,0.0526,0.0133,0.00071,0.0126,kg,0,805e0a9f-a660-4446-b7df-f9c3b43824c2,KBOB 2022 V5,Alle > REFERENZ-MATERIALIEN > kbob.admin.ch > KBOB / ecobau / IPB 2009/1:2022v5
03.012 Rundkies 1 (KBOB.2022v5_r),03.012 Rundkies 1 (KBOB.2022v5_r),,,,REFERENCE_MATERIAL,1650,59.4,19.2,40.2,0.00405,0.00179,0.00226,0.0682,0.0156,0.0526,0.0157,0.00305,0.0126,kg,0,1A0D933D-B136-4441-B98F-6E6FFD1DFDD8,KBOB 2022 V5,Alle > REFERENZ-MATERIALIEN > kbob.admin.ch > KBOB / ecobau / IPB 2009/1:2022v5
03.013 Sand 1 (KBOB.2022v5_r),03.013 Sand 1 (KBOB.2022v5_r),,,,REFERENCE_MATERIAL,1500,59.4,19.2,40.2,0.00405,0.00179,0.00226,0.0682,0.0156,0.0526,0.0157,0.00305,0.0126,kg,0,B6F7B71D-25CE-45F6-BA5A-1A786AC69E0B,KBOB 2022 V5,Alle > REFERENZ-MATERIALIEN > kbob.admin.ch > KBOB / ecobau / IPB 2009/1:2022v5
03.014 Sanitärkeramik (KBOB.2022v5_r),03.014 Sanitärkeramik (KBOB.2022v5_r),,,,REFERENCE_MATERIAL,2000,4680,4640,42.5,0.367,0.365,0.00221,11.1,11.1,0.0526,2.38,2.37,0.0127,kg,0,A5A3BA1D-7F7F-4677-9E1C-3545B9DF79BA,KBOB 2022 V5,Alle > REFERENZ-MATERIALIEN > kbob.admin.ch > KBOB / ecobau / IPB 2009/1:2022v5
03.020 Stampflehm (KBOB.2022v5_r),03.020 Stampflehm (KBOB.2022v5_r),,,,REFERENCE_MATERIAL,2000,80.1,32,48.2,0.00514,0.00487,0.00027,0.0795,0.0745,0.00496,0.0194,0.0183,0.00115,kg,0,D3586070-8058-4A67-BC89-68508822DA21,KBOB 2022 V5,Alle > REFERENZ-MATERIALIEN > kbob.admin.ch > KBOB / ecobau / IPB 2009/1:2022v5
03.015 Tonziegel (KBOB.2022v5_r),03.015 Tonziegel (KBOB.2022v5_r),,,,REFERENCE_MATERIAL,1700,514,479,35.6,0.0357,0.0338,0.00193,1.11,1.06,0.052,0.385,0.373,0.0127,kg,0,84E2D4F6-D61F-4EDF-9D13-7DA1543A7887,KBOB 2022 V5,Alle > REFERENZ-MATERIALIEN > kbob.admin.ch > KBOB / ecobau / IPB 2009/1:2022v5
04.008 Baukleber/Einbettmörtel mineralisch (KBOB.2022v5_r),04.008 Baukleber/Einbettmörtel mineralisch (KBOB.2022v5_r),,,,REFERENCE_MATERIAL,1400,633,590,42.5,0.175,0.173,0.00208,1.53,1.47,0.0524,0.406,0.393,0.0127,kg,0,FA96A840-32DF-4C9A-935F-19037F653A62,KBOB 2022 V5,Alle > REFERENZ-MATERIALIEN > kbob.admin.ch > KBOB / ecobau / IPB 2009/1:2022v5
04.010 Baukleber/Einbettmörtel mineralisch Leichtzuschlag (KBOB.2022v5_r),04.010 Baukleber/Einbettmörtel mineralisch Leichtzuschlag (KBOB.2022v5_r),,,,REFERENCE_MATERIAL,1100,638,595,42.5,0.154,0.152,0.00208,1.61,1.56,0.0524,0.426,0.414,0.0127,kg,0,985B3DC3-846D-49CE-9067-8F50B4FE70D7,KBOB 2022 V5,Alle > REFERENZ-MATERIALIEN > kbob.admin.ch > KBOB / ecobau / IPB 2009/1:2022v5
04.002 Baukleber/Einbettmörtel organisch (KBOB.2022v5_r),04.002 Baukleber/Einbettmörtel organisch (KBOB.2022v5_r),,,,REFERENCE_MATERIAL,1670,1390,1350,42.5,0.163,0.161,0.00208,4.15,4.1,0.0524,0.777,0.764,0.0127,kg,0,3A9DAB99-F63E-4DC7-9D95-2789F2A46143,KBOB 2022 V5,Alle > REFERENZ-MATERIALIEN > kbob.admin.ch > KBOB / ecobau / IPB 2009/1:2022v5
04.017 Gips-Kalk-Putz (KBOB.2022v5_r),04.017 Gips-Kalk-Putz (KBOB.2022v5_r),,,,REFERENCE_MATERIAL,925,251,209,42.5,0.0649,0.0629,0.00208,0.674,0.622,0.0524,0.158,0.145,0.0127,kg,0,BE39AA2B-67C3-4306-AD5D-5261E43D632D,KBOB 2022 V5,Alle > REFERENZ-MATERIALIEN > kbob.admin.ch > KBOB / ecobau / IPB 2009/1:2022v5
04.001 Gips-/Weissputz (KBOB.2022v5_r),04.001 Gips-/Weissputz (KBOB.2022v5_r),,,,REFERENCE_MATERIAL,1100,241,199,42.5,0.0633,0.0612,0.00208,0.68,0.628,0.0524,0.151,0.138,0.0127,kg,0,76D9CFC6-6174-4644-829E-1020C95D5322,KBOB 2022 V5,Alle > REFERENZ-MATERIALIEN > kbob.admin.ch > KBOB / ecobau / IPB 2009/1:2022v5
04.003 Kunststoffputz (Dispersionsputz) (KBOB.2022v5_r),04.003 Kunststoffputz (Dispersionsputz) (KBOB.2022v5_r),,,,REFERENCE_MATERIAL,1540,1740,1700,42.5,0.238,0.236,0.00208,5.2,5.15,0.0524,0.97,0.957,0.0127,kg,0,D4AB5F70-61BE-4668-8A2C-FF1C755A1728,KBOB 2022 V5,Alle > REFERENZ-MATERIALIEN > kbob.admin.ch > KBOB / ecobau / IPB 2009/1:2022v5
04.013 Kalk-Zement/Zement-Kalk-Putz (KBOB.2022v5_r),04.013 Kalk-Zement/Zement-Kalk-Putz (KBOB.2022v5_r),,,,REFERENCE_MATERIAL,1550,396,353,42.5,0.136,0.134,0.00208,0.715,0.662,0.0524,0.263,0.251,0.0127,kg,0,9BD4C9E4-4499-4215-9215-2EF12370ACE6,KBOB 2022 V5,Alle > REFERENZ-MATERIALIEN > kbob.admin.ch > KBOB / ecobau / IPB 2009/1:2022v5
04.004 Lehmputz (KBOB.2022v5_r),04.004 Lehmputz (KBOB.2022v5_r),,,,REFERENCE_MATERIAL,1800,96.2,53.7,42.5,0.019,0.0169,0.00208,0.172,0.12,0.0524,0.0323,0.0195,0.0127,kg,0,412F0DEF-2F16-4D81-95CF-2A7394086B28,KBOB 2022 V5,Alle > REFERENZ-MATERIALIEN > kbob.admin.ch > KBOB / ecobau / IPB 2009/1:2022v5
04.015 Leichtputz mineralisch (KBOB.2022v5_r),04.015 Leichtputz mineralisch (KBOB.2022v5_r),,,,REFERENCE_MATERIAL,1000,574,532,42.5,0.164,0.162,0.00208,1.23,1.18,0.0524,0.373,0.36,0.0127,kg,0,A8D1862B-6EEC-48B6-83BC-8EFACE342122,KBOB 2022 V5,Alle > REFERENZ-MATERIALIEN > kbob.admin.ch > KBOB / ecobau / IPB 2009/1:2022v5
04.011 Silikatputz (Dispersionssilikatputz) (KBOB.2022v5_r),04.011 Silikatputz (Dispersionssilikatputz) (KBOB.2022v5_r),,,,REFERENCE_MATERIAL,1880,1880,1840,42.5,0.278,0.276,0.00208,5.49,5.43,0.0524,1.08,1.07,0.0127,kg,0,868CB13D-7EF0-454B-B4FD-AE2B04538206,KBOB 2022 V5,Alle > REFERENZ-MATERIALIEN > kbob.admin.ch > KBOB / ecobau / IPB 2009/1:2022v5
04.012 Silikonharzputz (KBOB.2022v5_r),04.012 Silikonharzputz (KBOB.2022v5_r),,,,REFERENCE_MATERIAL,1670,2010,1970,42.5,0.361,0.359,0.00208,6.09,6.04,0.0524,1.14,1.13,0.0127,kg,0,324E5DE0-FEB1-49C3-9188-F1AA0E119514,KBOB 2022 V5,Alle > REFERENZ-MATERIALIEN > kbob.admin.ch > KBOB / ecobau / IPB 2009/1:2022v5
04.016 Sumpfkalkputz (KBOB.2022v5_r),04.016 Sumpfkalkputz (KBOB.2022v5_r),,,,REFERENCE_MATERIAL,1350,745,702,42.5,0.13,0.128,0.00208,1.77,1.72,0.0524,0.51,0.497,0.0127,kg,0,333331BA-98CA-49BD-887A-D65AA4D5B2C4,KBOB 2022 V5,Alle > REFERENZ-MATERIALIEN > kbob.admin.ch > KBOB / ecobau / IPB 2009/1:2022v5
"04.005 Unterlagsboden Anhydrit, 60 mm (KBOB.2022v5_r)","04.005 Unterlagsboden Anhydrit, 60 mm (KBOB.2022v5_r)",,,,REFERENCE_MATERIAL,2000,215,172,42.5,0.0323,0.0301,0.00221,0.429,0.376,0.0526,0.0911,0.0784,0.0127,kg,0,3B956811-9D40-452C-BAC2-FBA122630C43,KBOB 2022 V5,Alle > REFERENZ-MATERIALIEN > kbob.admin.ch > KBOB / ecobau / IPB 2009/1:2022v5
"04.006 Unterlagsboden Zement, 85 mm (KBOB.2022v5_r)","04.006 Unterlagsboden Zement, 85 mm (KBOB.2022v5_r)",,,,REFERENCE_MATERIAL,1850,206,163,42.5,0.0366,0.0344,0.00221,0.231,0.179,0.0526,0.12,0.107,0.0127,kg,0,B0F22D3F-709D-408F-9ACA-1533FA4C7F45,KBOB 2022 V5,Alle > REFERENZ-MATERIALIEN > kbob.admin.ch > KBOB / ecobau / IPB 2009/1:2022v5
04.007 Wärmedämmputz EPS (KBOB.2022v5_r),04.007 Wärmedämmputz EPS (KBOB.2022v5_r),,,,REFERENCE_MATERIAL,250,964,921,42.5,0.151,0.148,0.00208,1.79,1.74,0.0524,0.727,0.714,0.0127,kg,0,E68F96C7-984A-47B5-B17C-B2806BD1CF1C,KBOB 2022 V5,Alle > REFERENZ-MATERIALIEN > kbob.admin.ch > KBOB / ecobau / IPB 2009/1:2022v5
04.014 Weisszementputz (KBOB.2022v5_r),04.014 Weisszementputz (KBOB.2022v5_r),,,,REFERENCE_MATERIAL,1550,507,464,42.5,0.141,0.139,0.00208,0.901,0.848,0.0524,0.353,0.341,0.0127,kg,0,223F00DA-C2D9-4971-879F-F391648A0155,KBOB 2022 V5,Alle > REFERENZ-MATERIALIEN > kbob.admin.ch > KBOB / ecobau / IPB 2009/1:2022v5
04.009 Zementputz (KBOB.2022v5_r),04.009 Zementputz (KBOB.2022v5_r),,,,REFERENCE_MATERIAL,1550,391,348,42.5,0.128,0.126,0.00208,0.654,0.602,0.0524,0.261,0.248,0.0127,kg,0,382D5231-E4CF-42D6-B935-D41BA653E3EE,KBOB 2022 V5,Alle > REFERENZ-MATERIALIEN > kbob.admin.ch > KBOB / ecobau / IPB 2009/1:2022v5
"05.008 Fassade, Pfosten-Riegel, Alu/Glas 1 (KBOB.2022v5_r)","05.008 Fassade, Pfosten-Riegel, Alu/Glas 1 (KBOB.2022v5_r)",,,,REFERENCE_MATERIAL,,329000,313000,15500,73.2,72.8,0.49,703,698,5.23,182,169,13.1,m2,0,297C8AF9-6B6F-47A2-9F51-A0D37EFCB892,KBOB 2022 V5,Alle > REFERENZ-MATERIALIEN > kbob.admin.ch > KBOB / ecobau / IPB 2009/1:2022v5
"05.022 Fassadenplatte, Aluverbund, 4 mm (KBOB.2022v5_r)","05.022 Fassadenplatte, Aluverbund, 4 mm (KBOB.2022v5_r)",,,,REFERENCE_MATERIAL,7.1,74900,66600,8270,24,24,0.0511,192,192,0.87,43.3,35.7,7.65,m2,0,5905B6AD-722F-40CB-9877-57D366B4ABF4,KBOB 2022 V5,Alle > REFERENZ-MATERIALIEN > kbob.admin.ch > KBOB / ecobau / IPB 2009/1:2022v5
"05.028.01 Fassadenplatte, Glasfaserbeton Ecomur, 15mm (KBOB.2022v5_r)","05.028.01 Fassadenplatte, Glasfaserbeton Ecomur, 15mm (KBOB.2022v5_r)",,,,REFERENCE_MATERIAL,33.6,44886.24,43680,1206.24,17.16691,17.1024,0.06451,73.99392,72.24,1.75392,29.76288,29.3328,0.43008,m2,0,33d095f4-9d1b-4bbb-bd49-2bc99388facd,KBOB 2022 V5,Alle > REFERENZ-MATERIALIEN > kbob.admin.ch > KBOB / ecobau / IPB 2009/1:2022v5
"05.028.02 Fassadenplatte, Glasfaserbeton Ecomur, 18mm (KBOB.2022v5_r)","05.028.02 Fassadenplatte, Glasfaserbeton Ecomur, 18mm (KBOB.2022v5_r)",,,,REFERENCE_MATERIAL,40.3,53836.77,52390,1446.77,20.59008,20.5127,0.07738,88.74866,86.645,2.10366,35.69774,35.1819,0.51584,m2,0,e87386b1-baac-4021-8cdb-e9588c9cfeaa,KBOB 2022 V5,Alle > REFERENZ-MATERIALIEN > kbob.admin.ch > KBOB / ecobau / IPB 2009/1:2022v5
"05.023 Fassadenplatte, Hochdrucklaminatplatte (HPL), 8.1 mm (KBOB.2022v5_r)","05.023 Fassadenplatte, Hochdrucklaminatplatte (HPL), 8.1 mm (KBOB.2022v5_r)",,,,REFERENCE_MATERIAL,11.6,73400,58400,15000,84.4,84.2,0.205,198,195,3.05,46,33.3,12.6,m2,3.28,4722E1EF-E1A5-470C-8310-F4DC0300F7F3,KBOB 2022 V5,Alle > REFERENZ-MATERIALIEN > kbob.admin.ch > KBOB / ecobau / IPB 2009/1:2022v5
"05.025 Fassadenplatte, Kalkstein, 30 mm (KBOB.2022v5_r)","05.025 Fassadenplatte, Kalkstein, 30 mm (KBOB.2022v5_r)",,,,REFERENCE_MATERIAL,78,11000,7670,3310,2.04,1.87,0.172,26.4,22.3,4.1,5.74,4.75,0.989,m2,0,D4B0ECEB-1E00-4A60-A09E-D631A07E2EE3,KBOB 2022 V5,Alle > REFERENZ-MATERIALIEN > kbob.admin.ch > KBOB / ecobau / IPB 2009/1:2022v5
"05.024 Fassadenplatte, Kunststoff glasfaserverstärkt (GFK), 1.6 mm (KBOB.2022v5_r)","05.024 Fassadenplatte, Kunststoff glasfaserverstärkt (GFK), 1.6 mm (KBOB.2022v5_r)",,,,REFERENCE_MATERIAL,2.4,31700,25700,6000,3.63,3.6,0.0291,75.4,74.7,0.654,22.1,16.6,5.51,m2,0,4BA8E23B-3562-494B-87B2-9D891B313B9B,KBOB 2022 V5,Alle > REFERENZ-MATERIALIEN > kbob.admin.ch > KBOB / ecobau / IPB 2009/1:2022v5
"05.004 Fensterrahmen Aluminium 2,5 (KBOB.2022v5_r)","05.004 Fensterrahmen Aluminium 2,5 (KBOB.2022v5_r)",,,,REFERENCE_MATERIAL,,246000,230000,16200,77.5,77.4,0.107,553,551,1.98,132,117,14.9,m2,0,9F6858EE-648D-43AA-A72E-46D8A0B25E11,KBOB 2022 V5,Alle > REFERENZ-MATERIALIEN > kbob.admin.ch > KBOB / ecobau / IPB 2009/1:2022v5
"05.004.01 Fensterrahmen Aluminium, WICLINE 75evo, hergestellt mit Hydro CIRCAL 75R 2,5 (KBOB.2022v5_r)","05.004.01 Fensterrahmen Aluminium, WICLINE 75evo, hergestellt mit Hydro CIRCAL 75R 2,5 (KBOB.2022v5_r)",,,,REFERENCE_MATERIAL,,177000,171000,6240,53.9,53.9,0.0156,193,193,0.48,55.6,49.6,5.98,m2,0,A4A06F21-D291-4225-99D1-EAEAAD11A2A3,KBOB 2022 V5,Alle > REFERENZ-MATERIALIEN > kbob.admin.ch > KBOB / ecobau / IPB 2009/1:2022v5
"05.005 Fensterrahmen Holz 2,6 (KBOB.2022v5_r)","05.005 Fensterrahmen Holz 2,6 (KBOB.2022v5_r)",,,,REFERENCE_MATERIAL,,77700,70600,7120,190,190,0.0357,172,170,2,36.2,30.3,5.89,m2,7.5,E65D5066-3C25-440A-A67B-44AACF067AD5,KBOB 2022 V5,Alle > REFERENZ-MATERIALIEN > kbob.admin.ch > KBOB / ecobau / IPB 2009/1:2022v5
"05.005.01 Fensterrahmen Holz, Saphir integral 67/55, G. Baumgartner AG 2,6 (KBOB.2022v5_r)","05.005.01 Fensterrahmen Holz, Saphir integral 67/55, G. Baumgartner AG 2,6 (KBOB.2022v5_r)",,,,REFERENCE_MATERIAL,,59300,55400,3960,114,114,0.0221,139,138,1.23,25.4,22,3.36,m2,4.11,7fc677ab-2fc6-41f9-a1a0-7524d56ea307,KBOB 2022 V5,Alle > REFERENZ-MATERIALIEN > kbob.admin.ch > KBOB / ecobau / IPB 2009/1:2022v5
"05.006 Fensterrahmen Holz-Metall 2,6 (KBOB.2022v5_r)","05.006 Fensterrahmen Holz-Metall 2,6 (KBOB.2022v5_r)",,,,REFERENCE_MATERIAL,,134000,126000,8230,179,179,0.0369,300,298,1.89,65.7,58.6,7.11,m2,6.25,5D3F1239-2A50-4539-8DEF-341218D0F70A,KBOB 2022 V5,Alle > REFERENZ-MATERIALIEN > kbob.admin.ch > KBOB / ecobau / IPB 2009/1:2022v5
"05.006.01 Fensterrahmen Holz-Metall, Saphir integral 55/55, G. Baumgartner AG 2,6 (KBOB.2022v5_r)","05.006.01 Fensterrahmen Holz-Metall, Saphir integral 55/55, G. Baumgartner AG 2,6 (KBOB.2022v5_r)",,,,REFERENCE_MATERIAL,,79600,71900,7640,113,113,0.0309,193,191,1.46,38,31.1,6.9,m2,3.81,11d36a08-6653-4405-bb9e-2dbbd8e71d8e,KBOB 2022 V5,Alle > REFERENZ-MATERIALIEN > kbob.admin.ch > KBOB / ecobau / IPB 2009/1:2022v5
"05.007 Fensterrahmen Kunststoff/PVC 2,6 (KBOB.2022v5_r)","05.007 Fensterrahmen Kunststoff/PVC 2,6 (KBOB.2022v5_r)",,,,REFERENCE_MATERIAL,,115000,103000,11800,15.6,15.1,0.494,328,323,5.31,63.4,53.2,10.2,m2,0,84E9C627-DD03-4A9F-AB74-C19202145195,KBOB 2022 V5,Alle > REFERENZ-MATERIALIEN > kbob.admin.ch > KBOB / ecobau / IPB 2009/1:2022v5
"05.001 Isolierverglasung 2-fach, Ug-Wert 1.1 W/m2K, Dicke 24 mm 3 (KBOB.2022v5_r)","05.001 Isolierverglasung 2-fach, Ug-Wert 1.1 W/m2K, Dicke 24 mm 3 (KBOB.2022v5_r)",,,,REFERENCE_MATERIAL,,70700,65800,4910,10.5,10.2,0.277,167,165,2.66,44.3,40.7,3.6,m2,0,F9C5864D-7143-472A-A4CB-7ED4DC0B447F,KBOB 2022 V5,Alle > REFERENZ-MATERIALIEN > kbob.admin.ch > KBOB / ecobau / IPB 2009/1:2022v5
"05.009 Isolierverglasung 2-fach, Ug-Wert 1.1 W/m2K, Dicke 18 mm 3 (KBOB.2022v5_r)","05.009 Isolierverglasung 2-fach, Ug-Wert 1.1 W/m2K, Dicke 18 mm 3 (KBOB.2022v5_r)",,,,REFERENCE_MATERIAL,,78900,74800,4090,13.2,12.9,0.272,195,192,2.58,48.6,45.7,2.84,m2,0,7785FAA6-5F71-47CC-8753-2694318F593D,KBOB 2022 V5,Alle > REFERENZ-MATERIALIEN > kbob.admin.ch > KBOB / ecobau / IPB 2009/1:2022v5
"05.010 Isolierverglasung 2-fach, ESG, Ug-Wert 1.1 W/m2K 3 (KBOB.2022v5_r)","05.010 Isolierverglasung 2-fach, ESG, Ug-Wert 1.1 W/m2K 3 (KBOB.2022v5_r)",,,,REFERENCE_MATERIAL,,87000,82100,4910,18.9,18.7,0.277,216,214,2.66,52.1,48.5,3.6,m2,0,235E295B-72C0-461F-8320-6D07BA2F7021,KBOB 2022 V5,Alle > REFERENZ-MATERIALIEN > kbob.admin.ch > KBOB / ecobau / IPB 2009/1:2022v5
"05.002 Isolierverglasung 2-fach, VSG, Ug-Wert 1.1 W/m2K 3 (KBOB.2022v5_r)","05.002 Isolierverglasung 2-fach, VSG, Ug-Wert 1.1 W/m2K 3 (KBOB.2022v5_r)",,,,REFERENCE_MATERIAL,,128000,119000,8730,21.7,21.2,0.424,324,320,4.12,79.3,72.6,6.68,m2,0,7D185B01-5484-4A8B-A8F5-73CB990EE890,KBOB 2022 V5,Alle > REFERENZ-MATERIALIEN > kbob.admin.ch > KBOB / ecobau / IPB 2009/1:2022v5
"05.011 Isolierverglasung 2-fach, ESG/VSG, Ug-Wert 1.1 W/m2K 3 (KBOB.2022v5_r)","05.011 Isolierverglasung 2-fach, ESG/VSG, Ug-Wert 1.1 W/m2K 3 (KBOB.2022v5_r)",,,,REFERENCE_MATERIAL,,144000,136000,8730,30.1,29.7,0.424,373,369,4.12,87.1,80.4,6.68,m2,0,C52C5B31-C765-4594-852A-0894882A8ED1,KBOB 2022 V5,Alle > REFERENZ-MATERIALIEN > kbob.admin.ch > KBOB / ecobau / IPB 2009/1:2022v5
"05.003 Isolierverglasung 3-fach, Ug-Wert 0.5 W/m2K, Dicke 36 mm 3 (KBOB.2022v5_r)","05.003 Isolierverglasung 3-fach, Ug-Wert 0.5 W/m2K, Dicke 36 mm 3 (KBOB.2022v5_r)",,,,REFERENCE_MATERIAL,,128000,121000,6830,23.3,22.9,0.412,320,316,3.93,78.3,73.4,4.92,m2,0,43101D99-1D7B-4082-B62D-BF509227B57E,KBOB 2022 V5,Alle > REFERENZ-MATERIALIEN > kbob.admin.ch > KBOB / ecobau / IPB 2009/1:2022v5
"05.012 Isolierverglasung 3-fach, Ug-Wert 0.6 W/m2K, Dicke 40 mm 3 (KBOB.2022v5_r)","05.012 Isolierverglasung 3-fach, Ug-Wert 0.6 W/m2K, Dicke 40 mm 3 (KBOB.2022v5_r)",,,,REFERENCE_MATERIAL,,110000,102000,7680,16.5,16.1,0.417,255,251,4.02,67.8,62.1,5.7,m2,0,8C429A3C-65E9-423C-BB08-626C4639C97B,KBOB 2022 V5,Alle > REFERENZ-MATERIALIEN > kbob.admin.ch > KBOB / ecobau / IPB 2009/1:2022v5
"05.013 Isolierverglasung 3-fach, ESG/ESG, Ug-Wert 0.6 W/m2K 3 (KBOB.2022v5_r)","05.013 Isolierverglasung 3-fach, ESG/ESG, Ug-Wert 0.6 W/m2K 3 (KBOB.2022v5_r)",,,,REFERENCE_MATERIAL,,143000,135000,7680,33.5,33.1,0.417,353,349,4.02,83.3,77.6,5.7,m2,0,D6D60F63-0AC6-4F65-A665-23893EFE55EE,KBOB 2022 V5,Alle > REFERENZ-MATERIALIEN > kbob.admin.ch > KBOB / ecobau / IPB 2009/1:2022v5
"05.014 Isolierverglasung 3-fach, ESG/ESG/ESG, Ug-Wert 0.6 W/m2K 3 (KBOB.2022v5_r)","05.014 Isolierverglasung 3-fach, ESG/ESG/ESG, Ug-Wert 0.6 W/m2K 3 (KBOB.2022v5_r)",,,,REFERENCE_MATERIAL,,159000,151000,7680,41.9,41.5,0.417,402,398,4.02,91.1,85.4,5.7,m2,0,9D1F01AD-FA63-4F98-AFF3-157F4000D8B3,KBOB 2022 V5,Alle > REFERENZ-MATERIALIEN > kbob.admin.ch > KBOB / ecobau / IPB 2009/1:2022v5
"05.015 Isolierverglasung 3-fach, VSG, Ug-Wert 0.6 W/m2K 3 (KBOB.2022v5_r)","05.015 Isolierverglasung 3-fach, VSG, Ug-Wert 0.6 W/m2K 3 (KBOB.2022v5_r)",,,,REFERENCE_MATERIAL,,168000,156000,11500,27.5,27,0.564,412,406,5.48,103,94,8.78,m2,0,14DFC8C9-C915-43A2-AE52-7B78F5948269,KBOB 2022 V5,Alle > REFERENZ-MATERIALIEN > kbob.admin.ch > KBOB / ecobau / IPB 2009/1:2022v5
"05.016 Isolierverglasung 3-fach, ESG/VSG, Ug-Wert 0.6 W/m2K 3 (KBOB.2022v5_r)","05.016 Isolierverglasung 3-fach, ESG/VSG, Ug-Wert 0.6 W/m2K 3 (KBOB.2022v5_r)",,,,REFERENCE_MATERIAL,,185000,174000,11500,36.3,35.7,0.564,464,459,5.48,111,103,8.78,m2,0,C17242EF-5C5D-430E-A900-4449A1BC8082,KBOB 2022 V5,Alle > REFERENZ-MATERIALIEN > kbob.admin.ch > KBOB / ecobau / IPB 2009/1:2022v5
05.020 Putzträgerplatte kunstharzgebunden 13 mm (KBOB.2022v5_r),05.020 Putzträgerplatte kunstharzgebunden 13 mm (KBOB.2022v5_r),,,,REFERENCE_MATERIAL,6.3,16600,16400,268,3.61,3.6,0.0139,44.3,44,0.331,8.11,8.03,0.0799,m2,0,8A64F51B-96D1-418F-8698-65A2DFC2F6E0,KBOB 2022 V5,Alle > REFERENZ-MATERIALIEN > kbob.admin.ch > KBOB / ecobau / IPB 2009/1:2022v5
05.021 Putzträgerplatte mineralisch gebunden 12.5 mm (KBOB.2022v5_r),05.021 Putzträgerplatte mineralisch gebunden 12.5 mm (KBOB.2022v5_r),,,,REFERENCE_MATERIAL,14.4,9910,9300,612,2.44,2.41,0.0318,19.1,18.3,0.757,6.31,6.12,0.183,m2,0,A2E56139-B17E-48D2-AA28-1FBBBDE730B0,KBOB 2022 V5,Alle > REFERENZ-MATERIALIEN > kbob.admin.ch > KBOB / ecobau / IPB 2009/1:2022v5
"05.026 Rahmenverbreiterung, PVC (KBOB.2022v5_r)","05.026 Rahmenverbreiterung, PVC (KBOB.2022v5_r)",,,,REFERENCE_MATERIAL,15,99700,66500,33300,42,41,1.06,306,294,12.5,69.7,39.5,30.1,m2,0.778,bbb96c85-8f12-4104-b774-2203f3d542e6,KBOB 2022 V5,Alle > REFERENZ-MATERIALIEN > kbob.admin.ch > KBOB / ecobau / IPB 2009/1:2022v5
"05.027 Rahmenverbreiterung, Spanplatte (KBOB.2022v5_r)","05.027 Rahmenverbreiterung, Spanplatte (KBOB.2022v5_r)",,,,REFERENCE_MATERIAL,17.8,43500,35900,7590,94.5,94.4,0.123,124,121,3.52,26.1,19.5,6.59,m2,6.68,9430b1e1-54b2-4105-8516-8c4ae46612d8,KBOB 2022 V5,Alle > REFERENZ-MATERIALIEN > kbob.admin.ch > KBOB / ecobau / IPB 2009/1:2022v5
"05.018 Sonnenschutz, Ausstellstoren motorisiert 4 (KBOB.2022v5_r)","05.018 Sonnenschutz, Ausstellstoren motorisiert 4 (KBOB.2022v5_r)",,,,REFERENCE_MATERIAL,,150000,148000,2110,35.9,35.9,0.0296,283,282,0.542,67.8,65.9,1.91,m2,0,E236578E-CD94-4A5B-8102-258340AD9D3E,KBOB 2022 V5,Alle > REFERENZ-MATERIALIEN > kbob.admin.ch > KBOB / ecobau / IPB 2009/1:2022v5
"05.017 Sonnenschutz, Lamellenstoren motorisiert 4 (KBOB.2022v5_r)","05.017 Sonnenschutz, Lamellenstoren motorisiert 4 (KBOB.2022v5_r)",,,,REFERENCE_MATERIAL,,133000,131000,1620,32.3,32.2,0.0259,249,248,0.434,59.9,58.5,1.47,m2,0,9E4B8BDA-989A-484D-BFB1-E6CB90491CC4,KBOB 2022 V5,Alle > REFERENZ-MATERIALIEN > kbob.admin.ch > KBOB / ecobau / IPB 2009/1:2022v5
"05.019 Sonnenschutz, Rollladen motorisiert 4 (KBOB.2022v5_r)","05.019 Sonnenschutz, Rollladen motorisiert 4 (KBOB.2022v5_r)",,,,REFERENCE_MATERIAL,,168000,167000,800,44.3,44.3,0.022,313,313,0.406,74.7,74,0.694,m2,0,D69BFDA2-373D-4794-BF31-42FAD621E4FB,KBOB 2022 V5,Alle > REFERENZ-MATERIALIEN > kbob.admin.ch > KBOB / ecobau / IPB 2009/1:2022v5
"06.001 Aluminiumblech, blank (KBOB.2022v5_r)","06.001 Aluminiumblech, blank (KBOB.2022v5_r)",,,,REFERENCE_MATERIAL,2690,12500,12500,19.8,5.23,5.23,0.00079,24.8,24.8,0.0314,5.58,5.57,0.00792,kg,0,122994E0-6AE3-48F8-97C2-633125609F3E,KBOB 2022 V5,Alle > REFERENZ-MATERIALIEN > kbob.admin.ch > KBOB / ecobau / IPB 2009/1:2022v5
"06.002 Aluminiumprofil, blank (KBOB.2022v5_r)","06.002 Aluminiumprofil, blank (KBOB.2022v5_r)",,,,REFERENCE_MATERIAL,2690,11500,11400,19.8,5.27,5.26,0.00079,25.6,25.6,0.0314,5.7,5.69,0.00792,kg,0,9D19FB5F-33F0-44B4-9489-B6E224103955,KBOB 2022 V5,Alle > REFERENZ-MATERIALIEN > kbob.admin.ch > KBOB / ecobau / IPB 2009/1:2022v5
"06.002.01 Aluminiumprofil blank, WICONA, hergestellt mit Hydro CIRCAL 75R (KBOB.2022v5_r)","06.002.01 Aluminiumprofil blank, WICONA, hergestellt mit Hydro CIRCAL 75R (KBOB.2022v5_r)",,,,REFERENCE_MATERIAL,2690,12700,12700,19.8,4.26,4.26,0.00079,8.88,8.85,0.0314,2.67,2.66,0.00792,kg,0,C956DDE7-29FC-4FE5-A965-177615E14D14,KBOB 2022 V5,Alle > REFERENZ-MATERIALIEN > kbob.admin.ch > KBOB / ecobau / IPB 2009/1:2022v5
06.003 Armierungsstahl (KBOB.2022v5_r),06.003 Armierungsstahl (KBOB.2022v5_r),,,,REFERENCE_MATERIAL,7850,1590,1570,19.5,0.362,0.36,0.00202,3.44,3.39,0.0505,0.785,0.773,0.0122,kg,0,1F33844F-91D2-4363-B328-904E15110A1C,KBOB 2022 V5,Alle > REFERENZ-MATERIALIEN > kbob.admin.ch > KBOB / ecobau / IPB 2009/1:2022v5
06.014 Blei (KBOB.2022v5_r),06.014 Blei (KBOB.2022v5_r),,,,REFERENCE_MATERIAL,11340,3810,3790,19.8,0.248,0.247,0.00079,3.84,3.81,0.0314,1.02,1.01,0.00792,kg,0,1483FF58-F07C-4ED4-A422-3E72A667D1A7,KBOB 2022 V5,Alle > REFERENZ-MATERIALIEN > kbob.admin.ch > KBOB / ecobau / IPB 2009/1:2022v5
06.004 Chromnickelstahlblech 18/8 blank (KBOB.2022v5_r),06.004 Chromnickelstahlblech 18/8 blank (KBOB.2022v5_r),,,,REFERENCE_MATERIAL,7900,9710,9690,11.1,2.41,2.41,0.00058,14.6,14.5,0.0272,4.12,4.11,0.00693,kg,0,0FE00428-0CF6-4CC1-A4B1-BA186F56D57E,KBOB 2022 V5,Alle > REFERENZ-MATERIALIEN > kbob.admin.ch > KBOB / ecobau / IPB 2009/1:2022v5
06.005 Chromnickelstahlblech 18/8 verzinnt (KBOB.2022v5_r),06.005 Chromnickelstahlblech 18/8 verzinnt (KBOB.2022v5_r),,,,REFERENCE_MATERIAL,7900,13000,13000,11.1,2.69,2.69,0.00058,22.3,22.2,0.0272,5.88,5.87,0.00693,kg,0,7AD1957E-FC33-43A8-88F8-2A4DD83A362A,KBOB 2022 V5,Alle > REFERENZ-MATERIALIEN > kbob.admin.ch > KBOB / ecobau / IPB 2009/1:2022v5
06.006 Chromstahlblech blank (KBOB.2022v5_r),06.006 Chromstahlblech blank (KBOB.2022v5_r),,,,REFERENCE_MATERIAL,7700,7080,7070,11.1,0.981,0.98,0.00058,8.53,8.51,0.0272,2.74,2.73,0.00693,kg,0,75CC3E80-7E5F-4E12-898A-03966A87E3E6,KBOB 2022 V5,Alle > REFERENZ-MATERIALIEN > kbob.admin.ch > KBOB / ecobau / IPB 2009/1:2022v5
06.007 Chromstahlblech verzinnt (KBOB.2022v5_r),06.007 Chromstahlblech verzinnt (KBOB.2022v5_r),,,,REFERENCE_MATERIAL,7700,10400,10400,11.1,1.25,1.25,0.00058,16.2,16.2,0.0272,4.49,4.48,0.00693,kg,0,4594A8BF-8167-4183-9A45-CB64DF6D95B8,KBOB 2022 V5,Alle > REFERENZ-MATERIALIEN > kbob.admin.ch > KBOB / ecobau / IPB 2009/1:2022v5
"06.008 Kupferblech, blank (KBOB.2022v5_r)","06.008 Kupferblech, blank (KBOB.2022v5_r)",,,,REFERENCE_MATERIAL,8900,24500,24500,19.8,1.64,1.64,0.00079,8.9,8.87,0.0314,2.2,2.2,0.00792,kg,0,92E11D9B-9BC5-4032-BB06-2082CE3D8AFD,KBOB 2022 V5,Alle > REFERENZ-MATERIALIEN > kbob.admin.ch > KBOB / ecobau / IPB 2009/1:2022v5
06.009 Messing-/Baubronzeblech (KBOB.2022v5_r),06.009 Messing-/Baubronzeblech (KBOB.2022v5_r),,,,REFERENCE_MATERIAL,8300,25500,25400,19.8,1.9,1.89,0.00079,11.1,11,0.0314,2.71,2.7,0.00792,kg,0,EB9E1E6E-6F40-4CB7-B373-5D66FD146CF5,KBOB 2022 V5,Alle > REFERENZ-MATERIALIEN > kbob.admin.ch > KBOB / ecobau / IPB 2009/1:2022v5
"06.010 Stahlblech, blank (KBOB.2022v5_r)","06.010 Stahlblech, blank (KBOB.2022v5_r)",,,,REFERENCE_MATERIAL,7850,5260,5250,11.1,0.628,0.628,0.00058,7.8,7.77,0.0272,2.8,2.79,0.00693,kg,0,38C1572A-3CE8-47C0-B24E-5E924A8AD97E,KBOB 2022 V5,Alle > REFERENZ-MATERIALIEN > kbob.admin.ch > KBOB / ecobau / IPB 2009/1:2022v5
"06.011 Stahlblech, verzinkt (KBOB.2022v5_r)","06.011 Stahlblech, verzinkt (KBOB.2022v5_r)",,,,REFERENCE_MATERIAL,7850,15200,15200,11.1,1.4,1.4,0.00058,15.6,15.6,0.0272,4.49,4.48,0.00693,kg,0,68F8D468-2A49-430A-A94A-A3073A85B029,KBOB 2022 V5,Alle > REFERENZ-MATERIALIEN > kbob.admin.ch > KBOB / ecobau / IPB 2009/1:2022v5
"06.012 Stahlprofil, blank (KBOB.2022v5_r)","06.012 Stahlprofil, blank (KBOB.2022v5_r)",,,,REFERENCE_MATERIAL,7850,1290,1280,11.1,0.255,0.254,0.00058,3.38,3.35,0.0272,0.737,0.73,0.00693,kg,0,4DC70979-B6CA-4DA5-A291-6F1A082EE475,KBOB 2022 V5,Alle > REFERENZ-MATERIALIEN > kbob.admin.ch > KBOB / ecobau / IPB 2009/1:2022v5
06.013 Titanzinkblech (KBOB.2022v5_r),06.013 Titanzinkblech (KBOB.2022v5_r),,,,REFERENCE_MATERIAL,7200,27800,27800,19.8,2.61,2.61,0.00079,17.5,17.4,0.0314,4.03,4.02,0.00792,kg,0,3A017EE3-8EAE-4957-9976-39EA72157918,KBOB 2022 V5,Alle > REFERENZ-MATERIALIEN > kbob.admin.ch > KBOB / ecobau / IPB 2009/1:2022v5
07.001 3- und 5-Schicht Massivholzplatte (KBOB.2022v5_r),07.001 3- und 5-Schicht Massivholzplatte (KBOB.2022v5_r),,,,REFERENCE_MATERIAL,453,1010,932,80.3,13.3,13.3,0.00617,2.18,2.09,0.0923,0.469,0.414,0.0553,kg,0.433,BBA9796B-B084-473D-B362-E703FAD37CAA,KBOB 2022 V5,Alle > REFERENZ-MATERIALIEN > kbob.admin.ch > KBOB / ecobau / IPB 2009/1:2022v5
07.021 Balkenschichtholz (KBOB.2022v5_r),07.021 Balkenschichtholz (KBOB.2022v5_r),,,,REFERENCE_MATERIAL,439,790,716,73.8,8.59,8.58,0.00615,1.56,1.47,0.091,0.342,0.293,0.0492,kg,0.446,f346cb73-61fb-4468-b500-3bfc161d80a6,KBOB 2022 V5,Alle > REFERENZ-MATERIALIEN > kbob.admin.ch > KBOB / ecobau / IPB 2009/1:2022v5
07.003 Brettschichtholz (KBOB.2022v5_r),07.003 Brettschichtholz (KBOB.2022v5_r),,,,REFERENCE_MATERIAL,439,769,696,73.8,8.14,8.14,0.00615,1.53,1.44,0.091,0.335,0.286,0.0492,kg,0.446,75F8C2B2-0B4E-4243-93D6-9D8B721B4D12,KBOB 2022 V5,Alle > REFERENZ-MATERIALIEN > kbob.admin.ch > KBOB / ecobau / IPB 2009/1:2022v5
"07.003.01 Brettschichtholz, Produktion Schweiz (KBOB.2022v5_r)","07.003.01 Brettschichtholz, Produktion Schweiz (KBOB.2022v5_r)",,,,REFERENCE_MATERIAL,439,681,607,73.8,8.01,8,0.00615,1.2,1.11,0.091,0.253,0.204,0.0492,kg,0.447,5D0AAC66-9661-4D7A-A239-8A8931B4CFF3,KBOB 2022 V5,Alle > REFERENZ-MATERIALIEN > kbob.admin.ch > KBOB / ecobau / IPB 2009/1:2022v5
07.002 Brettschichtholz (KBOB.2022v5_r),07.002 Brettschichtholz (KBOB.2022v5_r),,,,REFERENCE_MATERIAL,439,769,696,73.8,8.14,8.14,0.00615,1.53,1.44,0.091,0.335,0.286,0.0492,kg,0.446,1095B95F-6036-45CA-B450-7A3A8E1897BB,KBOB 2022 V5,Alle > REFERENZ-MATERIALIEN > kbob.admin.ch > KBOB / ecobau / IPB 2009/1:2022v5
"07.002.01 Brettschichtholz, Produktion Schweiz (KBOB.2022v5_r)","07.002.01 Brettschichtholz, Produktion Schweiz (KBOB.2022v5_r)",,,,REFERENCE_MATERIAL,439,681,607,73.8,8.01,8,0.00615,1.2,1.11,0.091,0.253,0.204,0.0492,kg,0.447,D6C6F539-93DD-4C07-AF40-3EF6321D4FBD,KBOB 2022 V5,Alle > REFERENZ-MATERIALIEN > kbob.admin.ch > KBOB / ecobau / IPB 2009/1:2022v5
07.020 Brettsperrholz (KBOB.2022v5_r),07.020 Brettsperrholz (KBOB.2022v5_r),,,,REFERENCE_MATERIAL,436,882,776,106,8.12,8.11,0.00624,1.82,1.72,0.0977,0.395,0.316,0.0798,kg,0.449,83c72ece-6641-4675-97f0-a6236caf7e7f,KBOB 2022 V5,Alle > REFERENZ-MATERIALIEN > kbob.admin.ch > KBOB / ecobau / IPB 2009/1:2022v5
"07.020.01 Brettsperrholz, Produktion Schweiz (KBOB.2022v5_r)","07.020.01 Brettsperrholz, Produktion Schweiz (KBOB.2022v5_r)",,,,REFERENCE_MATERIAL,424,744,638,106,5.67,5.66,0.00624,1.6,1.51,0.0977,0.281,0.201,0.0798,kg,0.448,25754a33-5165-4d33-b2d2-e8422557b849,KBOB 2022 V5,Alle > REFERENZ-MATERIALIEN > kbob.admin.ch > KBOB / ecobau / IPB 2009/1:2022v5
07.022 Furniersperrholz (KBOB.2022v5_r),07.022 Furniersperrholz (KBOB.2022v5_r),,,,REFERENCE_MATERIAL,823,1970,1870,106,9.25,9.25,0.00624,5.08,4.98,0.0977,1.02,0.942,0.0798,kg,0.41,b914b5f8-ce92-4da0-8c94-055ee668b154,KBOB 2022 V5,Alle > REFERENZ-MATERIALIEN > kbob.admin.ch > KBOB / ecobau / IPB 2009/1:2022v5
07.004 Hartfaserplatte (KBOB.2022v5_r),07.004 Hartfaserplatte (KBOB.2022v5_r),,,,REFERENCE_MATERIAL,955,1770,1700,68.4,7.05,7.04,0.00614,4.12,4.04,0.0899,1.07,1.03,0.0441,kg,0.455,99B2F7E4-22F3-4C8E-9C76-D3CBADA830E2,KBOB 2022 V5,Alle > REFERENZ-MATERIALIEN > kbob.admin.ch > KBOB / ecobau / IPB 2009/1:2022v5
"07.005 Holzwolle-Leichtbauplatte, zementgebunden (KBOB.2022v5_r)","07.005 Holzwolle-Leichtbauplatte, zementgebunden (KBOB.2022v5_r)",,,,REFERENCE_MATERIAL,400,770,685,85.2,2.04,2.03,0.00977,1.27,1.1,0.17,0.534,0.498,0.0357,kg,0.138,C916FBF8-EB8F-43A7-9D11-9E92CF9F083D,KBOB 2022 V5,Alle > REFERENZ-MATERIALIEN > kbob.admin.ch > KBOB / ecobau / IPB 2009/1:2022v5
07.023 Konstruktionsvollholz (KBOB.2022v5_r),07.023 Konstruktionsvollholz (KBOB.2022v5_r),,,,REFERENCE_MATERIAL,436,689,620,68.4,8.28,8.28,0.00614,1.24,1.15,0.0899,0.288,0.244,0.0441,kg,0.45,dff243df-ce92-429c-b6f4-a1e3ca114b16,KBOB 2022 V5,Alle > REFERENZ-MATERIALIEN > kbob.admin.ch > KBOB / ecobau / IPB 2009/1:2022v5
"07.008 Massivholz Buche / Eiche, kammergetrocknet, gehobelt (KBOB.2022v5_r)","07.008 Massivholz Buche / Eiche, kammergetrocknet, gehobelt (KBOB.2022v5_r)",,,,REFERENCE_MATERIAL,675,436,373,62.9,7.28,7.27,0.00612,0.662,0.574,0.0888,0.152,0.113,0.039,kg,0.451,5452FFFF-13C9-4D8B-803B-E644F35A3325,KBOB 2022 V5,Alle > REFERENZ-MATERIALIEN > kbob.admin.ch > KBOB / ecobau / IPB 2009/1:2022v5
"07.008.01 Massivholz Buche / Eiche, kammergetrocknet, gehobelt, Produktion Schweiz (KBOB.2022v5_r)","07.008.01 Massivholz Buche / Eiche, kammergetrocknet, gehobelt, Produktion Schweiz (KBOB.2022v5_r)",,,,REFERENCE_MATERIAL,675,396,333,62.9,7.39,7.39,0.00612,0.572,0.483,0.0888,0.122,0.0833,0.039,kg,0.451,348B6926-0D2A-4820-AA05-C815FE65A421,KBOB 2022 V5,Alle > REFERENZ-MATERIALIEN > kbob.admin.ch > KBOB / ecobau / IPB 2009/1:2022v5
"07.007 Massivholz Buche / Eiche, kammergetrocknet, rau (KBOB.2022v5_r)","07.007 Massivholz Buche / Eiche, kammergetrocknet, rau (KBOB.2022v5_r)",,,,REFERENCE_MATERIAL,675,392,329,62.9,7.12,7.11,0.00612,0.568,0.479,0.0888,0.135,0.0962,0.039,kg,0.451,9AC95A58-6438-48B7-BB6A-B07B6F4CFB6A,KBOB 2022 V5,Alle > REFERENZ-MATERIALIEN > kbob.admin.ch > KBOB / ecobau / IPB 2009/1:2022v5
"07.007.01 Massivholz Buche / Eiche, kammergetrocknet, rau, Produktion Schweiz (KBOB.2022v5_r)","07.007.01 Massivholz Buche / Eiche, kammergetrocknet, rau, Produktion Schweiz (KBOB.2022v5_r)",,,,REFERENCE_MATERIAL,675,356,293,62.9,7.22,7.22,0.00612,0.485,0.396,0.0888,0.109,0.07,0.039,kg,0.451,698D8A43-8983-432E-A51B-D90C9BA23AC1,KBOB 2022 V5,Alle > REFERENZ-MATERIALIEN > kbob.admin.ch > KBOB / ecobau / IPB 2009/1:2022v5
"07.006 Massivholz Buche / Eiche, luftgetrocknet, rau (KBOB.2022v5_r)","07.006 Massivholz Buche / Eiche, luftgetrocknet, rau (KBOB.2022v5_r)",,,,REFERENCE_MATERIAL,705,323,260,62.9,6.21,6.2,0.00612,0.478,0.39,0.0888,0.12,0.0812,0.039,kg,0.413,531C8578-0D4B-469A-ACE5-8E3A536FC47C,KBOB 2022 V5,Alle > REFERENZ-MATERIALIEN > kbob.admin.ch > KBOB / ecobau / IPB 2009/1:2022v5
"07.006.01 Massivholz Buche / Eiche, luftgetrocknet, rau, Produktion Schweiz (KBOB.2022v5_r)","07.006.01 Massivholz Buche / Eiche, luftgetrocknet, rau, Produktion Schweiz (KBOB.2022v5_r)",,,,REFERENCE_MATERIAL,705,290,227,62.9,6.3,6.29,0.00612,0.402,0.314,0.0888,0.0979,0.0589,0.039,kg,0.413,F9547BDA-290C-44C5-8794-C921A2DED0BA,KBOB 2022 V5,Alle > REFERENZ-MATERIALIEN > kbob.admin.ch > KBOB / ecobau / IPB 2009/1:2022v5
"07.011 Massivholz Fichte / Tanne / Lärche, kammergetr., gehobelt (KBOB.2022v5_r)","07.011 Massivholz Fichte / Tanne / Lärche, kammergetr., gehobelt (KBOB.2022v5_r)",,,,REFERENCE_MATERIAL,465,476,413,62.9,6.05,6.04,0.00612,0.777,0.688,0.0888,0.173,0.134,0.039,kg,0.451,3D89DC7F-1638-4C94-AFA8-DC31CAC210BC,KBOB 2022 V5,Alle > REFERENZ-MATERIALIEN > kbob.admin.ch > KBOB / ecobau / IPB 2009/1:2022v5
"07.011.01 Massivholz Fichte / Tanne / Lärche, kammergetr., gehobelt, Produktion Schweiz (KBOB.2022v5_r)","07.011.01 Massivholz Fichte / Tanne / Lärche, kammergetr., gehobelt, Produktion Schweiz (KBOB.2022v5_r)",,,,REFERENCE_MATERIAL,465,459,396,62.9,5.93,5.93,0.00612,0.733,0.644,0.0888,0.156,0.117,0.039,kg,0.451,D122C786-0887-4B71-BEBD-513955B5F184,KBOB 2022 V5,Alle > REFERENZ-MATERIALIEN > kbob.admin.ch > KBOB / ecobau / IPB 2009/1:2022v5
"07.011.02 Massivholz Fichte / Tanne, kammergetr., Vollholzhaus holzpur (KBOB.2022v5_r)","07.011.02 Massivholz Fichte / Tanne, kammergetr., Vollholzhaus holzpur (KBOB.2022v5_r)",,,,REFERENCE_MATERIAL,420,430,367,62.9,9.98,9.97,0.00612,0.467,0.379,0.0888,0.133,0.0944,0.039,kg,0.451,C4DE94C2-36D6-4BB9-9753-228622401A82,KBOB 2022 V5,Alle > REFERENZ-MATERIALIEN > kbob.admin.ch > KBOB / ecobau / IPB 2009/1:2022v5
"07.010 Massivholz Fichte / Tanne / Lärche, luftgetr., gehobelt (KBOB.2022v5_r)","07.010 Massivholz Fichte / Tanne / Lärche, luftgetr., gehobelt (KBOB.2022v5_r)",,,,REFERENCE_MATERIAL,485,401,338,62.9,5.21,5.21,0.00612,0.673,0.584,0.0888,0.156,0.117,0.039,kg,0.413,C6FE17BA-12BD-4454-B0F0-74CA8C665D6B,KBOB 2022 V5,Alle > REFERENZ-MATERIALIEN > kbob.admin.ch > KBOB / ecobau / IPB 2009/1:2022v5
"07.010.01 Massivholz Fichte / Tanne / Lärche, luftgetr., gehobelt, Produktion Schweiz (KBOB.2022v5_r)","07.010.01 Massivholz Fichte / Tanne / Lärche, luftgetr., gehobelt, Produktion Schweiz (KBOB.2022v5_r)",,,,REFERENCE_MATERIAL,485,385,322,62.9,5.11,5.1,0.00612,0.633,0.544,0.0888,0.142,0.103,0.039,kg,0.413,0AABF430-9178-4975-8390-B4C585739DE2,KBOB 2022 V5,Alle > REFERENZ-MATERIALIEN > kbob.admin.ch > KBOB / ecobau / IPB 2009/1:2022v5
"07.009 Massivholz Fichte / Tanne / Lärche, luftgetrocknet, rau (KBOB.2022v5_r)","07.009 Massivholz Fichte / Tanne / Lärche, luftgetrocknet, rau (KBOB.2022v5_r)",,,,REFERENCE_MATERIAL,485,317,254,62.9,4.98,4.97,0.00612,0.509,0.421,0.0888,0.129,0.0904,0.039,kg,0.413,EB82F166-04B1-49F0-A586-FD8F92824196,KBOB 2022 V5,Alle > REFERENZ-MATERIALIEN > kbob.admin.ch > KBOB / ecobau / IPB 2009/1:2022v5
"07.009.01 Massivholz Fichte / Tanne / Lärche, luftgetrocknet, rau, Produktion Schweiz (KBOB.2022v5_r)","07.009.01 Massivholz Fichte / Tanne / Lärche, luftgetrocknet, rau, Produktion Schweiz (KBOB.2022v5_r)",,,,REFERENCE_MATERIAL,485,306,243,62.9,4.88,4.87,0.00612,0.478,0.389,0.0888,0.12,0.0809,0.039,kg,0.413,ADBDB232-AC94-49B1-9EB6-652076C22BAB,KBOB 2022 V5,Alle > REFERENZ-MATERIALIEN > kbob.admin.ch > KBOB / ecobau / IPB 2009/1:2022v5
"07.012 Mitteldichte Faserplatte (MDF), UF-gebunden (KBOB.2022v5_r)","07.012 Mitteldichte Faserplatte (MDF), UF-gebunden (KBOB.2022v5_r)",,,,REFERENCE_MATERIAL,685,1550,1420,128,5.85,5.85,0.0063,4.47,4.37,0.102,0.954,0.854,0.1,kg,0.396,962B816C-DBD4-445F-8392-E4F8532069C8,KBOB 2022 V5,Alle > REFERENZ-MATERIALIEN > kbob.admin.ch > KBOB / ecobau / IPB 2009/1:2022v5
"07.013 OSB Platte, PF-gebunden, Feuchtbereich (KBOB.2022v5_r)","07.013 OSB Platte, PF-gebunden, Feuchtbereich (KBOB.2022v5_r)",,,,REFERENCE_MATERIAL,605,1030,922,106,8.26,8.25,0.00624,2.71,2.61,0.0977,0.563,0.483,0.0798,kg,0.444,BD66B05D-27E3-4ADF-85A2-E0ABBBA686A5,KBOB 2022 V5,Alle > REFERENZ-MATERIALIEN > kbob.admin.ch > KBOB / ecobau / IPB 2009/1:2022v5
07.024 Röhrenspanplatte (KBOB.2022v5_r),07.024 Röhrenspanplatte (KBOB.2022v5_r),,,,REFERENCE_MATERIAL,272,1340,1230,106,6.89,6.88,0.00624,3.65,3.55,0.0977,0.813,0.733,0.0798,kg,0.429,2ec4e1b4-5694-4169-b734-b38c2365aaac,KBOB 2022 V5,Alle > REFERENZ-MATERIALIEN > kbob.admin.ch > KBOB / ecobau / IPB 2009/1:2022v5
"07.015 Spanplatte, PF-gebunden, Feuchtbereich (KBOB.2022v5_r)","07.015 Spanplatte, PF-gebunden, Feuchtbereich (KBOB.2022v5_r)",,,,REFERENCE_MATERIAL,640,886,780,106,4.37,4.36,0.00624,2.56,2.46,0.0977,0.529,0.45,0.0798,kg,0.417,F54AEECA-7B3B-4ACE-B4CB-88527B1C903C,KBOB 2022 V5,Alle > REFERENZ-MATERIALIEN > kbob.admin.ch > KBOB / ecobau / IPB 2009/1:2022v5
"07.016 Spanplatte, UF-gebunden, beschichtet, Trockenbereich (KBOB.2022v5_r)","07.016 Spanplatte, UF-gebunden, beschichtet, Trockenbereich (KBOB.2022v5_r)",,,,REFERENCE_MATERIAL,640,1210,1090,122,4.69,4.69,0.00627,3.7,3.6,0.0985,0.735,0.641,0.0945,kg,0.417,FB830352-0350-46F9-BF46-73733C576386,KBOB 2022 V5,Alle > REFERENZ-MATERIALIEN > kbob.admin.ch > KBOB / ecobau / IPB 2009/1:2022v5
"07.014 Spanplatte, UF-gebunden, Trockenbereich (KBOB.2022v5_r)","07.014 Spanplatte, UF-gebunden, Trockenbereich (KBOB.2022v5_r)",,,,REFERENCE_MATERIAL,640,886,780,106,4.37,4.36,0.00624,2.56,2.46,0.0977,0.529,0.45,0.0798,kg,0.417,E88CFF0D-059B-4E8A-93BC-A4E3A917A2F6,KBOB 2022 V5,Alle > REFERENZ-MATERIALIEN > kbob.admin.ch > KBOB / ecobau / IPB 2009/1:2022v5
"07.018 Sperrholz/Multiplex, PF-gebunden, Feuchtbereich (KBOB.2022v5_r)","07.018 Sperrholz/Multiplex, PF-gebunden, Feuchtbereich (KBOB.2022v5_r)",,,,REFERENCE_MATERIAL,500,2870,2770,106,10.1,10.1,0.00624,6.94,6.84,0.0977,1.43,1.35,0.0798,kg,0.41,32B17B00-83C9-412F-899B-03B8DB3781BF,KBOB 2022 V5,Alle > REFERENZ-MATERIALIEN > kbob.admin.ch > KBOB / ecobau / IPB 2009/1:2022v5
"07.017 Sperrholz/Multiplex, UF-gebunden, Trockenbereich (KBOB.2022v5_r)","07.017 Sperrholz/Multiplex, UF-gebunden, Trockenbereich (KBOB.2022v5_r)",,,,REFERENCE_MATERIAL,500,2140,2030,106,10,10,0.00624,4.7,4.6,0.0977,0.948,0.868,0.0798,kg,0.41,55C3FB36-27C5-40BB-B51C-715C9F2984FE,KBOB 2022 V5,Alle > REFERENZ-MATERIALIEN > kbob.admin.ch > KBOB / ecobau / IPB 2009/1:2022v5
"07.019 Stabschichtholz, Buche (KBOB.2022v5_r)","07.019 Stabschichtholz, Buche (KBOB.2022v5_r)",,,,REFERENCE_MATERIAL,,0,0,0,0,0,0,0,0,0,0,0,0,,0,134906e4-dbd4-42e3-828c-e819fea6a651,KBOB 2022 V5,Alle > REFERENZ-MATERIALIEN > kbob.admin.ch > KBOB / ecobau / IPB 2009/1:2022v5
"07.019.01 Stabschichtholz, Buche, fagus (KBOB.2022v5_r)","07.019.01 Stabschichtholz, Buche, fagus (KBOB.2022v5_r)",,,,REFERENCE_MATERIAL,700,1010,926,84.4,9.46,9.46,0.00691,1.86,1.75,0.108,0.367,0.306,0.0615,kg,0.477,9b25432d-40ef-4f3b-8c5b-7104ad4b6d52,KBOB 2022 V5,Alle > REFERENZ-MATERIALIEN > kbob.admin.ch > KBOB / ecobau / IPB 2009/1:2022v5
08.001 2-Komponenten Klebstoff (KBOB.2022v5_r),08.001 2-Komponenten Klebstoff (KBOB.2022v5_r),,,,REFERENCE_MATERIAL,1500,10100,9910,236,0.355,0.353,0.00225,24.3,24.2,0.0558,4.84,4.65,0.187,kg,0,21330D47-1D7A-36C8-7F0E-CB11F4CB2767,KBOB 2022 V5,Alle > REFERENZ-MATERIALIEN > kbob.admin.ch > KBOB / ecobau / IPB 2009/1:2022v5
08.002 Heissbitumen (KBOB.2022v5_r),08.002 Heissbitumen (KBOB.2022v5_r),,,,REFERENCE_MATERIAL,1000,2040,1800,236,0.0665,0.0643,0.00225,15,14.9,0.0558,1.09,0.906,0.187,kg,0,CA0CC8C0-0CF0-4DE4-A9E8-C3B416365119,KBOB 2022 V5,Alle > REFERENZ-MATERIALIEN > kbob.admin.ch > KBOB / ecobau / IPB 2009/1:2022v5
08.003 Kautschukdichtungsmasse (KBOB.2022v5_r),08.003 Kautschukdichtungsmasse (KBOB.2022v5_r),,,,REFERENCE_MATERIAL,1500,6870,6630,236,0.296,0.294,0.00225,24.4,24.4,0.0558,2.42,2.23,0.187,kg,0,9831C103-3AC5-439B-9BF1-3C1976328C98,KBOB 2022 V5,Alle > REFERENZ-MATERIALIEN > kbob.admin.ch > KBOB / ecobau / IPB 2009/1:2022v5
08.004 Polysulfiddichtungsmasse (KBOB.2022v5_r),08.004 Polysulfiddichtungsmasse (KBOB.2022v5_r),,,,REFERENCE_MATERIAL,1600,2890,2660,236,0.422,0.42,0.00225,7.8,7.75,0.0558,1.72,1.53,0.187,kg,0,0732FA24-108B-41A5-A86B-71ADB88B5F21,KBOB 2022 V5,Alle > REFERENZ-MATERIALIEN > kbob.admin.ch > KBOB / ecobau / IPB 2009/1:2022v5
08.005 Silicon-Fugenmasse (KBOB.2022v5_r),08.005 Silicon-Fugenmasse (KBOB.2022v5_r),,,,REFERENCE_MATERIAL,1000,4570,4340,236,1.87,1.87,0.00225,14.5,14.4,0.0558,2.91,2.72,0.187,kg,0,85E73CA0-F8D0-4F4D-BA4F-074E3BBD8A31,KBOB 2022 V5,Alle > REFERENZ-MATERIALIEN > kbob.admin.ch > KBOB / ecobau / IPB 2009/1:2022v5
09.001 Dampfbremse bituminös (KBOB.2022v5_r),09.001 Dampfbremse bituminös (KBOB.2022v5_r),,,,REFERENCE_MATERIAL,1100,5220,2790,2430,0.669,0.654,0.0148,13.5,13.2,0.266,3.64,1.31,2.33,kg,0,01CD6F3D-BD57-4002-A3FB-6CD6DF5868D7,KBOB 2022 V5,Alle > REFERENZ-MATERIALIEN > kbob.admin.ch > KBOB / ecobau / IPB 2009/1:2022v5
09.002 Dampfbremse Polyethylen (PE) (KBOB.2022v5_r),09.002 Dampfbremse Polyethylen (PE) (KBOB.2022v5_r),,,,REFERENCE_MATERIAL,920,6930,4120,2810,0.864,0.853,0.0111,24.8,24.6,0.209,5.42,2.75,2.67,kg,0,5155BF82-EBE7-4FE9-A0C3-3B52FF372827,KBOB 2022 V5,Alle > REFERENZ-MATERIALIEN > kbob.admin.ch > KBOB / ecobau / IPB 2009/1:2022v5
09.003 Dichtungsbahn bituminös (KBOB.2022v5_r),09.003 Dichtungsbahn bituminös (KBOB.2022v5_r),,,,REFERENCE_MATERIAL,1100,4350,1920,2430,0.279,0.264,0.0148,12.3,12,0.266,3.33,1,2.33,kg,0,7BA5DD3A-06EF-4108-853B-3687B698FF22,KBOB 2022 V5,Alle > REFERENZ-MATERIALIEN > kbob.admin.ch > KBOB / ecobau / IPB 2009/1:2022v5
"09.003.11 Bituminöse Dichtungsbahn, swissporBIKUPLAN ECO (KBOB.2022v5_r)","09.003.11 Bituminöse Dichtungsbahn, swissporBIKUPLAN ECO (KBOB.2022v5_r)",,,,REFERENCE_MATERIAL,1267,3510,1080,2430,0.224,0.209,0.0148,6.13,5.86,0.266,2.92,0.588,2.33,kg,0,7734C0C2-7D2F-4604-A1A8-D8CB9E7310C7,KBOB 2022 V5,Alle > REFERENZ-MATERIALIEN > kbob.admin.ch > KBOB / ecobau / IPB 2009/1:2022v5
"09.003.01 Bituminöse Dichtungsbahn, swissporBIKUTOP (KBOB.2022v5_r)","09.003.01 Bituminöse Dichtungsbahn, swissporBIKUTOP (KBOB.2022v5_r)",,,,REFERENCE_MATERIAL,1269,4060,1630,2430,0.242,0.227,0.0148,10.3,10,0.266,3.24,0.907,2.33,kg,0,8363831F-FB86-4CDD-B1F2-138E478F34B0,KBOB 2022 V5,Alle > REFERENZ-MATERIALIEN > kbob.admin.ch > KBOB / ecobau / IPB 2009/1:2022v5
"09.003.02 Bituminöse Dichtungsbahn, swissporBIKUTOP ECO (KBOB.2022v5_r)","09.003.02 Bituminöse Dichtungsbahn, swissporBIKUTOP ECO (KBOB.2022v5_r)",,,,REFERENCE_MATERIAL,1256,3420,983,2430,0.221,0.206,0.0148,5.54,5.27,0.266,2.88,0.55,2.33,kg,0,3734EA52-A3C5-4A05-A040-03322A348AE1,KBOB 2022 V5,Alle > REFERENZ-MATERIALIEN > kbob.admin.ch > KBOB / ecobau / IPB 2009/1:2022v5
"09.003.03 Bituminöse Dichtungsbahn, swissporBIKUTOP (KBOB.2022v5_r)","09.003.03 Bituminöse Dichtungsbahn, swissporBIKUTOP (KBOB.2022v5_r)",,,,REFERENCE_MATERIAL,1269,4060,1630,2430,0.242,0.227,0.0148,10.3,10,0.266,3.24,0.907,2.33,kg,0,BA1409B5-8AC0-4016-9AC1-E3AFC2D20C52,KBOB 2022 V5,Alle > REFERENZ-MATERIALIEN > kbob.admin.ch > KBOB / ecobau / IPB 2009/1:2022v5
"09.003.04 Bituminöse Dichtungsbahn, swissporBIKUTOP ECO (KBOB.2022v5_r)","09.003.04 Bituminöse Dichtungsbahn, swissporBIKUTOP ECO (KBOB.2022v5_r)",,,,REFERENCE_MATERIAL,1256,3420,983,2430,0.221,0.206,0.0148,5.54,5.27,0.266,2.88,0.55,2.33,kg,0,2AEB700D-8C0A-4554-97D3-80B5CC367CAD,KBOB 2022 V5,Alle > REFERENZ-MATERIALIEN > kbob.admin.ch > KBOB / ecobau / IPB 2009/1:2022v5
"09.003.05 Bituminöse Dichtungsbahn, swissporBIKUTOP (KBOB.2022v5_r)","09.003.05 Bituminöse Dichtungsbahn, swissporBIKUTOP (KBOB.2022v5_r)",,,,REFERENCE_MATERIAL,1269,4060,1630,2430,0.242,0.227,0.0148,10.3,10,0.266,3.24,0.907,2.33,kg,0,0C5A7BA6-B74D-46D7-A2F1-5F7E95808E83,KBOB 2022 V5,Alle > REFERENZ-MATERIALIEN > kbob.admin.ch > KBOB / ecobau / IPB 2009/1:2022v5
"09.003.06 Bituminöse Dichtungsbahn, swissporBIKUTOP ECO (KBOB.2022v5_r)","09.003.06 Bituminöse Dichtungsbahn, swissporBIKUTOP ECO (KBOB.2022v5_r)",,,,REFERENCE_MATERIAL,1256,3420,983,2430,0.221,0.206,0.0148,5.54,5.27,0.266,2.88,0.55,2.33,kg,0,744A1B0B-105B-45BA-909E-79E490F26917,KBOB 2022 V5,Alle > REFERENZ-MATERIALIEN > kbob.admin.ch > KBOB / ecobau / IPB 2009/1:2022v5
"09.003.07 Bituminöse Dichtungsbahn, swissporBIKUTOP (KBOB.2022v5_r)","09.003.07 Bituminöse Dichtungsbahn, swissporBIKUTOP (KBOB.2022v5_r)",,,,REFERENCE_MATERIAL,1269,4060,1630,2430,0.242,0.227,0.0148,10.3,10,0.266,3.24,0.907,2.33,kg,0,DF6CF380-78F7-466D-AD94-DA3ED7536CA9,KBOB 2022 V5,Alle > REFERENZ-MATERIALIEN > kbob.admin.ch > KBOB / ecobau / IPB 2009/1:2022v5
"09.003.08 Bituminöse Dichtungsbahn, swissporBIKUTOP ECO (KBOB.2022v5_r)","09.003.08 Bituminöse Dichtungsbahn, swissporBIKUTOP ECO (KBOB.2022v5_r)",,,,REFERENCE_MATERIAL,1256,3420,983,2430,0.221,0.206,0.0148,5.54,5.27,0.266,2.88,0.55,2.33,kg,0,EDC15F2A-8353-4B92-89EA-F588F082D528,KBOB 2022 V5,Alle > REFERENZ-MATERIALIEN > kbob.admin.ch > KBOB / ecobau / IPB 2009/1:2022v5
"09.003.09 Bituminöse Dichtungsbahn, swissporBIKUTOP (KBOB.2022v5_r)","09.003.09 Bituminöse Dichtungsbahn, swissporBIKUTOP (KBOB.2022v5_r)",,,,REFERENCE_MATERIAL,1269,4060,1630,2430,0.242,0.227,0.0148,10.3,10,0.266,3.24,0.907,2.33,kg,0,2B07EF82-8010-4C65-AF7C-90055932DA86,KBOB 2022 V5,Alle > REFERENZ-MATERIALIEN > kbob.admin.ch > KBOB / ecobau / IPB 2009/1:2022v5
"09.003.10 Bituminöse Dichtungsbahn, swissporBIKUTOP ECO (KBOB.2022v5_r)","09.003.10 Bituminöse Dichtungsbahn, swissporBIKUTOP ECO (KBOB.2022v5_r)",,,,REFERENCE_MATERIAL,1256,3420,983,2430,0.221,0.206,0.0148,5.54,5.27,0.266,2.88,0.55,2.33,kg,0,E6956688-D02C-414C-8EC6-B0FAEF52C8B8,KBOB 2022 V5,Alle > REFERENZ-MATERIALIEN > kbob.admin.ch > KBOB / ecobau / IPB 2009/1:2022v5
09.003.12 Elastomerbitumen-Dichtungsbahn Sopravap EVA 35 flam (KBOB.2022v5_r),09.003.12 Elastomerbitumen-Dichtungsbahn Sopravap EVA 35 flam (KBOB.2022v5_r),,,,REFERENCE_MATERIAL,4.6,3750,1320,2430,0.325,0.31,0.0152,8.24,7.97,0.266,3.05,0.717,2.33,kg,0,996bca23-d530-4e8e-b4f1-6f6f57b89e0a,KBOB 2022 V5,Alle > REFERENZ-MATERIALIEN > kbob.admin.ch > KBOB / ecobau / IPB 2009/1:2022v5
09.003.13 Elastomerbitumen-Dichtungsbahn Sopralen EGV 3 (KBOB.2022v5_r),09.003.13 Elastomerbitumen-Dichtungsbahn Sopralen EGV 3 (KBOB.2022v5_r),,,,REFERENCE_MATERIAL,4,3680,1250,2430,0.302,0.287,0.0152,8.06,7.79,0.266,3.02,0.686,2.33,kg,0,45f59ef0-c310-4611-bd9f-96c3f29ff6a3,KBOB 2022 V5,Alle > REFERENZ-MATERIALIEN > kbob.admin.ch > KBOB / ecobau / IPB 2009/1:2022v5
09.003.14 Elastomerbitumen-Dichtungsbahn Sopralen EGV 3.5 (KBOB.2022v5_r),09.003.14 Elastomerbitumen-Dichtungsbahn Sopralen EGV 3.5 (KBOB.2022v5_r),,,,REFERENCE_MATERIAL,4.8,3660,1230,2430,0.282,0.267,0.0152,8.09,7.82,0.266,3.01,0.678,2.33,kg,0,417f2b8c-45c8-406b-97ac-ef149321e8f7,KBOB 2022 V5,Alle > REFERENZ-MATERIALIEN > kbob.admin.ch > KBOB / ecobau / IPB 2009/1:2022v5
09.003.15 Elastomerbitumen-Dichtungsbahn Sopralen Premier EP 5 ard flam (KBOB.2022v5_r),09.003.15 Elastomerbitumen-Dichtungsbahn Sopralen Premier EP 5 ard flam (KBOB.2022v5_r),,,,REFERENCE_MATERIAL,4.8,3690,1260,2430,0.318,0.303,0.0152,7.64,7.37,0.266,3.06,0.728,2.33,kg,0,0d94f5a6-1b6a-469e-bf01-0ddab8f03d10,KBOB 2022 V5,Alle > REFERENZ-MATERIALIEN > kbob.admin.ch > KBOB / ecobau / IPB 2009/1:2022v5
09.003.16 Elastomerbitumen-Dichtungsbahn Sopralen Jardin EP 5 ard flam (KBOB.2022v5_r),09.003.16 Elastomerbitumen-Dichtungsbahn Sopralen Jardin EP 5 ard flam (KBOB.2022v5_r),,,,REFERENCE_MATERIAL,5.4,3720,1290,2430,0.321,0.306,0.0152,7.74,7.47,0.266,3.07,0.742,2.33,kg,0,a06b8703-9c56-4844-bbbd-388e15772d67,KBOB 2022 V5,Alle > REFERENZ-MATERIALIEN > kbob.admin.ch > KBOB / ecobau / IPB 2009/1:2022v5
09.003.17 Elastomerbitumen-Dichtungsbahn Sopragum Flam HT-O Jardin S5 (KBOB.2022v5_r),09.003.17 Elastomerbitumen-Dichtungsbahn Sopragum Flam HT-O Jardin S5 (KBOB.2022v5_r),,,,REFERENCE_MATERIAL,5.6,4240,1810,2430,0.331,0.316,0.0152,10,9.77,0.266,3.38,1.05,2.33,kg,0,11a560d2-4cc5-4cd6-9b99-0945186d224e,KBOB 2022 V5,Alle > REFERENZ-MATERIALIEN > kbob.admin.ch > KBOB / ecobau / IPB 2009/1:2022v5
09.003.18 Elastomerbitumen-Dichtungsbahn SOPREMA Vapro Alpino (KBOB.2022v5_r),09.003.18 Elastomerbitumen-Dichtungsbahn SOPREMA Vapro Alpino (KBOB.2022v5_r),,,,REFERENCE_MATERIAL,5.76,4190,1760,2430,0.325,0.31,0.0152,9.3,9.03,0.266,3.38,1.05,2.33,kg,0,3030d795-4231-40bc-803f-4f6218b99104,KBOB 2022 V5,Alle > REFERENZ-MATERIALIEN > kbob.admin.ch > KBOB / ecobau / IPB 2009/1:2022v5
09.003.19 Elastomerbitumen-Dichtungsbahn SOPREMA Vapro Nature (KBOB.2022v5_r),09.003.19 Elastomerbitumen-Dichtungsbahn SOPREMA Vapro Nature (KBOB.2022v5_r),,,,REFERENCE_MATERIAL,5.76,4190,1760,2430,0.325,0.31,0.0152,9.3,9.03,0.266,3.38,1.05,2.33,kg,0,431554b3-cf1e-422c-8593-f2c5946cb82f,KBOB 2022 V5,Alle > REFERENZ-MATERIALIEN > kbob.admin.ch > KBOB / ecobau / IPB 2009/1:2022v5
09.004 Dichtungsbahn Gummi (EPDM) (KBOB.2022v5_r),09.004 Dichtungsbahn Gummi (EPDM) (KBOB.2022v5_r),,,,REFERENCE_MATERIAL,1100,8110,4860,3240,0.844,0.83,0.0133,24.7,24.4,0.224,5.84,2.74,3.1,kg,0,90159AF7-455B-4996-A1AC-6D5B6E3242F4,KBOB 2022 V5,Alle > REFERENZ-MATERIALIEN > kbob.admin.ch > KBOB / ecobau / IPB 2009/1:2022v5
09.005 Dichtungsbahn Polyolefin (FPO) (KBOB.2022v5_r),09.005 Dichtungsbahn Polyolefin (FPO) (KBOB.2022v5_r),,,,REFERENCE_MATERIAL,1000,7880,5070,2810,0.421,0.41,0.0111,23.1,22.9,0.209,5.18,2.52,2.67,kg,0,CFA0CA34-15A6-4D99-AEC3-CA60F46DBE4D,KBOB 2022 V5,Alle > REFERENZ-MATERIALIEN > kbob.admin.ch > KBOB / ecobau / IPB 2009/1:2022v5
09.006 Kraftpapier (KBOB.2022v5_r),09.006 Kraftpapier (KBOB.2022v5_r),,,,REFERENCE_MATERIAL,650,3450,3250,206,13,13,0.0128,7.73,7.56,0.172,1.67,1.61,0.058,kg,0.404,5C26C97A-D10C-49A8-815E-06A340CCC448,KBOB 2022 V5,Alle > REFERENZ-MATERIALIEN > kbob.admin.ch > KBOB / ecobau / IPB 2009/1:2022v5
09.007 Polyethylenfolie (PE) (KBOB.2022v5_r),09.007 Polyethylenfolie (PE) (KBOB.2022v5_r),,,,REFERENCE_MATERIAL,920,6930,4120,2810,0.864,0.853,0.0111,24.8,24.6,0.209,5.42,2.75,2.67,kg,0,D4BF6599-6623-4AE5-9D50-8EDDB6B05F41,KBOB 2022 V5,Alle > REFERENZ-MATERIALIEN > kbob.admin.ch > KBOB / ecobau / IPB 2009/1:2022v5
09.008 Polyethylenvlies (PE) (KBOB.2022v5_r),09.008 Polyethylenvlies (PE) (KBOB.2022v5_r),,,,REFERENCE_MATERIAL,920,7090,4280,2810,0.548,0.537,0.0111,26,25.7,0.209,5.63,2.96,2.67,kg,0,FD71B629-B98E-47C8-ADA4-513631C0896B,KBOB 2022 V5,Alle > REFERENZ-MATERIALIEN > kbob.admin.ch > KBOB / ecobau / IPB 2009/1:2022v5
10.014 Aerogel-Vlies (KBOB.2022v5_r),10.014 Aerogel-Vlies (KBOB.2022v5_r),,,,REFERENCE_MATERIAL,150,73600,73200,408,12.6,12.5,0.012,230,229,0.174,48.7,48.4,0.289,kg,0,9EC4E12B-5E75-4A0B-84DA-A1A5F152A4BC,KBOB 2022 V5,Alle > REFERENZ-MATERIALIEN > kbob.admin.ch > KBOB / ecobau / IPB 2009/1:2022v5
10.012 Blähperlit (KBOB.2022v5_r),10.012 Blähperlit (KBOB.2022v5_r),,,,REFERENCE_MATERIAL,102,1460,1410,42.5,0.167,0.164,0.00221,4.46,4.4,0.0526,1.05,1.04,0.0127,kg,0,E6773968-F9C9-4782-A5CD-78B9B1164571,KBOB 2022 V5,Alle > REFERENZ-MATERIALIEN > kbob.admin.ch > KBOB / ecobau / IPB 2009/1:2022v5
10.011 Blähvermiculit (KBOB.2022v5_r),10.011 Blähvermiculit (KBOB.2022v5_r),,,,REFERENCE_MATERIAL,102,687,645,42.5,0.0508,0.0486,0.00221,1.56,1.51,0.0526,0.394,0.382,0.0127,kg,0,A0A69B33-B2C9-4DE4-BA2E-770C2A4EF76A,KBOB 2022 V5,Alle > REFERENZ-MATERIALIEN > kbob.admin.ch > KBOB / ecobau / IPB 2009/1:2022v5
10.016 Flachsfasern (KBOB.2022v5_r),10.016 Flachsfasern (KBOB.2022v5_r),,,,REFERENCE_MATERIAL,30,2940,2570,370,5.97,5.96,0.0126,5.32,5.17,0.154,1.01,0.777,0.235,kg,0.44,7A1681B7-2F34-4B51-BF2D-D4C9C33CFCA5,KBOB 2022 V5,Alle > REFERENZ-MATERIALIEN > kbob.admin.ch > KBOB / ecobau / IPB 2009/1:2022v5
"10.016.01 Flachsfasern, MAGRIPOL, Premium (KBOB.2022v5_r)","10.016.01 Flachsfasern, MAGRIPOL, Premium (KBOB.2022v5_r)",,,,REFERENCE_MATERIAL,30,2880,2510,370,5.91,5.89,0.0126,5.18,5.03,0.154,0.983,0.749,0.235,kg,0.44,109E7CA4-9DB1-46E0-AAA8-EF6E159A7A63,KBOB 2022 V5,Alle > REFERENZ-MATERIALIEN > kbob.admin.ch > KBOB / ecobau / IPB 2009/1:2022v5
"10.017 Flachsfasern, feuerfest (KBOB.2022v5_r)","10.017 Flachsfasern, feuerfest (KBOB.2022v5_r)",,,,REFERENCE_MATERIAL,30,3530,3160,370,5.47,5.46,0.0126,7.51,7.36,0.154,1.45,1.22,0.235,kg,0.44,CC513F17-747F-4776-ABFA-9C78FF26A557,KBOB 2022 V5,Alle > REFERENZ-MATERIALIEN > kbob.admin.ch > KBOB / ecobau / IPB 2009/1:2022v5
"10.017.01 Flachsfasern, feuerfest, MAGRIPOL, Premium+ (KBOB.2022v5_r)","10.017.01 Flachsfasern, feuerfest, MAGRIPOL, Premium+ (KBOB.2022v5_r)",,,,REFERENCE_MATERIAL,30,3460,3090,370,5.41,5.4,0.0126,7.35,7.2,0.154,1.42,1.18,0.235,kg,0.44,C5CF1731-3091-4FC5-9552-DE7368F296A6,KBOB 2022 V5,Alle > REFERENZ-MATERIALIEN > kbob.admin.ch > KBOB / ecobau / IPB 2009/1:2022v5
10.001 Glaswolle (KBOB.2022v5_r),10.001 Glaswolle (KBOB.2022v5_r),,,,REFERENCE_MATERIAL,60,1960,1850,116,2.35,2.34,0.0107,5.46,5.33,0.133,1.1,1.04,0.0592,kg,0,43B03F61-91A1-438E-B958-6E274F13B241,KBOB 2022 V5,Alle > REFERENZ-MATERIALIEN > kbob.admin.ch > KBOB / ecobau / IPB 2009/1:2022v5
"10.001.01 Glaswolle, Isover, phenolbasiertes Bindemittel (KBOB.2022v5_r)","10.001.01 Glaswolle, Isover, phenolbasiertes Bindemittel (KBOB.2022v5_r)",,,,REFERENCE_MATERIAL,60,1830,1710,116,2.28,2.27,0.0107,5.13,4.99,0.133,1.03,0.97,0.0592,kg,0,C2140A4D-E25B-4E13-BD72-87C1C5A37286,KBOB 2022 V5,Alle > REFERENZ-MATERIALIEN > kbob.admin.ch > KBOB / ecobau / IPB 2009/1:2022v5
"10.001.03 Glaswolle, Isover, pflanzliches Bindemittel (KBOB.2022v5_r)","10.001.03 Glaswolle, Isover, pflanzliches Bindemittel (KBOB.2022v5_r)",,,,REFERENCE_MATERIAL,60,1700,1580,116,2.45,2.44,0.0107,3.66,3.53,0.133,0.89,0.831,0.0592,kg,0,894290c5-7d1a-42b6-8b27-cfabcd6fa573,KBOB 2022 V5,Alle > REFERENZ-MATERIALIEN > kbob.admin.ch > KBOB / ecobau / IPB 2009/1:2022v5
"10.001.02 Glaswolle, SUPAFIL (KBOB.2022v5_r)","10.001.02 Glaswolle, SUPAFIL (KBOB.2022v5_r)",,,,REFERENCE_MATERIAL,35,2060,1940,116,0.317,0.306,0.0107,5.89,5.76,0.133,1.14,1.08,0.0592,kg,0,b0b693b6-0c93-49bc-ad75-0de3492042b8,KBOB 2022 V5,Alle > REFERENZ-MATERIALIEN > kbob.admin.ch > KBOB / ecobau / IPB 2009/1:2022v5
10.002 Korkplatte (KBOB.2022v5_r),10.002 Korkplatte (KBOB.2022v5_r),,,,REFERENCE_MATERIAL,120,2170,1990,172,7.95,7.94,0.0125,6.24,6.09,0.148,1.11,1.07,0.0387,kg,0.496,42A8911C-62FF-4A4B-ACD8-31E4148787E8,KBOB 2022 V5,Alle > REFERENZ-MATERIALIEN > kbob.admin.ch > KBOB / ecobau / IPB 2009/1:2022v5
10.003 Phenolharz (PF) (KBOB.2022v5_r),10.003 Phenolharz (PF) (KBOB.2022v5_r),,,,REFERENCE_MATERIAL,40,10000,6730,3280,0.618,0.606,0.0117,33.5,33.3,0.202,7.26,4.17,3.09,kg,0,4F352DCA-9E8B-49E4-98B6-F10BA797180E,KBOB 2022 V5,Alle > REFERENZ-MATERIALIEN > kbob.admin.ch > KBOB / ecobau / IPB 2009/1:2022v5
10.004 Polystyrol expandiert (EPS) (KBOB.2022v5_r),10.004 Polystyrol expandiert (EPS) (KBOB.2022v5_r),,,,REFERENCE_MATERIAL,27,9800,6520,3280,0.524,0.512,0.0117,30,29.8,0.202,7.6,4.51,3.09,kg,0,9F6CB547-DC00-4900-8FB4-A37135F510B4,KBOB 2022 V5,Alle > REFERENZ-MATERIALIEN > kbob.admin.ch > KBOB / ecobau / IPB 2009/1:2022v5
"10.004.01 Polystyrol expandiert, SwissporEPS (KBOB.2022v5_r)","10.004.01 Polystyrol expandiert, SwissporEPS (KBOB.2022v5_r)",,,,REFERENCE_MATERIAL,16.8,8790,5510,3280,0.729,0.718,0.0117,26.7,26.5,0.202,6.95,3.86,3.09,kg,0,046FE9F5-65FC-48A0-802F-8E2EE600CDA6,KBOB 2022 V5,Alle > REFERENZ-MATERIALIEN > kbob.admin.ch > KBOB / ecobau / IPB 2009/1:2022v5
10.005 Polystyrol extrudiert (XPS) (KBOB.2022v5_r),10.005 Polystyrol extrudiert (XPS) (KBOB.2022v5_r),,,,REFERENCE_MATERIAL,32,19700,16500,3280,0.671,0.659,0.0117,29.4,29.2,0.202,14.4,11.3,3.09,kg,0,604F2ECA-F888-49C4-9FA5-C206BC37E889,KBOB 2022 V5,Alle > REFERENZ-MATERIALIEN > kbob.admin.ch > KBOB / ecobau / IPB 2009/1:2022v5
"10.005.01 Polystyrol extrudiert, SwissporXPS (KBOB.2022v5_r)","10.005.01 Polystyrol extrudiert, SwissporXPS (KBOB.2022v5_r)",,,,REFERENCE_MATERIAL,34.3,8880,5600,3280,1.37,1.36,0.0117,25.5,25.3,0.202,6.96,3.87,3.09,kg,0,ACF64203-B038-4EAF-B297-53D8C48F8A42,KBOB 2022 V5,Alle > REFERENZ-MATERIALIEN > kbob.admin.ch > KBOB / ecobau / IPB 2009/1:2022v5
10.006 Polyurethan (PUR/PIR) (KBOB.2022v5_r),10.006 Polyurethan (PUR/PIR) (KBOB.2022v5_r),,,,REFERENCE_MATERIAL,30,10400,7490,2920,0.83,0.813,0.0176,30.1,29.5,0.682,7.44,4.79,2.65,kg,0,D23B8D09-6CCC-42B7-B54D-B67BEEEC54DD,KBOB 2022 V5,Alle > REFERENZ-MATERIALIEN > kbob.admin.ch > KBOB / ecobau / IPB 2009/1:2022v5
"10.006.01 Polyurethan, SwissporPIR (KBOB.2022v5_r)","10.006.01 Polyurethan, SwissporPIR (KBOB.2022v5_r)",,,,REFERENCE_MATERIAL,30,9830,6910,2920,1.03,1.02,0.0176,28,27.3,0.682,7.08,4.43,2.65,kg,0,575A32F0-D99A-4ADE-A360-8E770639A5E3,KBOB 2022 V5,Alle > REFERENZ-MATERIALIEN > kbob.admin.ch > KBOB / ecobau / IPB 2009/1:2022v5
10.007 Schaumglas (KBOB.2022v5_r),10.007 Schaumglas (KBOB.2022v5_r),,,,REFERENCE_MATERIAL,132,1760,1710,42.5,1.88,1.88,0.00221,5.16,5.11,0.0526,1.19,1.17,0.0127,kg,0,328C6FA7-DA92-462A-9CC7-6D0DB5CCE2D3,KBOB 2022 V5,Alle > REFERENZ-MATERIALIEN > kbob.admin.ch > KBOB / ecobau / IPB 2009/1:2022v5
"10.007.01 Schaumglas, GLAPOR (KBOB.2022v5_r)","10.007.01 Schaumglas, GLAPOR (KBOB.2022v5_r)",,,,REFERENCE_MATERIAL,120,1020,979,42.5,0.206,0.203,0.00221,3.15,3.1,0.0526,0.707,0.694,0.0127,kg,0,6bbf201f-48e8-4866-9dff-f6f2e3105ec6,KBOB 2022 V5,Alle > REFERENZ-MATERIALIEN > kbob.admin.ch > KBOB / ecobau / IPB 2009/1:2022v5
10.013 Schaumglasschotter (KBOB.2022v5_r),10.013 Schaumglasschotter (KBOB.2022v5_r),,,,REFERENCE_MATERIAL,137,499,457,42.5,0.262,0.26,0.00221,1.74,1.69,0.0526,0.16,0.148,0.0127,kg,0,BEB5B222-85E0-44DB-891D-851DF16EEA31,KBOB 2022 V5,Alle > REFERENZ-MATERIALIEN > kbob.admin.ch > KBOB / ecobau / IPB 2009/1:2022v5
"10.013.01 Schaumglasschotter, Misapor (KBOB.2022v5_r)","10.013.01 Schaumglasschotter, Misapor (KBOB.2022v5_r)",,,,REFERENCE_MATERIAL,137,434,392,42.5,0.246,0.243,0.00221,1.55,1.5,0.0526,0.132,0.12,0.0127,kg,0,62F9139A-7A1D-40DD-90F8-38B52AF993C4,KBOB 2022 V5,Alle > REFERENZ-MATERIALIEN > kbob.admin.ch > KBOB / ecobau / IPB 2009/1:2022v5
10.008 Steinwolle (KBOB.2022v5_r),10.008 Steinwolle (KBOB.2022v5_r),,,,REFERENCE_MATERIAL,96,1360,1240,116,1.65,1.64,0.0107,3.23,3.1,0.133,0.816,0.757,0.0592,kg,0,A3BBA042-97AF-4B5C-AF00-E049CEF1A557,KBOB 2022 V5,Alle > REFERENZ-MATERIALIEN > kbob.admin.ch > KBOB / ecobau / IPB 2009/1:2022v5
"10.008.01 Steinwolle, Flumroc (KBOB.2022v5_r)","10.008.01 Steinwolle, Flumroc (KBOB.2022v5_r)",,,,REFERENCE_MATERIAL,48,1100,982,116,2.01,2,0.0107,2.55,2.41,0.133,0.617,0.558,0.0592,kg,0,194F45E4-A08A-427B-A490-999934D5D610,KBOB 2022 V5,Alle > REFERENZ-MATERIALIEN > kbob.admin.ch > KBOB / ecobau / IPB 2009/1:2022v5
10.015 Strohballenwand (KBOB.2022v5_r),10.015 Strohballenwand (KBOB.2022v5_r),,,,REFERENCE_MATERIAL,215,586,586,0,4.87,4.87,0,0.229,0.229,0,0.0956,0.0956,0,kg,0.368,92766C16-5D0D-44ED-9F92-C15AA32DECCE,KBOB 2022 V5,Alle > REFERENZ-MATERIALIEN > kbob.admin.ch > KBOB / ecobau / IPB 2009/1:2022v5
10.009 Weichfaserplatte (KBOB.2022v5_r),10.009 Weichfaserplatte (KBOB.2022v5_r),,,,REFERENCE_MATERIAL,147.5,1400,1180,227,7.11,7.1,0.0126,3.42,3.27,0.151,0.725,0.633,0.0921,kg,0.436,B9689582-8BDE-4FE1-849D-BBBED840E410,KBOB 2022 V5,Alle > REFERENZ-MATERIALIEN > kbob.admin.ch > KBOB / ecobau / IPB 2009/1:2022v5
10.010 Zellulosefasern (KBOB.2022v5_r),10.010 Zellulosefasern (KBOB.2022v5_r),,,,REFERENCE_MATERIAL,47,556,395,161,0.259,0.245,0.0137,1.05,0.882,0.165,0.28,0.209,0.0709,kg,0.404,858771D5-96F5-42C9-AEE3-51D3BE1879F7,KBOB 2022 V5,Alle > REFERENZ-MATERIALIEN > kbob.admin.ch > KBOB / ecobau / IPB 2009/1:2022v5
"10.010.01 Zellulosefasern, Isofloc (KBOB.2022v5_r)","10.010.01 Zellulosefasern, Isofloc (KBOB.2022v5_r)",,,,REFERENCE_MATERIAL,47,470,309,161,0.24,0.226,0.0137,0.848,0.683,0.165,0.233,0.163,0.0709,kg,0.404,1F31C383-B2A1-490D-AB0F-B3EA2A24D804,KBOB 2022 V5,Alle > REFERENZ-MATERIALIEN > kbob.admin.ch > KBOB / ecobau / IPB 2009/1:2022v5
"11.001 2K-Fliessbelag Industrie (Epoxidharz), 2.25 mm (KBOB.2022v5_r)","11.001 2K-Fliessbelag Industrie (Epoxidharz), 2.25 mm (KBOB.2022v5_r)",,,,REFERENCE_MATERIAL,4.55,41700,33500,8240,1.55,1.47,0.0816,65.1,62.8,2.26,18.4,11.1,7.24,m2,0,D5660BDD-EC47-4D6A-B3C1-3EA06F77EA89,KBOB 2022 V5,Alle > REFERENZ-MATERIALIEN > kbob.admin.ch > KBOB / ecobau / IPB 2009/1:2022v5
"11.002 2K-Fliessbelag Wohnen/Verwaltung (Epoxidharz, PU), 2 mm (KBOB.2022v5_r)","11.002 2K-Fliessbelag Wohnen/Verwaltung (Epoxidharz, PU), 2 mm (KBOB.2022v5_r)",,,,REFERENCE_MATERIAL,3.6,25800,21300,4540,2.07,2.01,0.0613,62,60.5,1.45,13.9,10,3.87,m2,0,4E8C7D2C-2FC7-4E38-AB39-049E58E9CFCC,KBOB 2022 V5,Alle > REFERENZ-MATERIALIEN > kbob.admin.ch > KBOB / ecobau / IPB 2009/1:2022v5
"11.003 Gummigranulat versiegelt, 7.5 mm (KBOB.2022v5_r)","11.003 Gummigranulat versiegelt, 7.5 mm (KBOB.2022v5_r)",,,,REFERENCE_MATERIAL,8.25,38800,25400,13400,2.56,2.41,0.14,113,110,2.73,26.8,14.9,11.9,m2,0,2F71DB77-CF3D-49DC-8DCA-C25203ED860B,KBOB 2022 V5,Alle > REFERENZ-MATERIALIEN > kbob.admin.ch > KBOB / ecobau / IPB 2009/1:2022v5
"11.004 Gussasphalt, 27.5 mm (KBOB.2022v5_r)","11.004 Gussasphalt, 27.5 mm (KBOB.2022v5_r)",,,,REFERENCE_MATERIAL,63.3,33700,24600,9070,3.44,3.28,0.155,126,120,5.4,15.9,14.7,1.22,m2,0,B0C749DA-292B-417D-8E38-65766E052FBC,KBOB 2022 V5,Alle > REFERENZ-MATERIALIEN > kbob.admin.ch > KBOB / ecobau / IPB 2009/1:2022v5
"11.005 Hartbeton einschichtig, 27.5 mm (KBOB.2022v5_r)","11.005 Hartbeton einschichtig, 27.5 mm (KBOB.2022v5_r)",,,,REFERENCE_MATERIAL,57.8,26600,24100,2460,2.32,2.19,0.127,46.6,43.5,3.04,16.4,15.7,0.733,m2,0,FC78B567-FFF2-432F-98A2-07A1420AA8BD,KBOB 2022 V5,Alle > REFERENZ-MATERIALIEN > kbob.admin.ch > KBOB / ecobau / IPB 2009/1:2022v5
"11.006 Hartbeton zweischichtig, 35 mm (KBOB.2022v5_r)","11.006 Hartbeton zweischichtig, 35 mm (KBOB.2022v5_r)",,,,REFERENCE_MATERIAL,73.5,27200,24100,3120,2.35,2.19,0.162,41.8,37.9,3.87,16.4,15.4,0.932,m2,0,160EF365-BB74-41C8-AF40-5256811D83C3,KBOB 2022 V5,Alle > REFERENZ-MATERIALIEN > kbob.admin.ch > KBOB / ecobau / IPB 2009/1:2022v5
"11.007 Kautschuk, 2 mm (KBOB.2022v5_r)","11.007 Kautschuk, 2 mm (KBOB.2022v5_r)",,,,REFERENCE_MATERIAL,3.36,24200,20400,3750,9.91,9.85,0.0665,60.8,59.8,0.925,14.1,11,3.19,m2,0,63EE2517-0078-4246-B833-08D253528653,KBOB 2022 V5,Alle > REFERENZ-MATERIALIEN > kbob.admin.ch > KBOB / ecobau / IPB 2009/1:2022v5
"11.008 Keramik-/Steinzeugplatte, 9 mm (KBOB.2022v5_r)","11.008 Keramik-/Steinzeugplatte, 9 mm (KBOB.2022v5_r)",,,,REFERENCE_MATERIAL,18,86800,73100,13800,4.49,3.77,0.715,83.1,66,17,18.2,14,4.11,m2,0,414EEBBE-85C4-4869-A411-29C0097ADA38,KBOB 2022 V5,Alle > REFERENZ-MATERIALIEN > kbob.admin.ch > KBOB / ecobau / IPB 2009/1:2022v5
"11.009 Kork Fertigparkett, 10.5 mm (KBOB.2022v5_r)","11.009 Kork Fertigparkett, 10.5 mm (KBOB.2022v5_r)",,,,REFERENCE_MATERIAL,7.8,15500,13400,2130,39.2,39.1,0.1,45.2,43.8,1.36,9.07,7.77,1.3,m2,2.73,09B8473A-DDB4-42D4-977E-C9CA914B54AC,KBOB 2022 V5,Alle > REFERENZ-MATERIALIEN > kbob.admin.ch > KBOB / ecobau / IPB 2009/1:2022v5
"11.010 Kork PVC-beschichtet, 3.2 mm (KBOB.2022v5_r)","11.010 Kork PVC-beschichtet, 3.2 mm (KBOB.2022v5_r)",,,,REFERENCE_MATERIAL,2.7,12000,7890,4060,8.39,8.29,0.0971,34.7,33.3,1.43,8.28,4.75,3.52,m2,0.604,BF645614-152F-4820-8AA9-45B474C60CE2,KBOB 2022 V5,Alle > REFERENZ-MATERIALIEN > kbob.admin.ch > KBOB / ecobau / IPB 2009/1:2022v5
"11.011 Korkparkett geölt/versiegelt, 5.3 mm (KBOB.2022v5_r)","11.011 Korkparkett geölt/versiegelt, 5.3 mm (KBOB.2022v5_r)",,,,REFERENCE_MATERIAL,2.7,5970,3830,2130,12.3,12.2,0.1,12.1,10.7,1.36,3.26,1.96,1.3,m2,0.921,32D89BCF-BBDA-4EC1-B2B8-E4EE731B5D82,KBOB 2022 V5,Alle > REFERENZ-MATERIALIEN > kbob.admin.ch > KBOB / ecobau / IPB 2009/1:2022v5
"11.012 Kunststeinplatte zementgebunden, 10 mm (KBOB.2022v5_r)","11.012 Kunststeinplatte zementgebunden, 10 mm (KBOB.2022v5_r)",,,,REFERENCE_MATERIAL,21.5,25700,6100,19600,1.78,0.762,1.02,30.4,6.04,24.3,10.4,4.51,5.86,m2,0,D6E43E7F-94A3-46BC-8327-A37DC2283E3A,KBOB 2022 V5,Alle > REFERENZ-MATERIALIEN > kbob.admin.ch > KBOB / ecobau / IPB 2009/1:2022v5
"11.013 Laminat, 8.5 mm (KBOB.2022v5_r)","11.013 Laminat, 8.5 mm (KBOB.2022v5_r)",,,,REFERENCE_MATERIAL,8.5,16600,13600,2970,38.3,38.2,0.108,42.7,41.3,1.45,10.4,8.1,2.3,m2,2.42,927E7BE7-E17F-4B77-B6A5-F1E755ED4C9D,KBOB 2022 V5,Alle > REFERENZ-MATERIALIEN > kbob.admin.ch > KBOB / ecobau / IPB 2009/1:2022v5
"11.014 Linoleum, 2.5 mm (KBOB.2022v5_r)","11.014 Linoleum, 2.5 mm (KBOB.2022v5_r)",,,,REFERENCE_MATERIAL,2.9,15800,15100,728,19.3,19.3,0.0362,26.3,25.9,0.437,6.36,5.84,0.516,m2,0.786,219ECD16-D974-452B-9D34-CB93A1C2087D,KBOB 2022 V5,Alle > REFERENZ-MATERIALIEN > kbob.admin.ch > KBOB / ecobau / IPB 2009/1:2022v5
"11.015 Natursteinplatte geschliffen, 15 mm (KBOB.2022v5_r)","11.015 Natursteinplatte geschliffen, 15 mm (KBOB.2022v5_r)",,,,REFERENCE_MATERIAL,40.5,41900,40200,1720,19.8,19.7,0.0893,118,116,2.13,16.8,16.3,0.514,m2,0,A94BDF7C-82AA-49BB-A7D8-BA6C9DE53D49,KBOB 2022 V5,Alle > REFERENZ-MATERIALIEN > kbob.admin.ch > KBOB / ecobau / IPB 2009/1:2022v5
"11.015.01 Natursteinplatte geschliffen, Europa, 15 mm (KBOB.2022v5_r)","11.015.01 Natursteinplatte geschliffen, Europa, 15 mm (KBOB.2022v5_r)",,,,REFERENCE_MATERIAL,40.5,40700,39000,1720,19.9,19.8,0.0893,117,115,2.13,16.6,16.1,0.514,m2,0,C5248FB7-477A-414E-9767-D520A592AD8F,KBOB 2022 V5,Alle > REFERENZ-MATERIALIEN > kbob.admin.ch > KBOB / ecobau / IPB 2009/1:2022v5
"11.015.02 Natursteinplatte geschliffen, Schweiz, 15 mm (KBOB.2022v5_r)","11.015.02 Natursteinplatte geschliffen, Schweiz, 15 mm (KBOB.2022v5_r)",,,,REFERENCE_MATERIAL,40.5,34800,33100,1720,19.2,19.1,0.0893,104,102,2.13,13.4,12.8,0.514,m2,0,31E6D875-1CEC-4AB8-BA9F-4515F540EF64,KBOB 2022 V5,Alle > REFERENZ-MATERIALIEN > kbob.admin.ch > KBOB / ecobau / IPB 2009/1:2022v5
"11.015.03 Natursteinplatte geschliffen, Übersee, 15 mm (KBOB.2022v5_r)","11.015.03 Natursteinplatte geschliffen, Übersee, 15 mm (KBOB.2022v5_r)",,,,REFERENCE_MATERIAL,40.5,44500,42800,1720,19.9,19.8,0.0893,122,120,2.13,17.9,17.4,0.514,m2,0,8248313F-D90D-4DE8-B4A4-B9DBE3FD1D47,KBOB 2022 V5,Alle > REFERENZ-MATERIALIEN > kbob.admin.ch > KBOB / ecobau / IPB 2009/1:2022v5
"11.016 Natursteinplatte geschnitten, 15 mm (KBOB.2022v5_r)","11.016 Natursteinplatte geschnitten, 15 mm (KBOB.2022v5_r)",,,,REFERENCE_MATERIAL,40.5,32000,30200,1720,13.5,13.4,0.0893,87.6,85.5,2.13,13.4,12.9,0.514,m2,0,09C392C6-F1C7-421F-B4DA-536C97AB36C7,KBOB 2022 V5,Alle > REFERENZ-MATERIALIEN > kbob.admin.ch > KBOB / ecobau / IPB 2009/1:2022v5
"11.017 Natursteinplatte poliert, 15 mm (KBOB.2022v5_r)","11.017 Natursteinplatte poliert, 15 mm (KBOB.2022v5_r)",,,,REFERENCE_MATERIAL,40.5,69700,68000,1720,25.2,25.1,0.0893,144,142,2.13,19.6,19.1,0.514,m2,0,09098784-8F4C-4C60-BD8D-39EB2145D8C4,KBOB 2022 V5,Alle > REFERENZ-MATERIALIEN > kbob.admin.ch > KBOB / ecobau / IPB 2009/1:2022v5
"11.018 Parkett 2-Schicht werkversiegelt, 11 mm (KBOB.2022v5_r)","11.018 Parkett 2-Schicht werkversiegelt, 11 mm (KBOB.2022v5_r)",,,,REFERENCE_MATERIAL,6.1,16100,15600,490,87.7,87.6,0.0376,42.3,41.7,0.563,7.8,7.47,0.337,m2,2.69,E7E6539A-A99C-41CA-B367-9F23E95AB60B,KBOB 2022 V5,Alle > REFERENZ-MATERIALIEN > kbob.admin.ch > KBOB / ecobau / IPB 2009/1:2022v5
"11.019 Parkett 3-Schicht werkversiegelt, 15 mm (KBOB.2022v5_r)","11.019 Parkett 3-Schicht werkversiegelt, 15 mm (KBOB.2022v5_r)",,,,REFERENCE_MATERIAL,7.9,18100,17500,635,145,145,0.0487,40.3,39.6,0.729,8.09,7.65,0.437,m2,3.54,3A16EE50-78D2-41C3-B04C-081938045128,KBOB 2022 V5,Alle > REFERENZ-MATERIALIEN > kbob.admin.ch > KBOB / ecobau / IPB 2009/1:2022v5
"11.020 Parkett Mosaik werkversiegelt, 8 mm (KBOB.2022v5_r)","11.020 Parkett Mosaik werkversiegelt, 8 mm (KBOB.2022v5_r)",,,,REFERENCE_MATERIAL,5.6,9020,8670,352,90,89.9,0.0343,23.3,22.8,0.497,3.57,3.35,0.218,m2,2.23,3CBF6DF7-FB0E-43EC-B297-DFBA6B9E4283,KBOB 2022 V5,Alle > REFERENZ-MATERIALIEN > kbob.admin.ch > KBOB / ecobau / IPB 2009/1:2022v5
"11.021 PVC homogen, 2 mm (KBOB.2022v5_r)","11.021 PVC homogen, 2 mm (KBOB.2022v5_r)",,,,REFERENCE_MATERIAL,3.1,20600,13500,7140,2.29,1.98,0.303,58.2,55,3.19,14.4,8.16,6.22,m2,0,07714EA8-1659-4E92-BF5B-CE52120C7B4F,KBOB 2022 V5,Alle > REFERENZ-MATERIALIEN > kbob.admin.ch > KBOB / ecobau / IPB 2009/1:2022v5
"11.022 Steinholz versiegelt, 16.5 mm (KBOB.2022v5_r)","11.022 Steinholz versiegelt, 16.5 mm (KBOB.2022v5_r)",,,,REFERENCE_MATERIAL,22,16400,15400,935,0.99,0.942,0.0485,25.1,24,1.16,12.9,12.7,0.279,m2,0,9C7A2743-77DD-4CE8-B1C7-A412157B907C,KBOB 2022 V5,Alle > REFERENZ-MATERIALIEN > kbob.admin.ch > KBOB / ecobau / IPB 2009/1:2022v5
"11.023 Synthetische thermoplastische Beläge (TPO), 2 mm (KBOB.2022v5_r)","11.023 Synthetische thermoplastische Beläge (TPO), 2 mm (KBOB.2022v5_r)",,,,REFERENCE_MATERIAL,3.4,20000,9510,10400,3.22,3.19,0.0303,43.3,42.6,0.638,16,5.87,10.1,m2,0,C8140CBD-C5D3-40B0-9AEF-498C98AD7909,KBOB 2022 V5,Alle > REFERENZ-MATERIALIEN > kbob.admin.ch > KBOB / ecobau / IPB 2009/1:2022v5
11.024 Teppich Kunstfaser getuftet (KBOB.2022v5_r),11.024 Teppich Kunstfaser getuftet (KBOB.2022v5_r),,,,REFERENCE_MATERIAL,2.1,21100,14700,6470,0.6,0.582,0.0187,50,49.6,0.394,16.7,10.5,6.25,m2,0,92E45A3D-900C-4492-ADA8-61B2DD0019C8,KBOB 2022 V5,Alle > REFERENZ-MATERIALIEN > kbob.admin.ch > KBOB / ecobau / IPB 2009/1:2022v5
11.025 Teppich Nadelfilz (KBOB.2022v5_r),11.025 Teppich Nadelfilz (KBOB.2022v5_r),,,,REFERENCE_MATERIAL,1.3,12700,8700,4010,0.615,0.604,0.0116,34.3,34,0.244,9.84,5.98,3.87,m2,0,E5FD6450-C5AC-4847-BCCD-D0F029C154E6,KBOB 2022 V5,Alle > REFERENZ-MATERIALIEN > kbob.admin.ch > KBOB / ecobau / IPB 2009/1:2022v5
11.026 Teppich Naturfaser (KBOB.2022v5_r),11.026 Teppich Naturfaser (KBOB.2022v5_r),,,,REFERENCE_MATERIAL,2.7,15300,13200,2070,10.9,10.9,0.0241,15.5,15.1,0.414,5.08,3.22,1.85,m2,1.01,9C22D41F-BB8A-428D-A09A-853D819ABCDF,KBOB 2022 V5,Alle > REFERENZ-MATERIALIEN > kbob.admin.ch > KBOB / ecobau / IPB 2009/1:2022v5
"11.027 Terrazzo versiegelt, 40 mm (KBOB.2022v5_r)","11.027 Terrazzo versiegelt, 40 mm (KBOB.2022v5_r)",,,,REFERENCE_MATERIAL,95,28100,24100,4040,4.23,4.02,0.21,40.5,35.6,5,17.3,16.1,1.21,m2,0,3C9838E9-2A6B-46EF-B6B7-E310A1B0A6B8,KBOB 2022 V5,Alle > REFERENZ-MATERIALIEN > kbob.admin.ch > KBOB / ecobau / IPB 2009/1:2022v5
"12.005 Aussentüre, Aluminium, Glaseinsatz (KBOB.2022v5_r)","12.005 Aussentüre, Aluminium, Glaseinsatz (KBOB.2022v5_r)",,,,REFERENCE_MATERIAL,,394000,377000,17300,118,117,0.49,911,906,5.34,216,201,14.8,m2,0,35881663-8dbf-472c-8690-957d157a54a2,KBOB 2022 V5,Alle > REFERENZ-MATERIALIEN > kbob.admin.ch > KBOB / ecobau / IPB 2009/1:2022v5
"12.006 Aussentüre, Aluminium, Paneelfüllung (KBOB.2022v5_r)","12.006 Aussentüre, Aluminium, Paneelfüllung (KBOB.2022v5_r)",,,,REFERENCE_MATERIAL,,385000,374000,10500,143,142,0.0263,837,836,0.792,192,182,10,m2,0,2c4d1c2a-496b-4d2f-8e9f-ce621e4a1afb,KBOB 2022 V5,Alle > REFERENZ-MATERIALIEN > kbob.admin.ch > KBOB / ecobau / IPB 2009/1:2022v5
"12.008 Aussentüre, Holz (KBOB.2022v5_r)","12.008 Aussentüre, Holz (KBOB.2022v5_r)",,,,REFERENCE_MATERIAL,,125000,116000,9270,283,283,0.14,265,261,4.17,62.2,54.6,7.64,m2,15.5,ff27a77b-badc-4527-9373-29f79906804c,KBOB 2022 V5,Alle > REFERENZ-MATERIALIEN > kbob.admin.ch > KBOB / ecobau / IPB 2009/1:2022v5
"12.001 Aussentüre, Holz, aluminiumbeplankt (KBOB.2022v5_r)","12.001 Aussentüre, Holz, aluminiumbeplankt (KBOB.2022v5_r)",,,,REFERENCE_MATERIAL,,231000,222000,9270,329,329,0.14,505,501,4.17,116,108,7.64,m2,15.5,4C49FCC1-4EF1-41DC-8754-E19D12D113FA,KBOB 2022 V5,Alle > REFERENZ-MATERIALIEN > kbob.admin.ch > KBOB / ecobau / IPB 2009/1:2022v5
"12.002 Aussentüre, Holz, Glaseinsatz (KBOB.2022v5_r)","12.002 Aussentüre, Holz, Glaseinsatz (KBOB.2022v5_r)",,,,REFERENCE_MATERIAL,,161000,148000,12100,247,247,0.321,359,352,6.31,85.7,76,9.7,m2,13,1B535A14-092B-4B01-9882-459671D72379,KBOB 2022 V5,Alle > REFERENZ-MATERIALIEN > kbob.admin.ch > KBOB / ecobau / IPB 2009/1:2022v5
"12.007 Innentüre, Aluminium, Glaseinsatz (KBOB.2022v5_r)","12.007 Innentüre, Aluminium, Glaseinsatz (KBOB.2022v5_r)",,,,REFERENCE_MATERIAL,,316000,305000,10500,104,104,0.339,722,719,3.6,166,157,8.71,m2,0,70161147-1156-4b2d-b954-d6592929a8ef,KBOB 2022 V5,Alle > REFERENZ-MATERIALIEN > kbob.admin.ch > KBOB / ecobau / IPB 2009/1:2022v5
"12.009 Innentüre, Funktionstüre, Holz, Holzrahmen (KBOB.2022v5_r)","12.009 Innentüre, Funktionstüre, Holz, Holzrahmen (KBOB.2022v5_r)",,,,REFERENCE_MATERIAL,,87800,79300,8530,280,280,0.181,190,185,4.87,44.3,37.4,6.86,m2,17.3,bfa8d003-c41c-4c53-9875-5c924683a1d2,KBOB 2022 V5,Alle > REFERENZ-MATERIALIEN > kbob.admin.ch > KBOB / ecobau / IPB 2009/1:2022v5
"12.012 Innentüre, Funktionstüre, Holz, Stahlzarge (KBOB.2022v5_r)","12.012 Innentüre, Funktionstüre, Holz, Stahlzarge (KBOB.2022v5_r)",,,,REFERENCE_MATERIAL,,181000,173000,7920,232,232,0.173,357,352,4.35,96.8,90.4,6.46,m2,13.7,0be05dde-ba72-4acc-bf8d-278e526584d7,KBOB 2022 V5,Alle > REFERENZ-MATERIALIEN > kbob.admin.ch > KBOB / ecobau / IPB 2009/1:2022v5
"12.004 Innentüre, Zimmertüre, Holz, Glaseinsatz, Holzrahmen (KBOB.2022v5_r)","12.004 Innentüre, Zimmertüre, Holz, Glaseinsatz, Holzrahmen (KBOB.2022v5_r)",,,,REFERENCE_MATERIAL,,109000,99800,8890,201,200,0.279,255,249,5.24,59.7,52.8,6.92,m2,11,A1868DC5-9456-4291-865A-499B33A5FCD1,KBOB 2022 V5,Alle > REFERENZ-MATERIALIEN > kbob.admin.ch > KBOB / ecobau / IPB 2009/1:2022v5
"12.011 Innentüre, Zimmertüre, Holz, Glaseinsatz, Stahlzarge (KBOB.2022v5_r)","12.011 Innentüre, Zimmertüre, Holz, Glaseinsatz, Stahlzarge (KBOB.2022v5_r)",,,,REFERENCE_MATERIAL,,202000,193000,8270,153,153,0.271,421,416,4.71,112,106,6.53,m2,7.46,baf5dab7-6a2d-47f6-a64c-867e2227b969,KBOB 2022 V5,Alle > REFERENZ-MATERIALIEN > kbob.admin.ch > KBOB / ecobau / IPB 2009/1:2022v5
"12.003 Innentüre, Zimmertüre, Holz, Holzrahmen (KBOB.2022v5_r)","12.003 Innentüre, Zimmertüre, Holz, Holzrahmen (KBOB.2022v5_r)",,,,REFERENCE_MATERIAL,,64500,57800,6700,206,206,0.125,141,137,3.44,32.3,26.9,5.39,m2,12.4,767D89CB-9927-4BDD-ACD3-FCC79C32B97E,KBOB 2022 V5,Alle > REFERENZ-MATERIALIEN > kbob.admin.ch > KBOB / ecobau / IPB 2009/1:2022v5
"12.010 Innentüre, Zimmertüre, Holz, Stahlzarge (KBOB.2022v5_r)","12.010 Innentüre, Zimmertüre, Holz, Stahlzarge (KBOB.2022v5_r)",,,,REFERENCE_MATERIAL,,158000,151000,6090,159,158,0.117,307,304,2.92,84.8,79.9,5,m2,8.83,0ea0aaec-c7a6-42ab-97cb-d02848277eb6,KBOB 2022 V5,Alle > REFERENZ-MATERIALIEN > kbob.admin.ch > KBOB / ecobau / IPB 2009/1:2022v5
13.001 Acrylnitril-Butadien-Styrol (ABS) (KBOB.2022v5_r),13.001 Acrylnitril-Butadien-Styrol (ABS) (KBOB.2022v5_r),,,,REFERENCE_MATERIAL,1050,9770,6790,2980,0.437,0.416,0.0213,30,29.2,0.739,7.67,4.92,2.75,kg,0,D145CC3E-3828-487D-8C94-C2CDC23BF922,KBOB 2022 V5,Alle > REFERENZ-MATERIALIEN > kbob.admin.ch > KBOB / ecobau / IPB 2009/1:2022v5
13.005 Gusseisen (KBOB.2022v5_r),13.005 Gusseisen (KBOB.2022v5_r),,,,REFERENCE_MATERIAL,7850,5670,5660,11.1,0.279,0.279,0.00058,5.48,5.45,0.0272,2.09,2.09,0.00693,kg,0,BF5ADE50-BDAD-419B-B7E5-9A3F7F6938A3,KBOB 2022 V5,Alle > REFERENZ-MATERIALIEN > kbob.admin.ch > KBOB / ecobau / IPB 2009/1:2022v5
13.002 Polyethylen (PE) (KBOB.2022v5_r),13.002 Polyethylen (PE) (KBOB.2022v5_r),,,,REFERENCE_MATERIAL,960,6020,3570,2450,0.544,0.53,0.0143,23.2,23,0.209,4.75,2.38,2.37,kg,0,0DB3712B-3B7E-44BB-B56C-A49DDED3D465,KBOB 2022 V5,Alle > REFERENZ-MATERIALIEN > kbob.admin.ch > KBOB / ecobau / IPB 2009/1:2022v5
13.003 Polypropylen (PP) (KBOB.2022v5_r),13.003 Polypropylen (PP) (KBOB.2022v5_r),,,,REFERENCE_MATERIAL,910,6050,3600,2450,0.428,0.413,0.0143,22.7,22.5,0.209,4.78,2.4,2.37,kg,0,92B2EFB8-9F95-47EC-963D-114CBE430246,KBOB 2022 V5,Alle > REFERENZ-MATERIALIEN > kbob.admin.ch > KBOB / ecobau / IPB 2009/1:2022v5
13.004 Polyvinylchlorid (PVC) (KBOB.2022v5_r),13.004 Polyvinylchlorid (PVC) (KBOB.2022v5_r),,,,REFERENCE_MATERIAL,1390,6240,3880,2370,0.646,0.543,0.103,19.5,18.4,1.1,4.49,2.38,2.1,kg,0,5A6449C2-62A0-4A42-BF6D-F1E33F5F9480,KBOB 2022 V5,Alle > REFERENZ-MATERIALIEN > kbob.admin.ch > KBOB / ecobau / IPB 2009/1:2022v5
"14.002 Anstrich, lösemittelverdünnbar, 2 Anstriche (KBOB.2022v5_r)","14.002 Anstrich, lösemittelverdünnbar, 2 Anstriche (KBOB.2022v5_r)",,,,REFERENCE_MATERIAL,0.3,2260,2190,70.7,0.452,0.451,0.00067,6.57,6.55,0.0167,0.975,0.919,0.0562,m2,0,07DD2F56-133A-4FBF-A39B-1D374248EB2A,KBOB 2022 V5,Alle > REFERENZ-MATERIALIEN > kbob.admin.ch > KBOB / ecobau / IPB 2009/1:2022v5
"14.001 Anstrich, wasserverdünnbar, 2 Anstriche (KBOB.2022v5_r)","14.001 Anstrich, wasserverdünnbar, 2 Anstriche (KBOB.2022v5_r)",,,,REFERENCE_MATERIAL,0.3,1220,1150,70.7,0.143,0.143,0.00067,4.17,4.15,0.0167,0.701,0.645,0.0562,m2,0,10ACA0B7-B75D-4F51-A3AB-976B923ACA8A,KBOB 2022 V5,Alle > REFERENZ-MATERIALIEN > kbob.admin.ch > KBOB / ecobau / IPB 2009/1:2022v5
"14.003 Bitumenemulsion, 1 Anstrich (KBOB.2022v5_r)","14.003 Bitumenemulsion, 1 Anstrich (KBOB.2022v5_r)",,,,REFERENCE_MATERIAL,0.25,428,369,59,0.0173,0.0167,0.00056,1.85,1.84,0.014,0.181,0.134,0.0468,m2,0,1165EF5A-E1A2-4C0D-9307-622DEE107999,KBOB 2022 V5,Alle > REFERENZ-MATERIALIEN > kbob.admin.ch > KBOB / ecobau / IPB 2009/1:2022v5
"14.004 Emaillieren, Metall (KBOB.2022v5_r)","14.004 Emaillieren, Metall (KBOB.2022v5_r)",,,,REFERENCE_MATERIAL,,16400,16400,0,4.16,4.16,0,43.5,43.5,0,8.11,8.11,0,m2,0,F45B12F5-FF80-528A-2C76-A6DABD38F684,KBOB 2022 V5,Alle > REFERENZ-MATERIALIEN > kbob.admin.ch > KBOB / ecobau / IPB 2009/1:2022v5
"14.005 Pulverbeschichten, Aluminium (KBOB.2022v5_r)","14.005 Pulverbeschichten, Aluminium (KBOB.2022v5_r)",,,,REFERENCE_MATERIAL,,6260,6260,0,0.599,0.599,0,16.6,16.6,0,3.64,3.64,0,m2,0,68569EAE-A2FA-E096-D678-497AB362BCCF,KBOB 2022 V5,Alle > REFERENZ-MATERIALIEN > kbob.admin.ch > KBOB / ecobau / IPB 2009/1:2022v5
"14.006 Pulverbeschichten, Stahl (KBOB.2022v5_r)","14.006 Pulverbeschichten, Stahl (KBOB.2022v5_r)",,,,REFERENCE_MATERIAL,,6760,6760,0,0.721,0.721,0,21.1,21.1,0,4.38,4.38,0,m2,0,E9266136-2E91-997B-5E48-CA88AB77279C,KBOB 2022 V5,Alle > REFERENZ-MATERIALIEN > kbob.admin.ch > KBOB / ecobau / IPB 2009/1:2022v5
"14.007 Verchromen, Stahl (KBOB.2022v5_r)","14.007 Verchromen, Stahl (KBOB.2022v5_r)",,,,REFERENCE_MATERIAL,,6320,6320,0,0.876,0.876,0,4.45,4.45,0,0.609,0.609,0,m2,0,3FDD883B-8EDA-4735-987C-5D7CF46F1004,KBOB 2022 V5,Alle > REFERENZ-MATERIALIEN > kbob.admin.ch > KBOB / ecobau / IPB 2009/1:2022v5
"14.008 Verzinken, Stahl (KBOB.2022v5_r)","14.008 Verzinken, Stahl (KBOB.2022v5_r)",,,,REFERENCE_MATERIAL,,29500,29500,0,2.65,2.65,0,25.5,25.5,0,6.09,6.09,0,m2,0,AAF77F9A-FE78-41CD-BAD5-16DAA6238CC2,KBOB 2022 V5,Alle > REFERENZ-MATERIALIEN > kbob.admin.ch > KBOB / ecobau / IPB 2009/1:2022v5
"15.001 Plexiglas (PMMA, Acrylglas) (KBOB.2022v5_r)","15.001 Plexiglas (PMMA, Acrylglas) (KBOB.2022v5_r)",,,,REFERENCE_MATERIAL,1180,14800,11700,3090,0.385,0.371,0.0137,40.2,40,0.21,11.6,8.68,2.92,kg,0,78087965-417E-4763-B8B5-4A7910943363,KBOB 2022 V5,Alle > REFERENZ-MATERIALIEN > kbob.admin.ch > KBOB / ecobau / IPB 2009/1:2022v5
15.002 Polyamid (PA) glasfaserverstärkt (KBOB.2022v5_r),15.002 Polyamid (PA) glasfaserverstärkt (KBOB.2022v5_r),,,,REFERENCE_MATERIAL,1360,15200,12300,2910,0.999,0.979,0.0198,40.3,39.6,0.687,11.5,8.89,2.62,kg,0,A5671823-5D7E-A4B1-2A9F-C32E6CA3BCB9,KBOB 2022 V5,Alle > REFERENZ-MATERIALIEN > kbob.admin.ch > KBOB / ecobau / IPB 2009/1:2022v5
15.003 Polycarbonat (PC) (KBOB.2022v5_r),15.003 Polycarbonat (PC) (KBOB.2022v5_r),,,,REFERENCE_MATERIAL,1200,15900,12800,3090,0.426,0.412,0.0137,31.8,31.6,0.21,11.4,8.49,2.92,kg,0,464C8985-D30C-40EC-8B26-7E107BCF7F1A,KBOB 2022 V5,Alle > REFERENZ-MATERIALIEN > kbob.admin.ch > KBOB / ecobau / IPB 2009/1:2022v5
15.004 Polyester (UP) glasfaserverstärkt (KBOB.2022v5_r),15.004 Polyester (UP) glasfaserverstärkt (KBOB.2022v5_r),,,,REFERENCE_MATERIAL,1500,13800,10700,3090,1.51,1.5,0.0137,31.3,31.1,0.21,9.84,6.92,2.92,kg,0,993A7227-F17D-4BFA-8B37-C62C13DC42F5,KBOB 2022 V5,Alle > REFERENZ-MATERIALIEN > kbob.admin.ch > KBOB / ecobau / IPB 2009/1:2022v5
15.005 Polystyrol (PS) (KBOB.2022v5_r),15.005 Polystyrol (PS) (KBOB.2022v5_r),,,,REFERENCE_MATERIAL,1050,8170,4880,3280,0.111,0.0971,0.0135,24.6,24.4,0.208,6.72,3.64,3.08,kg,0,CBDADEEB-3B93-32E4-6504-08EF289B6D9B,KBOB 2022 V5,Alle > REFERENZ-MATERIALIEN > kbob.admin.ch > KBOB / ecobau / IPB 2009/1:2022v5
21.001 Abfalltrennsystem (KBOB.2022v5_r),21.001 Abfalltrennsystem (KBOB.2022v5_r),,,,REFERENCE_MATERIAL,,35300,26600,8760,16.9,16.9,0.0531,113,112,0.873,24.2,16.1,8.13,Stk.,0,3C36CA50-3B4E-44CA-8240-EB4B75A84B68,KBOB 2022 V5,Alle > REFERENZ-MATERIALIEN > kbob.admin.ch > KBOB / ecobau / IPB 2009/1:2022v5
"21.002 Arbeitsplatte Chromstahl, high-end (KBOB.2022v5_r)","21.002 Arbeitsplatte Chromstahl, high-end (KBOB.2022v5_r)",,,,REFERENCE_MATERIAL,,837000,836000,708,452,452,0.0372,1260,1260,1.74,332,332,0.444,m2,0,FC7C4727-B6B9-45A9-9AB9-53EE5C039FB2,KBOB 2022 V5,Alle > REFERENZ-MATERIALIEN > kbob.admin.ch > KBOB / ecobau / IPB 2009/1:2022v5
"21.003 Arbeitsplatte Chromstahl, Standard (KBOB.2022v5_r)","21.003 Arbeitsplatte Chromstahl, Standard (KBOB.2022v5_r)",,,,REFERENCE_MATERIAL,,137000,136000,1420,89.2,89.1,0.0827,224,223,1.47,56.8,55.7,1.05,m2,5.09,59550658-97D9-44D0-A19E-69C1434953F0,KBOB 2022 V5,Alle > REFERENZ-MATERIALIEN > kbob.admin.ch > KBOB / ecobau / IPB 2009/1:2022v5
21.004 Arbeitsplatte Kompositwerkstoff (auf Aluminiumhydroxidbasis) (KBOB.2022v5_r),21.004 Arbeitsplatte Kompositwerkstoff (auf Aluminiumhydroxidbasis) (KBOB.2022v5_r),,,,REFERENCE_MATERIAL,,137000,116000,20800,6.37,6.13,0.237,355,350,4.49,95.5,76.2,19.2,m2,0,BA8B90B0-9DF2-4B24-9C2E-2771662E958F,KBOB 2022 V5,Alle > REFERENZ-MATERIALIEN > kbob.admin.ch > KBOB / ecobau / IPB 2009/1:2022v5
21.005 Arbeitsplatte kunstharzbeschichtet (KBOB.2022v5_r),21.005 Arbeitsplatte kunstharzbeschichtet (KBOB.2022v5_r),,,,REFERENCE_MATERIAL,,34200,32700,1550,148,148,0.0796,102,101,1.25,20.2,19,1.2,m2,11.6,77DCCEBD-760E-4534-9BF9-975E037EB3A0,KBOB 2022 V5,Alle > REFERENZ-MATERIALIEN > kbob.admin.ch > KBOB / ecobau / IPB 2009/1:2022v5
21.006 Arbeitsplatte Massivholz (KBOB.2022v5_r),21.006 Arbeitsplatte Massivholz (KBOB.2022v5_r),,,,REFERENCE_MATERIAL,,27500,26000,1480,336,335,0.144,60.7,58.6,2.09,12.6,11.7,0.915,m2,6.36,FF8F7027-E9C1-4AD4-9E47-7DDB0F44CCEE,KBOB 2022 V5,Alle > REFERENZ-MATERIALIEN > kbob.admin.ch > KBOB / ecobau / IPB 2009/1:2022v5
21.007 Arbeitsplatte Naturstein (KBOB.2022v5_r),21.007 Arbeitsplatte Naturstein (KBOB.2022v5_r),,,,REFERENCE_MATERIAL,,159000,155000,3510,73.2,73,0.182,356,352,4.34,41.1,40.1,1.05,m2,0,F6E3D922-9AB9-43AF-8913-DAEEA4FBE722,KBOB 2022 V5,Alle > REFERENZ-MATERIALIEN > kbob.admin.ch > KBOB / ecobau / IPB 2009/1:2022v5
21.008 Dampfabzug (KBOB.2022v5_r),21.008 Dampfabzug (KBOB.2022v5_r),,,,REFERENCE_MATERIAL,,356000,338000,17700,70.6,70.6,0.0392,598,596,1.31,151,134,17.1,Stk.,0,84ED90B6-CBDF-4F8D-845B-272346268676,KBOB 2022 V5,Alle > REFERENZ-MATERIALIEN > kbob.admin.ch > KBOB / ecobau / IPB 2009/1:2022v5
"21.009 Küche, Massivholz, 16-teilig (KBOB.2022v5_r)","21.009 Küche, Massivholz, 16-teilig (KBOB.2022v5_r)",,,,REFERENCE_MATERIAL,,1010000,943000,62600,5050,5040,2.49,1980,1940,38.3,470,418,51.3,Stk.,160,179EF39A-FF60-4845-9534-8D73EF207C47,KBOB 2022 V5,Alle > REFERENZ-MATERIALIEN > kbob.admin.ch > KBOB / ecobau / IPB 2009/1:2022v5
"21.010 Küche, Metall, 16-teilig (KBOB.2022v5_r)","21.010 Küche, Metall, 16-teilig (KBOB.2022v5_r)",,,,REFERENCE_MATERIAL,,6610000,6560000,54300,700,699,0.264,10300,10300,5.13,2770,2720,51,Stk.,3.45,6927B923-0CE9-404D-B3A9-98914ED31E83,KBOB 2022 V5,Alle > REFERENZ-MATERIALIEN > kbob.admin.ch > KBOB / ecobau / IPB 2009/1:2022v5
"21.011 Küche, Spanplatte, 16-teilig (KBOB.2022v5_r)","21.011 Küche, Spanplatte, 16-teilig (KBOB.2022v5_r)",,,,REFERENCE_MATERIAL,,1200000,1110000,91000,2530,2530,3.53,2870,2810,56.2,632,557,74.8,Stk.,223,FADC1641-F855-4888-B0BB-42B23153ED97,KBOB 2022 V5,Alle > REFERENZ-MATERIALIEN > kbob.admin.ch > KBOB / ecobau / IPB 2009/1:2022v5
21.012 Spüle Chromstahl (KBOB.2022v5_r),21.012 Spüle Chromstahl (KBOB.2022v5_r),,,,REFERENCE_MATERIAL,,110000,105000,5330,41.3,41.2,0.0358,214,213,0.711,48.6,43.7,4.92,Stk.,0,12ADE34B-2318-4E01-89C0-4A690DF416D3,KBOB 2022 V5,Alle > REFERENZ-MATERIALIEN > kbob.admin.ch > KBOB / ecobau / IPB 2009/1:2022v5
21.013 Spüle Kompositwerkstoff (auf Gesteinsmehlbasis) (KBOB.2022v5_r),21.013 Spüle Kompositwerkstoff (auf Gesteinsmehlbasis) (KBOB.2022v5_r),,,,REFERENCE_MATERIAL,,46600,46000,595,16.5,16.5,0.0309,144,143,0.736,30.7,30.5,0.178,Stk.,0,77603615-1C21-4F15-A9A7-3194EA13EEE8,KBOB 2022 V5,Alle > REFERENZ-MATERIALIEN > kbob.admin.ch > KBOB / ecobau / IPB 2009/1:2022v5