Name,ProductKey,Description,Picture,Product sections,Type,vyzn.catalogue.Density,vyzn.catalogue.ch.KBOB2022.UBPTotal,vyzn.catalogue.ch.KBOB2022.UBPProduction,vyzn.catalogue.ch.KBOB2022.UBPDisposal,vyzn.catalogue.ch.KBOB2022.RenewableEnergyTotal,vyzn.catalogue.ch.KBOB2022.RenewableEnergyProduction,vyzn.catalogue.ch.KBOB2022.RenewableEnergyDisposal,vyzn.catalogue.ch.KBOB2022.GreyEnergyTotal,vyzn.catalogue.ch.KBOB2022.GreyEnergyProduction,vyzn.catalogue.ch.KBOB2022.GreyEnergyDisposal,vyzn.catalogue.ch.KBOB2022.GHGEmissionsTotal,vyzn.catalogue.ch.KBOB2022.GHGEmissionsProduction,vyzn.catalogue.ch.KBOB2022.GHGEmissionsDisposal,vyzn.catalogue.ch.KBOB2022.LCARefUnit,vyzn.catalogue.ch.KBOB2022.BiogenicCarbon
"00.001 Baugrubensicherung, Bohrpfahlwand, gespriesst (KBOB2022)",KBOB2022-00.001,,,,MATERIAL_LIST,,1390000,1230000,169000,134,125,9.15,2230,1980,249,911,850,61.1,m2,0.000
"00.002 Baugrubensicherung, Bohrpfahlwand, unverankert (KBOB2022)",KBOB2022-00.002,,,,MATERIAL_LIST,,1320000,1160000,169000,120,110,9.15,2040,1800,249,872,810,61.1,m2,0.000
"00.003 Baugrubensicherung, Bohrpfahlwand, verankert (KBOB2022)",KBOB2022-00.003,,,,MATERIAL_LIST,,1000000,889000,111000,111,105,6.04,1570,1410,164,620,579,40.4,m2,0.000
"00.004 Baugrubensicherung, Nagelwand (KBOB2022)",KBOB2022-00.004,,,,MATERIAL_LIST,,222000,198000,24500,24.3,23.0,1.33,336,300,36.1,140,131,8.87,m2,0.000
"00.005 Baugrubensicherung, Rühlwand, auskragend (KBOB2022)",KBOB2022-00.005,,,,MATERIAL_LIST,,447000,407000,39300,108,106,2.15,886,828,57.9,276,262,14.4,m2,0.000
"00.006 Baugrubensicherung, Rühlwand, gespriesst (KBOB2022)",KBOB2022-00.006,,,,MATERIAL_LIST,,317000,294000,23000,47.3,46.1,1.25,651,617,33.9,193,185,8.34,m2,0.000
"00.007 Baugrubensicherung, Rühlwand, verankert (KBOB2022)",KBOB2022-00.007,,,,MATERIAL_LIST,,340000,313000,26600,46.5,45.1,1.44,665,626,39.2,208,199,9.63,m2,0.000
"00.008 Baugrubensicherung, Schlitzwand, 400 mm (KBOB2022)",KBOB2022-00.008,,,,MATERIAL_LIST,,913000,828000,84800,96.2,91.6,4.60,1320,1190,125,497,467,30.6,m2,0.000
"00.009 Baugrubensicherung, Schlitzwand, 800 mm (KBOB2022)",KBOB2022-00.009,,,,MATERIAL_LIST,,1650000,1480000,167000,182,173,9.07,2400,2150,246,957,897,60.4,m2,0.000
"00.010 Baugrubensicherung, Spundwand, auskragend (KBOB2022)",KBOB2022-00.010,,,,MATERIAL_LIST,,289000,287000,1710,44.4,44.3,0.089,733,729,4.18,170,169,1.07,m2,0.000
"00.011 Baugrubensicherung, Spundwand, gespriesst (KBOB2022)",KBOB2022-00.011,,,,MATERIAL_LIST,,163000,162000,935,24.4,24.4,0.048,413,411,2.29,96.3,95.7,0.585,m2,0.000
"00.012 Baugrubensicherung, Spundwand, verankert (KBOB2022)",KBOB2022-00.012,,,,MATERIAL_LIST,,327000,321000,5500,53.7,53.4,0.294,800,789,10.0,190,188,2.52,m2,0.000
"00.013 Tiefgründung, Mikrobohrpfahl (KBOB2022)",KBOB2022-00.013,,,,MATERIAL_LIST,,59800,59800,0.000,8.68,8.68,0.000,118,118,0.000,35.4,35.4,0.000,m,0.000
"00.014 Tiefgründung, Ortbetonbohrpfahl, 700 mm (KBOB2022)",KBOB2022-00.014,,,,MATERIAL_LIST,,296000,296000,0.000,30.4,30.4,0.000,411,411,0.000,184,184,0.000,m,0.000
"00.015 Tiefgründung, Ortbetonbohrpfahl, 900 mm (KBOB2022)",KBOB2022-00.015,,,,MATERIAL_LIST,,435000,435000,0.000,46.9,46.9,0.000,572,572,0.000,275,275,0.000,m,0.000
"00.016 Tiefgründung, Ortbetonbohrpfahl, 1200 mm (KBOB2022)",KBOB2022-00.016,,,,MATERIAL_LIST,,670000,670000,0.000,74.1,74.1,0.000,856,856,0.000,428,428,0.000,m,0.000
"00.017 Tiefgründung, Ortbetonverdrängungspfahl 560/480 mm (KBOB2022)",KBOB2022-00.017,,,,MATERIAL_LIST,,149000,149000,0.000,14.9,14.9,0.000,246,246,0.000,91.0,91.0,0.000,m,0.000
"00.018 Tiefgründung, Ortbetonverdrängungspfahl 660/580 mm (KBOB2022)",KBOB2022-00.018,,,,MATERIAL_LIST,,187000,187000,0.000,19.5,19.5,0.000,296,296,0.000,115,115,0.000,m,0.000
"00.019 Tiefgründung, Rüttelstopfsäule (KBOB2022)",KBOB2022-00.019,,,,MATERIAL_LIST,,30900,30900,0.000,1.53,1.53,0.000,28.9,28.9,0.000,6.82,6.82,0.000,m,0.000
"00.020 Tiefgründung, Vorgefertigter Betonpfahl (KBOB2022)",KBOB2022-00.020,,,,MATERIAL_LIST,,51400,51400,0.000,5.62,5.62,0.000,66.5,66.5,0.000,32.9,32.9,0.000,m,0.000
"00.021 Wasserhaltung, Pumphöhe 2.5 m (KBOB2022)",KBOB2022-00.021,,,,MATERIAL_LIST,,21.0,21.0,0.000,0.022,0.022,0.000,0.084,0.084,0.000,0.005,0.005,0.000,m3,0.000
"00.022 Wasserhaltung, Pumphöhe 5 m (KBOB2022)",KBOB2022-00.022,,,,MATERIAL_LIST,,24.6,24.6,0.000,0.026,0.026,0.000,0.098,0.098,0.000,0.006,0.006,0.000,m3,0.000
"00.023 Wasserhaltung, Pumphöhe 7.5 m (KBOB2022)",KBOB2022-00.023,,,,MATERIAL_LIST,,28.6,28.6,0.000,0.031,0.031,0.000,0.114,0.114,0.000,0.007,0.007,0.000,m3,0.000
"00.024 Wasserhaltung, Pumphöhe 10 m (KBOB2022)",KBOB2022-00.024,,,,MATERIAL_LIST,,32.9,32.9,0.000,0.035,0.035,0.000,0.132,0.132,0.000,0.008,0.008,0.000,m3,0.000
01.001 Magerbeton (ohne Bewehrung) (KBOB2022),KBOB2022-01.001,,,,MATERIAL_LIST,2150,105,68.9,35.6,0.010,0.008,0.002,0.129,0.077,0.052,0.063,0.050,0.013,kg,0.000
01.002 Hochbaubeton (ohne Bewehrung) (KBOB2022),KBOB2022-01.002,,,,MATERIAL_LIST,2300,154,118,35.4,0.015,0.013,0.002,0.175,0.124,0.052,0.101,0.089,0.013,kg,0.000
01.003 Tiefbaubeton (ohne Bewehrung) (KBOB2022),KBOB2022-01.003,,,,MATERIAL_LIST,2350,164,128,35.4,0.016,0.014,0.002,0.189,0.138,0.052,0.109,0.096,0.013,kg,0.000
01.004 Bohrpfahlbeton (ohne Bewehrung) (KBOB2022),KBOB2022-01.004,,,,MATERIAL_LIST,2325,175,139,35.3,0.017,0.015,0.002,0.198,0.146,0.051,0.119,0.107,0.013,kg,0.000
"01.041 Betonfertigteil, hochfester Beton, ab Werk (KBOB2022)",KBOB2022-01.041,,,,MATERIAL_LIST,2770,589,558,31.2,0.082,0.080,0.002,0.871,0.825,0.046,0.358,0.347,0.011,kg,0.000
"01.042 Betonfertigteil, Normalbeton, ab Werk (KBOB2022)",KBOB2022-01.042,,,,MATERIAL_LIST,2500,330,296,34.2,0.096,0.095,0.002,0.489,0.439,0.050,0.204,0.191,0.012,kg,0.000
01.043 Hanfbeton (KBOB2022),KBOB2022-01.043,,,,MATERIAL_LIST,600,665,663,1.69,0.899,0.899,0.000,0.959,0.959,0.000,0.324,0.324,0.000,kg,0.065
"01.043.01 Hanfbeton, ARBIO (KBOB2022)",KBOB2022-01.043.01,,,,MATERIAL_LIST,600,639,638,1.69,0.865,0.865,0.000,0.922,0.922,0.000,0.312,0.312,0.000,kg,0.065
02.001 Backstein (KBOB2022),KBOB2022-02.001,,,,MATERIAL_LIST,900,372,329,42.7,0.080,0.078,0.002,0.788,0.735,0.053,0.267,0.254,0.013,kg,0.000
"02.001.01 Backstein, perlitgefüllt, zzwancor (KBOB2022)",KBOB2022-02.001.01,,,,MATERIAL_LIST,575,421,378,42.7,0.105,0.103,0.002,0.914,0.861,0.053,0.283,0.270,0.013,kg,0.000
02.002 Kalksandstein (KBOB2022),KBOB2022-02.002,,,,MATERIAL_LIST,1400,259,216,42.7,0.039,0.037,0.002,0.390,0.337,0.053,0.162,0.149,0.013,kg,0.000
"02.002.01 Kalksandstein, FBB (KBOB2022)",KBOB2022-02.002.01,,,,MATERIAL_LIST,,196,153,42.7,0.035,0.033,0.002,0.315,0.263,0.053,0.115,0.102,0.013,kg,0.000
"02.002.02 Kalksandstein, Hunziker Kalksandstein AG (KBOB2022)",KBOB2022-02.002.02,,,,MATERIAL_LIST,,191,148,42.7,0.017,0.015,0.002,0.288,0.235,0.053,0.107,0.094,0.013,kg,0.000
02.003 Leichtlehmstein (KBOB2022),KBOB2022-02.003,,,,MATERIAL_LIST,700,354,311,42.7,0.793,0.790,0.002,0.764,0.712,0.053,0.180,0.167,0.013,kg,0.000
"02.004 Leichtzementstein, Blähton (KBOB2022)",KBOB2022-02.004,,,,MATERIAL_LIST,1200,610,568,42.7,0.055,0.053,0.002,1.43,1.37,0.053,0.429,0.416,0.013,kg,0.000
"02.005 Leichtzementstein, Naturbims (KBOB2022)",KBOB2022-02.005,,,,MATERIAL_LIST,1200,323,280,42.7,0.036,0.034,0.002,0.364,0.311,0.053,0.213,0.200,0.013,kg,0.000
02.006 Porenbetonstein (KBOB2022),KBOB2022-02.006,,,,MATERIAL_LIST,500,574,531,42.7,0.070,0.067,0.002,0.860,0.807,0.053,0.427,0.414,0.013,kg,0.000
02.007 Zementstein (KBOB2022),KBOB2022-02.007,,,,MATERIAL_LIST,1700,215,172,42.7,0.026,0.024,0.002,0.226,0.173,0.053,0.127,0.114,0.013,kg,0.000
"02.007.01 Erdstein, aus gepresster Erde, Terrabloc (KBOB2022)",KBOB2022-02.007.01,,,,MATERIAL_LIST,1850,136,84.0,51.6,0.010,0.010,0.000,0.142,0.129,0.013,0.057,0.054,0.003,kg,0.000
"02.007.02 Hanfsteine, Schönthaler AG (KBOB2022)",KBOB2022-02.007.02,,,,MATERIAL_LIST,300,824,751,72.1,1.81,1.80,0.004,1.91,1.77,0.145,0.372,0.338,0.033,kg,0.150
03.001 Betonziegel (KBOB2022),KBOB2022-03.001,,,,MATERIAL_LIST,2300,327,284,42.7,0.037,0.035,0.002,0.469,0.416,0.053,0.209,0.196,0.013,kg,0.000
03.002 Faserzement-Dachschindel (KBOB2022),KBOB2022-03.002,,,,MATERIAL_LIST,1800,1100,1040,68.0,0.490,0.489,0.002,2.16,2.11,0.053,0.700,0.687,0.013,kg,0.000
03.003 Faserzementplatte gross (KBOB2022),KBOB2022-03.003,,,,MATERIAL_LIST,1800,1520,1450,68.0,0.614,0.613,0.002,2.93,2.87,0.053,1.04,1.02,0.013,kg,0.000
03.004 Faserzement-Wellplatte (KBOB2022),KBOB2022-03.004,,,,MATERIAL_LIST,1800,1060,992,68.0,0.552,0.550,0.002,1.78,1.73,0.053,0.650,0.636,0.013,kg,0.000
03.005 Flachglas beschichtet (KBOB2022),KBOB2022-03.005,,,,MATERIAL_LIST,2500,2000,1930,69.2,0.255,0.243,0.012,4.64,4.53,0.109,1.20,1.19,0.019,kg,0.000
03.006 Flachglas unbeschichtet (KBOB2022),KBOB2022-03.006,,,,MATERIAL_LIST,2500,1790,1720,69.2,0.139,0.127,0.012,4.08,3.97,0.109,1.14,1.12,0.019,kg,0.000
03.007 Gipsfaserplatte (KBOB2022),KBOB2022-03.007,,,,MATERIAL_LIST,1200,875,803,71.8,0.098,0.094,0.004,2.47,2.40,0.079,0.553,0.534,0.019,kg,0.045
03.008 Gipskartonplatte (KBOB2022),KBOB2022-03.008,,,,MATERIAL_LIST,850,525,453,72.1,0.089,0.085,0.004,1.33,1.26,0.078,0.302,0.283,0.019,kg,0.018
03.009 Hartsandsteinplatte (KBOB2022),KBOB2022-03.009,,,,MATERIAL_LIST,2500,113,70.0,42.7,0.045,0.043,0.002,0.276,0.223,0.053,0.041,0.028,0.013,kg,0.000
03.010 Keramik-/Steinzeugplatte (KBOB2022),KBOB2022-03.010,,,,MATERIAL_LIST,2600,4110,4060,42.7,0.208,0.206,0.002,3.73,3.67,0.053,0.796,0.783,0.013,kg,0.000
03.011 Kies gebrochen (KBOB2022),KBOB2022-03.011,,,,MATERIAL_LIST,2000,65.2,24.8,40.4,0.008,0.005,0.002,0.085,0.032,0.053,0.018,0.005,0.013,kg,0.000
03.012 Rundkies (KBOB2022),KBOB2022-03.012,,,,MATERIAL_LIST,2000,59.7,19.3,40.4,0.004,0.002,0.002,0.069,0.016,0.053,0.016,0.003,0.013,kg,0.000
03.013 Sand (KBOB2022),KBOB2022-03.013,,,,MATERIAL_LIST,2000,59.7,19.3,40.4,0.004,0.002,0.002,0.069,0.016,0.053,0.016,0.003,0.013,kg,0.000
03.014 Sanitärkeramik (KBOB2022),KBOB2022-03.014,,,,MATERIAL_LIST,2000,4690,4650,42.7,0.355,0.353,0.002,11.1,11.1,0.053,2.38,2.37,0.013,kg,0.000
03.015 Tonziegel (KBOB2022),KBOB2022-03.015,,,,MATERIAL_LIST,1700,515,480,35.9,0.035,0.033,0.002,1.12,1.06,0.052,0.386,0.373,0.013,kg,0.000
03.016 Gips-Wandbauplatte / Vollgipsplatte (KBOB2022),KBOB2022-03.016,,,,MATERIAL_LIST,1000,531,459,71.7,0.032,0.028,0.004,1.45,1.37,0.079,0.317,0.298,0.019,kg,0.000
03.017 Kalksteinplatte (KBOB2022),KBOB2022-03.017,,,,MATERIAL_LIST,2500,141,98.3,42.7,0.026,0.024,0.002,0.339,0.286,0.053,0.074,0.061,0.013,kg,0.000
03.020 Stampflehm (KBOB2022),KBOB2022-03.020,,,,MATERIAL_LIST,2000,80.1,32.0,48.2,0.005,0.005,0.000,0.080,0.075,0.005,0.019,0.018,0.001,kg,0.000
03.021 Betongranulat (KBOB2022),KBOB2022-03.021,,,,MATERIAL_LIST,2500,43.6,3.18,40.4,0.004,0.001,0.002,0.062,0.009,0.053,0.014,0.001,0.013,kg,0.000
03.022 Mischgranulat (KBOB2022),KBOB2022-03.022,,,,MATERIAL_LIST,2400,41.3,0.829,40.4,0.002,0.000,0.002,0.053,0.000,0.053,0.014,0.001,0.013,kg,0.000
04.001 Gips-/Weissputz (KBOB2022),KBOB2022-04.001,,,,MATERIAL_LIST,1100,242,199,42.7,0.063,0.061,0.002,0.681,0.628,0.053,0.151,0.138,0.013,kg,0.000
04.002 Baukleber/Einbettmörtel organisch (KBOB2022),KBOB2022-04.002,,,,MATERIAL_LIST,1670,1400,1350,42.7,0.161,0.159,0.002,4.15,4.10,0.053,0.779,0.766,0.013,kg,0.000
04.003 Kunststoffputz (Dispersionsputz) (KBOB2022),KBOB2022-04.003,,,,MATERIAL_LIST,1540,1740,1700,42.7,0.236,0.234,0.002,5.20,5.15,0.053,0.972,0.959,0.013,kg,0.000
04.004 Lehmputz (KBOB2022),KBOB2022-04.004,,,,MATERIAL_LIST,1800,96.5,53.8,42.7,0.019,0.017,0.002,0.173,0.120,0.053,0.033,0.020,0.013,kg,0.000
"04.005 Unterlagsboden Anhydrit, 60 mm (KBOB2022)",KBOB2022-04.005,,,,MATERIAL_LIST,2000,216,173,42.7,0.032,0.030,0.002,0.430,0.377,0.053,0.092,0.079,0.013,kg,0.000
"04.006 Unterlagsboden Zement, 85 mm (KBOB2022)",KBOB2022-04.006,,,,MATERIAL_LIST,1850,206,163,42.7,0.036,0.034,0.002,0.232,0.179,0.053,0.120,0.108,0.013,kg,0.000
04.007 Wärmedämmputz EPS (KBOB2022),KBOB2022-04.007,,,,MATERIAL_LIST,250,965,922,42.7,0.149,0.147,0.002,1.79,1.74,0.053,0.727,0.715,0.013,kg,0.000
04.008 Baukleber/Einbettmörtel mineralisch (KBOB2022),KBOB2022-04.008,,,,MATERIAL_LIST,1400,634,591,42.7,0.173,0.171,0.002,1.53,1.47,0.053,0.406,0.393,0.013,kg,0.000
04.009 Zementputz (KBOB2022),KBOB2022-04.009,,,,MATERIAL_LIST,1550,392,349,42.7,0.127,0.125,0.002,0.655,0.602,0.053,0.261,0.249,0.013,kg,0.000
04.010 Baukleber/Einbettmörtel mineralisch Leichtzuschlag (KBOB2022),KBOB2022-04.010,,,,MATERIAL_LIST,1100,639,596,42.7,0.153,0.150,0.002,1.61,1.56,0.053,0.427,0.414,0.013,kg,0.000
04.011 Silikatputz (Dispersionssilikatputz) (KBOB2022),KBOB2022-04.011,,,,MATERIAL_LIST,1880,1880,1840,42.7,0.275,0.273,0.002,5.49,5.44,0.053,1.08,1.07,0.013,kg,0.000
04.012 Silikonharzputz (KBOB2022),KBOB2022-04.012,,,,MATERIAL_LIST,1670,2010,1970,42.7,0.358,0.355,0.002,6.09,6.04,0.053,1.14,1.13,0.013,kg,0.000
04.013 Kalk-Zement/Zement-Kalk-Putz (KBOB2022),KBOB2022-04.013,,,,MATERIAL_LIST,1550,396,354,42.7,0.135,0.133,0.002,0.716,0.663,0.053,0.264,0.251,0.013,kg,0.000
04.014 Weisszementputz (KBOB2022),KBOB2022-04.014,,,,MATERIAL_LIST,1550,508,465,42.7,0.139,0.137,0.002,0.902,0.849,0.053,0.354,0.341,0.013,kg,0.000
04.015 Leichtputz mineralisch (KBOB2022),KBOB2022-04.015,,,,MATERIAL_LIST,1000,575,533,42.7,0.163,0.161,0.002,1.23,1.18,0.053,0.373,0.360,0.013,kg,0.000
04.016 Sumpfkalkputz (KBOB2022),KBOB2022-04.016,,,,MATERIAL_LIST,1350,747,704,42.7,0.129,0.127,0.002,1.77,1.72,0.053,0.511,0.498,0.013,kg,0.000
04.017 Gips-Kalk-Putz (KBOB2022),KBOB2022-04.017,,,,MATERIAL_LIST,925,251,209,42.7,0.065,0.063,0.002,0.675,0.622,0.053,0.158,0.145,0.013,kg,0.000
"05.001 Isolierverglasung 2-fach, Ug-Wert 1.1 W/m2K, Dicke 24 mm 3 (KBOB2022)",KBOB2022-05.001,,,,MATERIAL_LIST,,70800,65900,4910,10.3,9.98,0.272,167,165,2.67,44.4,40.8,3.61,m2,0.000
"05.002 Isolierverglasung 2-fach, VSG, Ug-Wert 1.1 W/m2K 3 (KBOB2022)",KBOB2022-05.002,,,,MATERIAL_LIST,,128000,120000,8740,21.2,20.7,0.416,324,320,4.14,79.4,72.7,6.68,m2,0.000
"05.003 Isolierverglasung 3-fach, Ug-Wert 0.5 W/m2K, Dicke 36 mm 3 (KBOB2022)",KBOB2022-05.003,,,,MATERIAL_LIST,,128000,121000,6840,22.6,22.1,0.404,320,316,3.95,78.4,73.4,4.92,m2,0.000
05.004 Fensterrahmen Aluminium 2 (KBOB2022),KBOB2022-05.004,,,,MATERIAL_LIST,,247000,230000,16200,77.1,77.0,0.105,554,552,1.99,133,118,14.9,m2,0.000
"05.004.01 Fensterrahmen Aluminium, WICLINE 75evo, hergestellt mit Hydro CIRCAL 75R 2 (KBOB2022)",KBOB2022-05.004.01,,,,MATERIAL_LIST,,177000,171000,6240,53.9,53.9,0.016,193,193,0.480,55.6,49.6,5.98,m2,0.000
05.005 Fensterrahmen Holz 2 (KBOB2022),KBOB2022-05.005,,,,MATERIAL_LIST,,78000,70800,7130,190,190,0.037,172,170,2.01,36.4,30.5,5.89,m2,7.50
"05.005.01 Fensterrahmen Holz, Saphir integral 67/55, G. Baumgartner AG 2 (KBOB2022)",KBOB2022-05.005.01,,,,MATERIAL_LIST,,59300,55400,3960,114,114,0.022,139,138,1.23,25.4,22.0,3.36,m2,4.11
05.006 Fensterrahmen Holz-Metall 2 (KBOB2022),KBOB2022-05.006,,,,MATERIAL_LIST,,134000,126000,8240,179,179,0.038,300,298,1.91,65.9,58.8,7.12,m2,6.25
"05.006.01 Fensterrahmen Holz-Metall, Saphir integral 55/55, G. Baumgartner AG 2 (KBOB2022)",KBOB2022-05.006.01,,,,MATERIAL_LIST,,79600,71900,7640,113,113,0.031,193,191,1.46,38.0,31.1,6.90,m2,3.81
05.007 Fensterrahmen Kunststoff/PVC 2 (KBOB2022),KBOB2022-05.007,,,,MATERIAL_LIST,,115000,103000,11800,15.4,14.9,0.485,328,323,5.32,63.5,53.3,10.2,m2,0.000
"05.008 Fassade, Pfosten-Riegel, Alu/Glas 1 (KBOB2022)",KBOB2022-05.008,,,,MATERIAL_LIST,,349000,334000,15500,74.3,73.8,0.481,723,718,5.24,193,180,13.1,m2,0.000
"05.009 Isolierverglasung 2-fach, Ug-Wert 1.1 W/m2K, Dicke 18 mm 3 (KBOB2022)",KBOB2022-05.009,,,,MATERIAL_LIST,,79000,74900,4100,12.8,12.6,0.267,195,192,2.58,48.6,45.8,2.85,m2,0.000
"05.010 Isolierverglasung 2-fach, ESG, Ug-Wert 1.1 W/m2K 3 (KBOB2022)",KBOB2022-05.010,,,,MATERIAL_LIST,,87100,82200,4910,18.5,18.2,0.272,216,214,2.67,52.2,48.5,3.61,m2,0.000
"05.011 Isolierverglasung 2-fach, ESG/VSG, Ug-Wert 1.1 W/m2K 3 (KBOB2022)",KBOB2022-05.011,,,,MATERIAL_LIST,,145000,136000,8740,29.4,29.0,0.416,373,369,4.14,87.2,80.5,6.68,m2,0.000
"05.012 Isolierverglasung 3-fach, Ug-Wert 0.6 W/m2K, Dicke 40 mm 3 (KBOB2022)",KBOB2022-05.012,,,,MATERIAL_LIST,,110000,103000,7690,16.1,15.7,0.410,255,251,4.03,67.9,62.2,5.71,m2,0.000
"05.013 Isolierverglasung 3-fach, ESG/ESG, Ug-Wert 0.6 W/m2K 3 (KBOB2022)",KBOB2022-05.013,,,,MATERIAL_LIST,,143000,135000,7690,32.7,32.3,0.410,353,349,4.03,83.4,77.7,5.71,m2,0.000
"05.014 Isolierverglasung 3-fach, ESG/ESG/ESG, Ug-Wert 0.6 W/m2K 3 (KBOB2022)",KBOB2022-05.014,,,,MATERIAL_LIST,,159000,151000,7690,40.9,40.5,0.410,402,398,4.03,91.2,85.5,5.71,m2,0.000
"05.015 Isolierverglasung 3-fach, VSG, Ug-Wert 0.6 W/m2K 3 (KBOB2022)",KBOB2022-05.015,,,,MATERIAL_LIST,,168000,156000,11500,26.9,26.3,0.554,412,406,5.50,103,94.2,8.79,m2,0.000
"05.016 Isolierverglasung 3-fach, ESG/VSG, Ug-Wert 0.6 W/m2K 3 (KBOB2022)",KBOB2022-05.016,,,,MATERIAL_LIST,,186000,174000,11500,35.4,34.9,0.554,465,459,5.50,112,103,8.79,m2,0.000
"05.017 Sonnenschutz, Lamellenstoren motorisiert 4 (KBOB2022)",KBOB2022-05.017,,,,MATERIAL_LIST,,133000,131000,1620,31.9,31.9,0.025,249,249,0.435,60.0,58.6,1.47,m2,0.000
"05.018 Sonnenschutz, Ausstellstoren motorisiert 4 (KBOB2022)",KBOB2022-05.018,,,,MATERIAL_LIST,,151000,149000,2110,35.5,35.4,0.029,283,282,0.544,67.9,66.0,1.91,m2,0.000
"05.019 Sonnenschutz, Rollladen motorisiert 4 (KBOB2022)",KBOB2022-05.019,,,,MATERIAL_LIST,,168000,167000,801,43.9,43.9,0.021,314,313,0.408,74.8,74.1,0.695,m2,0.000
05.020 Putzträgerplatte kunstharzgebunden 13 mm (KBOB2022),KBOB2022-05.020,,,,MATERIAL_LIST,6.3,16700,16400,269,3.58,3.57,0.014,44.3,44.0,0.333,8.12,8.04,0.081,m2,0.000
05.021 Putzträgerplatte mineralisch gebunden 12.5 mm (KBOB2022),KBOB2022-05.021,,,,MATERIAL_LIST,14.4,9940,9320,615,2.44,2.40,0.032,19.1,18.3,0.761,6.32,6.13,0.185,m2,0.000
"05.022 Fassadenplatte, Aluverbund, 4 mm (KBOB2022)",KBOB2022-05.022,,,,MATERIAL_LIST,7.1,74900,66700,8270,23.9,23.8,0.050,192,192,0.874,43.4,35.7,7.65,m2,0.000
"05.023 Fassadenplatte, Hochdrucklaminatplatte (HPL), 8.1 mm (KBOB2022)",KBOB2022-05.023,,,,MATERIAL_LIST,11.6,73400,58400,15000,83.7,83.5,0.202,198,195,3.07,46.0,33.4,12.6,m2,3.28
"05.024 Fassadenplatte, Kunststoff glasfaserverstärkt (GFK), 1.6 mm (KBOB2022)",KBOB2022-05.024,,,,MATERIAL_LIST,2.4,31700,25700,6010,3.55,3.52,0.029,75.4,74.8,0.657,22.2,16.6,5.51,m2,0.000
"05.025 Fassadenplatte, Kalkstein, 30 mm (KBOB2022)",KBOB2022-05.025,,,,MATERIAL_LIST,78,11000,7670,3330,2.04,1.87,0.171,26.4,22.3,4.12,5.75,4.75,1.00,m2,0.000
"05.026 Rahmenverbreiterung, PVC (KBOB2022)",KBOB2022-05.026,,,,MATERIAL_LIST,15,99800,66500,33300,41.8,40.8,1.04,306,294,12.5,69.7,39.6,30.1,m2,0.778
"05.027 Rahmenverbreiterung, Spanplatte (KBOB2022)",KBOB2022-05.027,,,,MATERIAL_LIST,17.8,43600,36000,7600,94.4,94.2,0.121,124,121,3.53,26.1,19.5,6.59,m2,6.68
"06.001 Aluminiumblech, blank (KBOB2022)",KBOB2022-06.001,,,,MATERIAL_LIST,2690,12500,12500,19.9,5.22,5.22,0.001,24.8,24.8,0.032,5.59,5.58,0.008,kg,0.000
"06.002 Aluminiumprofil, blank (KBOB2022)",KBOB2022-06.002,,,,MATERIAL_LIST,2690,11500,11400,19.9,5.24,5.24,0.001,25.6,25.6,0.032,5.70,5.69,0.008,kg,0.000
"06.002.01 Aluminiumprofil blank, WICONA, hergestellt mit Hydro CIRCAL 75R (KBOB2022)",KBOB2022-06.002.01,,,,MATERIAL_LIST,2690,12700,12700,19.9,4.26,4.26,0.001,8.88,8.85,0.032,2.67,2.66,0.008,kg,0.000
06.003 Armierungsstahl (KBOB2022),KBOB2022-06.003,,,,MATERIAL_LIST,7850,2930,2910,19.7,0.422,0.420,0.002,4.99,4.94,0.051,1.52,1.50,0.012,kg,0.000
06.004 Chromnickelstahlblech 18/8 blank (KBOB2022),KBOB2022-06.004,,,,MATERIAL_LIST,7900,9710,9700,11.2,2.39,2.39,0.001,14.6,14.5,0.027,4.12,4.12,0.007,kg,0.000
06.005 Chromnickelstahlblech 18/8 verzinnt (KBOB2022),KBOB2022-06.005,,,,MATERIAL_LIST,7900,13000,13000,11.2,2.65,2.65,0.001,22.3,22.3,0.027,5.88,5.88,0.007,kg,0.000
06.006 Chromstahlblech blank (KBOB2022),KBOB2022-06.006,,,,MATERIAL_LIST,7700,7080,7070,11.2,0.961,0.960,0.001,8.54,8.51,0.027,2.74,2.73,0.007,kg,0.000
06.007 Chromstahlblech verzinnt (KBOB2022),KBOB2022-06.007,,,,MATERIAL_LIST,7700,10400,10400,11.2,1.22,1.22,0.001,16.2,16.2,0.027,4.50,4.49,0.007,kg,0.000
"06.008 Kupferblech, blank (KBOB2022)",KBOB2022-06.008,,,,MATERIAL_LIST,8900,24500,24500,19.9,1.62,1.62,0.001,8.91,8.88,0.032,2.21,2.20,0.008,kg,0.000
06.009 Messing-/Baubronzeblech (KBOB2022),KBOB2022-06.009,,,,MATERIAL_LIST,8300,25500,25500,19.9,1.88,1.88,0.001,11.1,11.1,0.032,2.72,2.71,0.008,kg,0.000
"06.010 Stahlblech, blank (KBOB2022)",KBOB2022-06.010,,,,MATERIAL_LIST,7850,5270,5260,11.2,0.613,0.612,0.001,7.80,7.78,0.027,2.80,2.79,0.007,kg,0.000
"06.011 Stahlblech, verzinkt (KBOB2022)",KBOB2022-06.011,,,,MATERIAL_LIST,7850,15200,15200,11.2,1.38,1.37,0.001,15.6,15.6,0.027,4.49,4.49,0.007,kg,0.000
"06.012 Stahlprofil, blank (KBOB2022)",KBOB2022-06.012,,,,MATERIAL_LIST,7850,1300,1280,11.2,0.246,0.245,0.001,3.38,3.35,0.027,0.738,0.731,0.007,kg,0.000
06.013 Titanzinkblech (KBOB2022),KBOB2022-06.013,,,,MATERIAL_LIST,7200,27800,27800,19.9,2.60,2.59,0.001,17.5,17.4,0.032,4.03,4.02,0.008,kg,0.000
06.014 Blei (KBOB2022),KBOB2022-06.014,,,,MATERIAL_LIST,11340,3810,3790,19.9,0.240,0.240,0.001,3.84,3.81,0.032,1.02,1.01,0.008,kg,0.000
07.001 3- und 5-Schicht Massivholzplatte (KBOB2022),KBOB2022-07.001,,,,MATERIAL_LIST,453,1020,935,80.7,13.3,13.2,0.006,2.18,2.09,0.093,0.471,0.415,0.056,kg,0.433
07.002 Brettschichtholz (KBOB2022),KBOB2022-07.002,,,,MATERIAL_LIST,439,772,698,74.2,8.14,8.13,0.006,1.54,1.45,0.091,0.336,0.287,0.049,kg,0.446
"07.002.01 Brettschichtholz, Produktion Schweiz (KBOB2022)",KBOB2022-07.002.01,,,,MATERIAL_LIST,439,683,609,74.2,8.00,8.00,0.006,1.20,1.11,0.091,0.254,0.205,0.049,kg,0.447
07.003 Brettschichtholz (KBOB2022),KBOB2022-07.003,,,,MATERIAL_LIST,439,772,698,74.2,8.14,8.13,0.006,1.54,1.45,0.091,0.336,0.287,0.049,kg,0.446
"07.003.01 Brettschichtholz, Produktion Schweiz (KBOB2022)",KBOB2022-07.003.01,,,,MATERIAL_LIST,439,683,609,74.2,8.00,8.00,0.006,1.20,1.11,0.091,0.254,0.205,0.049,kg,0.447
07.004 Hartfaserplatte (KBOB2022),KBOB2022-07.004,,,,MATERIAL_LIST,955,1770,1700,68.8,7.04,7.03,0.006,4.13,4.04,0.090,1.07,1.03,0.044,kg,0.455
"07.005 Holzwolle-Leichtbauplatte, zementgebunden (KBOB2022)",KBOB2022-07.005,,,,MATERIAL_LIST,400,773,687,86.5,2.04,2.03,0.010,1.28,1.10,0.171,0.536,0.499,0.036,kg,0.138
"07.006 Massivholz Buche / Eiche, luftgetrocknet, rau (KBOB2022)",KBOB2022-07.006,,,,MATERIAL_LIST,705,324,261,63.3,6.21,6.20,0.006,0.480,0.390,0.089,0.121,0.082,0.039,kg,0.413
"07.006.01 Massivholz Buche / Eiche, luftgetrocknet, rau, Produktion Schweiz (KBOB2022)",KBOB2022-07.006.01,,,,MATERIAL_LIST,705,291,228,63.3,6.30,6.29,0.006,0.403,0.314,0.089,0.098,0.059,0.039,kg,0.413
"07.007 Massivholz Buche / Eiche, kammergetrocknet, rau (KBOB2022)",KBOB2022-07.007,,,,MATERIAL_LIST,675,393,330,63.3,7.11,7.11,0.006,0.569,0.480,0.089,0.136,0.097,0.039,kg,0.451
"07.007.01 Massivholz Buche / Eiche, kammergetrocknet, rau, Produktion Schweiz (KBOB2022)",KBOB2022-07.007.01,,,,MATERIAL_LIST,675,357,293,63.3,7.22,7.21,0.006,0.486,0.397,0.089,0.110,0.070,0.039,kg,0.451
"07.008 Massivholz Buche / Eiche, kammergetrocknet, gehobelt (KBOB2022)",KBOB2022-07.008,,,,MATERIAL_LIST,675,438,375,63.3,7.28,7.27,0.006,0.664,0.575,0.089,0.153,0.114,0.039,kg,0.451
"07.008.01 Massivholz Buche / Eiche, kammergetrocknet, gehobelt, Produktion Schweiz (KBOB2022)",KBOB2022-07.008.01,,,,MATERIAL_LIST,675,398,334,63.3,7.39,7.39,0.006,0.574,0.484,0.089,0.123,0.084,0.039,kg,0.451
"07.009 Massivholz Fichte / Tanne / Lärche, luftgetrocknet, rau (KBOB2022)",KBOB2022-07.009,,,,MATERIAL_LIST,485,318,255,63.3,4.98,4.97,0.006,0.511,0.421,0.089,0.130,0.091,0.039,kg,0.413
"07.009.01 Massivholz Fichte / Tanne / Lärche, luftgetrocknet, rau, Produktion Schweiz (KBOB2022)",KBOB2022-07.009.01,,,,MATERIAL_LIST,485,307,244,63.3,4.88,4.87,0.006,0.479,0.390,0.089,0.121,0.081,0.039,kg,0.413
"07.010 Massivholz Fichte / Tanne / Lärche, luftgetr., gehobelt (KBOB2022)",KBOB2022-07.010,,,,MATERIAL_LIST,485,402,339,63.3,5.21,5.21,0.006,0.674,0.585,0.089,0.157,0.118,0.039,kg,0.413
"07.010.01 Massivholz Fichte / Tanne / Lärche, luftgetr., gehobelt, Produktion Schweiz (KBOB2022)",KBOB2022-07.010.01,,,,MATERIAL_LIST,485,387,324,63.3,5.11,5.10,0.006,0.634,0.545,0.089,0.143,0.103,0.039,kg,0.413
"07.011 Massivholz Fichte / Tanne / Lärche, kammergetr., gehobelt (KBOB2022)",KBOB2022-07.011,,,,MATERIAL_LIST,465,478,415,63.3,6.05,6.04,0.006,0.779,0.690,0.089,0.174,0.135,0.039,kg,0.451
"07.011.01 Massivholz Fichte / Tanne / Lärche, kammergetr., gehobelt, Produktion Schweiz (KBOB2022)",KBOB2022-07.011.01,,,,MATERIAL_LIST,465,460,397,63.3,5.93,5.93,0.006,0.735,0.646,0.089,0.157,0.118,0.039,kg,0.451
"07.011.02 Massivholz Fichte / Tanne, kammergetr., Vollholzhaus holzpur (KBOB2022)",KBOB2022-07.011.02,,,,MATERIAL_LIST,420,434,371,63.3,10.0,10.0,0.006,0.471,0.382,0.089,0.135,0.096,0.039,kg,0.451
"07.012 Mitteldichte Faserplatte (MDF), UF-gebunden (KBOB2022)",KBOB2022-07.012,,,,MATERIAL_LIST,685,1550,1420,129,5.85,5.84,0.006,4.48,4.37,0.102,0.956,0.856,0.100,kg,0.396
"07.013 OSB Platte, PF-gebunden, Feuchtbereich (KBOB2022)",KBOB2022-07.013,,,,MATERIAL_LIST,605,1030,925,107,8.26,8.25,0.006,2.71,2.61,0.098,0.565,0.485,0.080,kg,0.444
"07.014 Spanplatte, UF-gebunden, Trockenbereich (KBOB2022)",KBOB2022-07.014,,,,MATERIAL_LIST,640,889,782,107,4.36,4.36,0.006,2.56,2.46,0.098,0.531,0.451,0.080,kg,0.417
"07.015 Spanplatte, PF-gebunden, Feuchtbereich (KBOB2022)",KBOB2022-07.015,,,,MATERIAL_LIST,640,889,782,107,4.36,4.36,0.006,2.56,2.46,0.098,0.531,0.451,0.080,kg,0.417
"07.016 Spanplatte, UF-gebunden, beschichtet, Trockenbereich (KBOB2022)",KBOB2022-07.016,,,,MATERIAL_LIST,640,1210,1090,122,4.69,4.68,0.006,3.70,3.60,0.099,0.737,0.642,0.095,kg,0.417
"07.017 Sperrholz/Multiplex, UF-gebunden, Trockenbereich (KBOB2022)",KBOB2022-07.017,,,,MATERIAL_LIST,500,2150,2040,107,9.99,9.99,0.006,4.70,4.61,0.098,0.951,0.871,0.080,kg,0.410
"07.018 Sperrholz/Multiplex, PF-gebunden, Feuchtbereich (KBOB2022)",KBOB2022-07.018,,,,MATERIAL_LIST,500,2880,2770,107,10.0,10.0,0.006,6.95,6.85,0.098,1.43,1.35,0.080,kg,0.410
"07.019.01 Stabschichtholz, Buche, fagus (KBOB2022)",KBOB2022-07.019.01,,,,MATERIAL_LIST,700,1010,926,84.4,9.46,9.46,0.007,1.86,1.75,0.108,0.367,0.306,0.062,kg,0.477
07.020 Brettsperrholz (KBOB2022),KBOB2022-07.020,,,,MATERIAL_LIST,436,884,777,107,8.12,8.11,0.006,1.82,1.73,0.098,0.397,0.317,0.080,kg,0.449
"07.020.01 Brettsperrholz, Produktion Schweiz (KBOB2022)",KBOB2022-07.020.01,,,,MATERIAL_LIST,424,745,638,107,5.67,5.66,0.006,1.61,1.51,0.098,0.281,0.201,0.080,kg,0.448
07.021 Balkenschichtholz (KBOB2022),KBOB2022-07.021,,,,MATERIAL_LIST,439,792,718,74.2,8.59,8.58,0.006,1.56,1.47,0.091,0.343,0.294,0.049,kg,0.446
07.022 Furniersperrholz (KBOB2022),KBOB2022-07.022,,,,MATERIAL_LIST,823,1980,1870,107,9.24,9.24,0.006,5.08,4.98,0.098,1.02,0.944,0.080,kg,0.410
07.023 Konstruktionsvollholz (KBOB2022),KBOB2022-07.023,,,,MATERIAL_LIST,436,691,622,68.8,8.28,8.27,0.006,1.25,1.15,0.090,0.290,0.245,0.044,kg,0.450
07.024 Röhrenspanplatte (KBOB2022),KBOB2022-07.024,,,,MATERIAL_LIST,272,1350,1240,107,6.89,6.88,0.006,3.65,3.56,0.098,0.815,0.735,0.080,kg,0.429
08.001 2-Komponenten Klebstoff (KBOB2022),KBOB2022-08.001,,,,MATERIAL_LIST,1500,10100,9910,236,0.354,0.352,0.002,24.3,24.2,0.056,4.84,4.65,0.187,kg,0.000
08.002 Heissbitumen (KBOB2022),KBOB2022-08.002,,,,MATERIAL_LIST,1000,2050,1810,236,0.066,0.063,0.002,15.0,14.9,0.056,1.10,0.911,0.187,kg,0.000
08.003 Kautschukdichtungsmasse (KBOB2022),KBOB2022-08.003,,,,MATERIAL_LIST,1500,6880,6640,236,0.288,0.286,0.002,24.4,24.4,0.056,2.42,2.24,0.187,kg,0.000
08.004 Polysulfiddichtungsmasse (KBOB2022),KBOB2022-08.004,,,,MATERIAL_LIST,1600,2890,2660,236,0.413,0.411,0.002,7.81,7.75,0.056,1.72,1.53,0.187,kg,0.000
08.005 Silicon-Fugenmasse (KBOB2022),KBOB2022-08.005,,,,MATERIAL_LIST,1000,4580,4340,236,1.86,1.86,0.002,14.5,14.4,0.056,2.91,2.72,0.187,kg,0.000
09.001 Dampfbremse bituminös (KBOB2022),KBOB2022-09.001,,,,MATERIAL_LIST,1100,5230,2790,2430,0.661,0.646,0.015,13.5,13.2,0.268,3.64,1.31,2.33,kg,0.000
09.002 Dampfbremse Polyethylen (PE) (KBOB2022),KBOB2022-09.002,,,,MATERIAL_LIST,920,6930,4120,2810,0.855,0.844,0.011,24.8,24.6,0.210,5.42,2.75,2.67,kg,0.000
09.003 Dichtungsbahn bituminös (KBOB2022),KBOB2022-09.003,,,,MATERIAL_LIST,1100,4360,1930,2430,0.271,0.256,0.015,12.3,12.0,0.268,3.34,1.01,2.33,kg,0.000
"09.003.01 Bituminöse Dichtungsbahn, swissporBIKUTOP (KBOB2022)",KBOB2022-09.003.01,,,,MATERIAL_LIST,1269,4070,1630,2430,0.242,0.227,0.015,10.3,10.0,0.268,3.24,0.907,2.33,kg,0.000
"09.003.02 Bituminöse Dichtungsbahn, swissporBIKUTOP ECO (KBOB2022)",KBOB2022-09.003.02,,,,MATERIAL_LIST,1256,3420,983,2430,0.221,0.206,0.015,5.54,5.27,0.268,2.88,0.550,2.33,kg,0.000
"09.003.03 Bituminöse Dichtungsbahn, swissporBIKUTOP (KBOB2022)",KBOB2022-09.003.03,,,,MATERIAL_LIST,1269,4070,1630,2430,0.242,0.227,0.015,10.3,10.0,0.268,3.24,0.907,2.33,kg,0.000
"09.003.04 Bituminöse Dichtungsbahn, swissporBIKUTOP ECO (KBOB2022)",KBOB2022-09.003.04,,,,MATERIAL_LIST,1256,3420,983,2430,0.221,0.206,0.015,5.54,5.27,0.268,2.88,0.550,2.33,kg,0.000
"09.003.05 Bituminöse Dichtungsbahn, swissporBIKUTOP (KBOB2022)",KBOB2022-09.003.05,,,,MATERIAL_LIST,1269,4070,1630,2430,0.242,0.227,0.015,10.3,10.0,0.268,3.24,0.907,2.33,kg,0.000
"09.003.06 Bituminöse Dichtungsbahn, swissporBIKUTOP ECO (KBOB2022)",KBOB2022-09.003.06,,,,MATERIAL_LIST,1256,3420,983,2430,0.221,0.206,0.015,5.54,5.27,0.268,2.88,0.550,2.33,kg,0.000
"09.003.07 Bituminöse Dichtungsbahn, swissporBIKUTOP (KBOB2022)",KBOB2022-09.003.07,,,,MATERIAL_LIST,1269,4070,1630,2430,0.242,0.227,0.015,10.3,10.0,0.268,3.24,0.907,2.33,kg,0.000
"09.003.08 Bituminöse Dichtungsbahn, swissporBIKUTOP ECO (KBOB2022)",KBOB2022-09.003.08,,,,MATERIAL_LIST,1256,3420,983,2430,0.221,0.206,0.015,5.54,5.27,0.268,2.88,0.550,2.33,kg,0.000
"09.003.09 Bituminöse Dichtungsbahn, swissporBIKUTOP (KBOB2022)",KBOB2022-09.003.09,,,,MATERIAL_LIST,1269,4070,1630,2430,0.242,0.227,0.015,10.3,10.0,0.268,3.24,0.907,2.33,kg,0.000
"09.003.10 Bituminöse Dichtungsbahn, swissporBIKUTOP ECO (KBOB2022)",KBOB2022-09.003.10,,,,MATERIAL_LIST,1256,3420,983,2430,0.221,0.206,0.015,5.54,5.27,0.268,2.88,0.550,2.33,kg,0.000
"09.003.11 Bituminöse Dichtungsbahn, swissporBIKUPLAN ECO (KBOB2022)",KBOB2022-09.003.11,,,,MATERIAL_LIST,1267,3510,1080,2430,0.223,0.209,0.015,6.13,5.86,0.268,2.92,0.588,2.33,kg,0.000
09.004 Dichtungsbahn Gummi (EPDM) (KBOB2022),KBOB2022-09.004,,,,MATERIAL_LIST,1100,8110,4870,3240,0.826,0.813,0.013,24.7,24.5,0.225,5.84,2.74,3.10,kg,0.000
09.005 Dichtungsbahn Polyolefin (FPO) (KBOB2022),KBOB2022-09.005,,,,MATERIAL_LIST,1000,7880,5070,2810,0.421,0.410,0.011,23.2,22.9,0.210,5.19,2.52,2.67,kg,0.000
09.006 Kraftpapier (KBOB2022),KBOB2022-09.006,,,,MATERIAL_LIST,650,3460,3250,207,13.0,13.0,0.013,7.74,7.56,0.173,1.67,1.62,0.059,kg,0.404
09.007 Polyethylenfolie (PE) (KBOB2022),KBOB2022-09.007,,,,MATERIAL_LIST,920,6930,4120,2810,0.855,0.844,0.011,24.8,24.6,0.210,5.42,2.75,2.67,kg,0.000
09.008 Polyethylenvlies (PE) (KBOB2022),KBOB2022-09.008,,,,MATERIAL_LIST,920,7100,4290,2810,0.544,0.533,0.011,26.0,25.7,0.210,5.63,2.96,2.67,kg,0.000
10.001 Glaswolle (KBOB2022),KBOB2022-10.001,,,,MATERIAL_LIST,,1960,1850,116,2.35,2.34,0.011,5.46,5.33,0.133,1.10,1.04,0.060,kg,0.000
"10.001.01 Glaswolle, Isover, phenolbasiertes Bindemittel (KBOB2022)",KBOB2022-10.001.01,,,,MATERIAL_LIST,,1830,1710,116,2.28,2.27,0.011,5.13,4.99,0.133,1.03,0.970,0.060,kg,0.000
"10.001.02 Glaswolle, SUPAFIL (KBOB2022)",KBOB2022-10.001.02,,,,MATERIAL_LIST,35,2060,1940,116,0.317,0.306,0.011,5.89,5.76,0.133,1.14,1.08,0.060,kg,0.000
"10.001.03 Glaswolle, Isover, pflanzliches Bindemittel (KBOB2022)",KBOB2022-10.001.03,,,,MATERIAL_LIST,,1700,1580,116,2.45,2.44,0.011,3.66,3.53,0.133,0.890,0.831,0.060,kg,0.000
10.002 Korkplatte (KBOB2022),KBOB2022-10.002,,,,MATERIAL_LIST,120,2170,2000,173,7.94,7.92,0.012,6.24,6.09,0.149,1.11,1.07,0.039,kg,0.496
10.003 Phenolharz (PF) (KBOB2022),KBOB2022-10.003,,,,MATERIAL_LIST,40,10000,6740,3280,0.598,0.586,0.012,33.5,33.3,0.203,7.27,4.17,3.09,kg,0.000
10.004 Polystyrol expandiert (EPS) (KBOB2022),KBOB2022-10.004,,,,MATERIAL_LIST,,9800,6520,3280,0.513,0.502,0.012,30.0,29.8,0.203,7.60,4.51,3.09,kg,0.000
"10.004.01 Polystyrol expandiert, SwissporEPS (KBOB2022)",KBOB2022-10.004.01,,,,MATERIAL_LIST,16.8,8790,5510,3280,0.729,0.718,0.012,26.7,26.5,0.203,6.95,3.86,3.09,kg,0.000
10.005 Polystyrol extrudiert (XPS) (KBOB2022),KBOB2022-10.005,,,,MATERIAL_LIST,,19700,16500,3280,0.655,0.643,0.012,29.4,29.2,0.203,14.4,11.3,3.09,kg,0.000
"10.005.01 Polystyrol extrudiert, SwissporXPS (KBOB2022)",KBOB2022-10.005.01,,,,MATERIAL_LIST,34.3,8880,5600,3280,1.37,1.36,0.012,25.5,25.3,0.203,6.96,3.87,3.09,kg,0.000
10.006 Polyurethan (PUR/PIR) (KBOB2022),KBOB2022-10.006,,,,MATERIAL_LIST,30,10400,7500,2930,0.824,0.807,0.017,30.1,29.5,0.683,7.45,4.80,2.65,kg,0.000
"10.006.01 Polyurethan, SwissporPIR (KBOB2022)",KBOB2022-10.006.01,,,,MATERIAL_LIST,30,9830,6910,2930,1.03,1.02,0.017,28.0,27.3,0.683,7.08,4.43,2.65,kg,0.000
10.007 Schaumglas (KBOB2022),KBOB2022-10.007,,,,MATERIAL_LIST,,1760,1720,42.7,1.88,1.88,0.002,5.17,5.12,0.053,1.19,1.18,0.013,kg,0.000
"10.007.01 Schaumglas, GLAPOR (KBOB2022)",KBOB2022-10.007.01,,,,MATERIAL_LIST,120,1020,979,42.7,0.206,0.203,0.002,3.15,3.10,0.053,0.707,0.694,0.013,kg,0.000
10.008 Steinwolle (KBOB2022),KBOB2022-10.008,,,,MATERIAL_LIST,,1790,1670,116,0.511,0.500,0.011,4.46,4.32,0.133,1.19,1.13,0.060,kg,0.000
"10.008.01 Steinwolle, Flumroc (KBOB2022)",KBOB2022-10.008.01,,,,MATERIAL_LIST,,1620,1500,116,0.339,0.328,0.011,3.95,3.82,0.133,1.09,1.03,0.060,kg,0.000
10.009 Weichfaserplatte (KBOB2022),KBOB2022-10.009,,,,MATERIAL_LIST,147.5,1400,1180,228,7.11,7.09,0.013,3.43,3.28,0.152,0.727,0.634,0.093,kg,0.436
10.010 Zellulosefasern (KBOB2022),KBOB2022-10.010,,,,MATERIAL_LIST,,558,396,163,0.258,0.245,0.014,1.05,0.883,0.166,0.281,0.210,0.072,kg,0.404
"10.010.01 Zellulosefasern, Isofloc (KBOB2022)",KBOB2022-10.010.01,,,,MATERIAL_LIST,,471,309,163,0.239,0.226,0.014,0.849,0.683,0.166,0.234,0.163,0.072,kg,0.404
10.011 Blähvermiculit (KBOB2022),KBOB2022-10.011,,,,MATERIAL_LIST,,690,647,42.7,0.050,0.048,0.002,1.56,1.51,0.053,0.396,0.383,0.013,kg,0.000
10.012 Blähperlit (KBOB2022),KBOB2022-10.012,,,,MATERIAL_LIST,,1460,1420,42.7,0.164,0.162,0.002,4.46,4.41,0.053,1.06,1.04,0.013,kg,0.000
10.013 Schaumglasschotter (KBOB2022),KBOB2022-10.013,,,,MATERIAL_LIST,,499,457,42.7,0.262,0.260,0.002,1.74,1.69,0.053,0.160,0.148,0.013,kg,0.000
"10.013.01 Schaumglasschotter, Misapor (KBOB2022)",KBOB2022-10.013.01,,,,MATERIAL_LIST,,435,392,42.7,0.246,0.243,0.002,1.55,1.50,0.053,0.132,0.120,0.013,kg,0.000
10.014 Aerogel-Vlies (KBOB2022),KBOB2022-10.014,,,,MATERIAL_LIST,150,73600,73200,409,12.1,12.1,0.012,230,229,0.175,48.8,48.5,0.289,kg,0.000
10.015 Strohballenwand (KBOB2022),KBOB2022-10.015,,,,MATERIAL_LIST,215,586,586,0.000,4.87,4.87,0.000,0.229,0.229,0.000,0.096,0.096,0.000,kg,0.368
10.016 Flachsfasern (KBOB2022),KBOB2022-10.016,,,,MATERIAL_LIST,30,2950,2570,372,5.97,5.96,0.012,5.32,5.17,0.155,1.01,0.777,0.235,kg,0.440
"10.016.01 Flachsfasern, MAGRIPOL, Premium (KBOB2022)",KBOB2022-10.016.01,,,,MATERIAL_LIST,30,2880,2510,372,5.90,5.89,0.012,5.18,5.03,0.155,0.984,0.749,0.235,kg,0.440
"10.017 Flachsfasern, feuerfest (KBOB2022)",KBOB2022-10.017,,,,MATERIAL_LIST,30,3530,3160,372,5.47,5.46,0.012,7.52,7.36,0.155,1.45,1.22,0.235,kg,0.440
"10.017.01 Flachsfasern, feuerfest, MAGRIPOL, Premium+ (KBOB2022)",KBOB2022-10.017.01,,,,MATERIAL_LIST,30,3460,3090,372,5.41,5.40,0.012,7.35,7.20,0.155,1.42,1.18,0.235,kg,0.440
"11.001 2K-Fliessbelag Industrie (Epoxidharz), 2.25 mm (KBOB2022)",KBOB2022-11.001,,,,MATERIAL_LIST,4.55,41800,33500,8250,1.52,1.44,0.081,65.1,62.8,2.27,18.4,11.2,7.24,m2,0.000
"11.002 2K-Fliessbelag Wohnen/Verwaltung (Epoxidharz, PU), 2 mm (KBOB2022)",KBOB2022-11.002,,,,MATERIAL_LIST,3.6,25800,21300,4540,2.05,1.99,0.061,62.0,60.5,1.45,13.9,10.0,3.87,m2,0.000
"11.003 Gummigranulat versiegelt, 7.5 mm (KBOB2022)",KBOB2022-11.003,,,,MATERIAL_LIST,8.25,38800,25400,13400,2.53,2.39,0.139,113,110,2.74,26.9,14.9,11.9,m2,0.000
"11.004 Gussasphalt, 27.5 mm (KBOB2022)",KBOB2022-11.004,,,,MATERIAL_LIST,63.3,33800,24700,9080,3.40,3.25,0.154,126,120,5.42,16.0,14.7,1.23,m2,0.000
"11.005 Hartbeton einschichtig, 27.5 mm (KBOB2022)",KBOB2022-11.005,,,,MATERIAL_LIST,57.8,26600,24100,2470,2.26,2.14,0.127,46.6,43.6,3.05,16.5,15.7,0.741,m2,0.000
"11.006 Hartbeton zweischichtig, 35 mm (KBOB2022)",KBOB2022-11.006,,,,MATERIAL_LIST,73.5,27300,24100,3140,2.29,2.13,0.161,41.9,38.0,3.88,16.4,15.5,0.942,m2,0.000
"11.007 Kautschuk, 2 mm (KBOB2022)",KBOB2022-11.007,,,,MATERIAL_LIST,3.36,24200,20400,3760,9.79,9.72,0.066,60.8,59.8,0.930,14.2,11.0,3.19,m2,0.000
"11.008 Keramik-/Steinzeugplatte, 9 mm (KBOB2022)",KBOB2022-11.008,,,,MATERIAL_LIST,18,87000,73100,13800,4.41,3.70,0.709,83.3,66.1,17.1,18.2,14.1,4.15,m2,0.000
"11.009 Kork Fertigparkett, 10.5 mm (KBOB2022)",KBOB2022-11.009,,,,MATERIAL_LIST,7.8,15600,13400,2140,39.1,39.0,0.099,45.2,43.8,1.37,9.08,7.78,1.30,m2,2.73
"11.010 Kork PVC-beschichtet, 3.2 mm (KBOB2022)",KBOB2022-11.010,,,,MATERIAL_LIST,2.7,12000,7900,4060,8.35,8.25,0.095,34.7,33.3,1.43,8.28,4.76,3.53,m2,0.604
"11.011 Korkparkett geölt/versiegelt, 5.3 mm (KBOB2022)",KBOB2022-11.011,,,,MATERIAL_LIST,2.7,5980,3840,2140,12.3,12.2,0.099,12.1,10.7,1.37,3.26,1.96,1.30,m2,0.921
"11.012 Kunststeinplatte zementgebunden, 10 mm (KBOB2022)",KBOB2022-11.012,,,,MATERIAL_LIST,21.5,25900,6110,19800,1.76,0.750,1.01,30.5,6.05,24.4,10.4,4.51,5.92,m2,0.000
"11.013 Laminat, 8.5 mm (KBOB2022)",KBOB2022-11.013,,,,MATERIAL_LIST,8.5,16600,13600,2980,38.2,38.1,0.107,42.8,41.3,1.46,10.4,8.12,2.30,m2,2.42
"11.014 Linoleum, 2.5 mm (KBOB2022)",KBOB2022-11.014,,,,MATERIAL_LIST,2.9,15800,15100,731,19.3,19.2,0.036,26.3,25.9,0.440,6.37,5.85,0.517,m2,0.786
"11.015 Natursteinplatte geschliffen, 15 mm (KBOB2022)",KBOB2022-11.015,,,,MATERIAL_LIST,40.5,42100,40400,1730,19.4,19.3,0.089,118,116,2.14,17.0,16.5,0.519,m2,0.000
"11.015.01 Natursteinplatte geschliffen, Europa, 15 mm (KBOB2022)",KBOB2022-11.015.01,,,,MATERIAL_LIST,40.5,40900,39200,1730,19.4,19.4,0.089,118,116,2.14,16.7,16.2,0.519,m2,0.000
"11.015.02 Natursteinplatte geschliffen, Schweiz, 15 mm (KBOB2022)",KBOB2022-11.015.02,,,,MATERIAL_LIST,40.5,34900,33200,1730,18.8,18.7,0.089,104,102,2.14,13.4,12.9,0.519,m2,0.000
"11.015.03 Natursteinplatte geschliffen, Übersee, 15 mm (KBOB2022)",KBOB2022-11.015.03,,,,MATERIAL_LIST,40.5,44700,43000,1730,19.5,19.4,0.089,123,120,2.14,18.1,17.5,0.519,m2,0.000
"11.016 Natursteinplatte geschnitten, 15 mm (KBOB2022)",KBOB2022-11.016,,,,MATERIAL_LIST,40.5,32100,30400,1730,13.2,13.1,0.089,87.8,85.7,2.14,13.5,13.0,0.519,m2,0.000
"11.017 Natursteinplatte poliert, 15 mm (KBOB2022)",KBOB2022-11.017,,,,MATERIAL_LIST,40.5,69900,68200,1730,24.7,24.6,0.089,144,142,2.14,19.7,19.2,0.519,m2,0.000
"11.018 Parkett 2-Schicht werkversiegelt, 11 mm (KBOB2022)",KBOB2022-11.018,,,,MATERIAL_LIST,6.1,16100,15700,493,87.5,87.5,0.037,42.3,41.7,0.566,7.83,7.49,0.338,m2,2.69
"11.019 Parkett 3-Schicht werkversiegelt, 15 mm (KBOB2022)",KBOB2022-11.019,,,,MATERIAL_LIST,7.9,18200,17600,638,145,145,0.048,40.4,39.7,0.732,8.13,7.70,0.438,m2,3.54
"11.020 Parkett Mosaik werkversiegelt, 8 mm (KBOB2022)",KBOB2022-11.020,,,,MATERIAL_LIST,5.6,9050,8700,355,89.9,89.9,0.034,23.3,22.8,0.499,3.59,3.37,0.219,m2,2.23
"11.021 PVC homogen, 2 mm (KBOB2022)",KBOB2022-11.021,,,,MATERIAL_LIST,3.1,20600,13500,7140,2.22,1.92,0.297,58.2,55.0,3.20,14.4,8.17,6.22,m2,0.000
"11.022 Steinholz versiegelt, 16.5 mm (KBOB2022)",KBOB2022-11.022,,,,MATERIAL_LIST,22,16400,15500,940,0.961,0.913,0.048,25.2,24.0,1.16,13.0,12.7,0.282,m2,0.000
"11.023 Synthetische thermoplastische Beläge (TPO), 2 mm (KBOB2022)",KBOB2022-11.023,,,,MATERIAL_LIST,3.4,20000,9520,10500,3.17,3.14,0.030,43.3,42.6,0.642,16.0,5.88,10.1,m2,0.000
11.024 Teppich Kunstfaser getuftet (KBOB2022),KBOB2022-11.024,,,,MATERIAL_LIST,2.1,21200,14700,6470,0.585,0.566,0.019,50.0,49.6,0.396,16.7,10.5,6.25,m2,0.000
11.025 Teppich Nadelfilz (KBOB2022),KBOB2022-11.025,,,,MATERIAL_LIST,1.3,12700,8700,4010,0.596,0.584,0.012,34.3,34.0,0.245,9.85,5.98,3.87,m2,0.000
11.026 Teppich Naturfaser (KBOB2022),KBOB2022-11.026,,,,MATERIAL_LIST,2.7,15300,13200,2070,10.9,10.8,0.024,15.5,15.1,0.417,5.08,3.23,1.86,m2,1.01
"11.027 Terrazzo versiegelt, 40 mm (KBOB2022)",KBOB2022-11.027,,,,,95,28200,24200,4060,4.13,3.92,0.208,40.6,35.6,5.02,17.3,16.1,1.22,m2,0.000
"12.001 Aussentüre, Holz, aluminiumbeplankt (KBOB2022)",KBOB2022-12.001,,,,,,231000,222000,9290,328,328,0.138,506,502,4.19,116,108,7.65,m2,15.5
"12.002 Aussentüre, Holz, Glaseinsatz (KBOB2022)",KBOB2022-12.002,,,,,,161000,149000,12200,246,246,0.316,359,353,6.33,85.9,76.2,9.71,m2,13.0
"12.003 Innentüre, Zimmertüre, Holz, Holzrahmen (KBOB2022)",KBOB2022-12.003,,,,,,64600,57900,6710,206,206,0.124,141,137,3.46,32.4,27.0,5.40,m2,12.4
"12.004 Innentüre, Zimmertüre, Holz, Glaseinsatz, Holzrahmen (KBOB2022)",KBOB2022-12.004,,,,,,109000,100000,8900,200,200,0.275,255,250,5.25,59.8,52.9,6.93,m2,11.0
"12.005 Aussentüre, Aluminium, Glaseinsatz (KBOB2022)",KBOB2022-12.005,,,,,,395000,378000,17400,117,116,0.481,912,906,5.36,216,201,14.8,m2,0.000
"12.006 Aussentüre, Aluminium, Paneelfüllung (KBOB2022)",KBOB2022-12.006,,,,,,385000,375000,10500,142,142,0.026,838,837,0.796,193,183,10.0,m2,0.000
"12.007 Innentüre, Aluminium, Glaseinsatz (KBOB2022)",KBOB2022-12.007,,,,,,316000,306000,10500,103,103,0.333,723,719,3.61,166,158,8.71,m2,0.000
"12.008 Aussentüre, Holz (KBOB2022)",KBOB2022-12.008,,,,,,125000,116000,9290,283,283,0.138,265,261,4.19,62.3,54.7,7.65,m2,15.5
"12.009 Innentüre, Funktionstüre, Holz, Holzrahmen (KBOB2022)",KBOB2022-12.009,,,,,,88000,79400,8550,279,279,0.179,190,185,4.89,44.4,37.5,6.87,m2,17.3
"12.010 Innentüre, Zimmertüre, Holz, Stahlzarge (KBOB2022)",KBOB2022-12.010,,,,,,158000,152000,6100,158,158,0.116,307,304,2.93,85.0,80.0,5.00,m2,8.83
"12.011 Innentüre, Zimmertüre, Holz, Glaseinsatz, Stahlzarge (KBOB2022)",KBOB2022-12.011,,,,,,202000,194000,8290,152,152,0.266,421,417,4.73,112,106,6.54,m2,7.46
"12.012 Innentüre, Funktionstüre, Holz, Stahlzarge (KBOB2022)",KBOB2022-12.012,,,,,,181000,173000,7930,231,231,0.171,357,353,4.36,97.0,90.5,6.47,m2,13.7
13.001 Acrylnitril-Butadien-Styrol (ABS) (KBOB2022),KBOB2022-13.001,,,,,1050,9780,6790,2980,0.429,0.408,0.021,30.0,29.2,0.741,7.67,4.92,2.75,kg,0.000
13.002 Polyethylen (PE) (KBOB2022),KBOB2022-13.002,,,,,960,6020,3570,2450,0.537,0.523,0.014,23.2,23.0,0.210,4.75,2.38,2.37,kg,0.000
13.003 Polypropylen (PP) (KBOB2022),KBOB2022-13.003,,,,,910,6050,3600,2450,0.421,0.407,0.014,22.7,22.5,0.210,4.78,2.40,2.37,kg,0.000
13.004 Polyvinylchlorid (PVC) (KBOB2022),KBOB2022-13.004,,,,,1390,6250,3880,2370,0.637,0.536,0.101,19.5,18.4,1.10,4.49,2.38,2.10,kg,0.000
13.005 Gusseisen (KBOB2022),KBOB2022-13.005,,,,,7850,5670,5660,11.2,0.268,0.268,0.001,5.48,5.45,0.027,2.10,2.09,0.007,kg,0.000
"14.001 Anstrich, wasserverdünnbar, 2 Anstriche (KBOB2022)",KBOB2022-14.001,,,,,0.3,1220,1150,70.8,0.141,0.140,0.001,4.17,4.15,0.017,0.702,0.646,0.056,m2,0.000
"14.002 Anstrich, lösemittelverdünnbar, 2 Anstriche (KBOB2022)",KBOB2022-14.002,,,,,0.3,2270,2200,70.8,0.450,0.449,0.001,6.57,6.56,0.017,0.976,0.920,0.056,m2,0.000
"14.003 Bitumenemulsion, 1 Anstrich (KBOB2022)",KBOB2022-14.003,,,,,0.25,429,370,59.0,0.017,0.016,0.001,1.85,1.84,0.014,0.181,0.135,0.047,m2,0.000
"14.004 Emaillieren, Metall (KBOB2022)",KBOB2022-14.004,,,,,,16400,16400,0.000,3.98,3.98,0.000,43.5,43.5,0.000,8.12,8.12,0.000,m2,0.000
"14.005 Pulverbeschichten, Aluminium (KBOB2022)",KBOB2022-14.005,,,,,,6270,6270,0.000,0.576,0.576,0.000,16.6,16.6,0.000,3.65,3.65,0.000,m2,0.000
"14.006 Pulverbeschichten, Stahl (KBOB2022)",KBOB2022-14.006,,,,,,6760,6760,0.000,0.695,0.695,0.000,21.1,21.1,0.000,4.39,4.39,0.000,m2,0.000
"14.007 Verchromen, Stahl (KBOB2022)",KBOB2022-14.007,,,,,,6320,6320,0.000,0.855,0.855,0.000,4.45,4.45,0.000,0.612,0.612,0.000,m2,0.000
"14.008 Verzinken, Stahl (KBOB2022)",KBOB2022-14.008,,,,,,29500,29500,0.000,2.63,2.63,0.000,25.6,25.6,0.000,6.10,6.10,0.000,m2,0.000
"15.001 Plexiglas (PMMA, Acrylglas) (KBOB2022)",KBOB2022-15.001,,,,,1180,14800,11700,3090,0.385,0.371,0.014,40.2,40.0,0.211,11.6,8.68,2.92,kg,0.000
15.002 Polyamid (PA) glasfaserverstärkt (KBOB2022),KBOB2022-15.002,,,,,1360,15200,12300,2920,0.979,0.960,0.020,40.3,39.6,0.688,11.5,8.89,2.62,kg,0.000
15.003 Polycarbonat (PC) (KBOB2022),KBOB2022-15.003,,,,,1200,15900,12800,3090,0.419,0.405,0.014,31.8,31.6,0.211,11.4,8.49,2.92,kg,0.000
15.004 Polyester (UP) glasfaserverstärkt (KBOB2022),KBOB2022-15.004,,,,,1500,13800,10700,3090,1.48,1.47,0.014,31.4,31.2,0.211,9.85,6.93,2.92,kg,0.000
15.005 Polystyrol (PS) (KBOB2022),KBOB2022-15.005,,,,,1050,8170,4880,3290,0.110,0.097,0.013,24.6,24.4,0.209,6.73,3.64,3.08,kg,0.000
21.001 Abfalltrennsystem (KBOB2022),KBOB2022-21.001,,,,,,35300,26600,8770,16.8,16.7,0.052,113,112,0.877,24.2,16.1,8.13,Stk.,0.000
"21.002 Arbeitsplatte Chromstahl, high-end (KBOB2022)",KBOB2022-21.002,,,,,,838000,837000,715,450,450,0.037,1260,1260,1.75,333,333,0.447,m2,0.000
"21.003 Arbeitsplatte Chromstahl, Standard (KBOB2022)",KBOB2022-21.003,,,,,,137000,136000,1430,88.9,88.8,0.082,225,223,1.47,56.9,55.9,1.05,m2,5.09
21.004 Arbeitsplatte Kompositwerkstoff (auf Aluminiumhydroxidbasis) (KBOB2022),KBOB2022-21.004,,,,,,137000,116000,20800,6.30,6.06,0.235,355,350,4.52,95.6,76.3,19.3,m2,0.000
21.005 Arbeitsplatte kunstharzbeschichtet (KBOB2022),KBOB2022-21.005,,,,,,34300,32800,1550,148,148,0.079,102,101,1.26,20.2,19.0,1.20,m2,11.6
21.006 Arbeitsplatte Massivholz (KBOB2022),KBOB2022-21.006,,,,,,27600,26100,1490,335,335,0.142,60.8,58.7,2.10,12.6,11.7,0.920,m2,6.36
21.007 Arbeitsplatte Naturstein (KBOB2022),KBOB2022-21.007,,,,,,159000,155000,3530,71.5,71.4,0.181,356,352,4.36,41.3,40.3,1.06,m2,0.000
21.008 Dampfabzug (KBOB2022),KBOB2022-21.008,,,,,,357000,339000,17700,69.3,69.3,0.039,598,597,1.32,151,134,17.1,Stk.,0.000
"21.009 Küche, Massivholz, 16-teilig (KBOB2022)",KBOB2022-21.009,,,,,,1010000,944000,62800,5040,5040,2.46,1980,1940,38.4,471,419,51.4,Stk.,160
"21.010 Küche, Metall, 16-teilig (KBOB2022)",KBOB2022-21.010,,,,,,6620000,6560000,54300,683,683,0.261,10300,10300,5.16,2770,2720,51.0,Stk.,3.45
"21.011 Küche, Spanplatte, 16-teilig (KBOB2022)",KBOB2022-21.011,,,,,,1200000,1110000,91300,2530,2520,3.48,2870,2820,56.4,633,558,74.9,Stk.,223
21.012 Spüle Chromstahl (KBOB2022),KBOB2022-21.012,,,,,,110000,105000,5340,40.9,40.8,0.035,214,213,0.714,48.6,43.7,4.93,Stk.,0.000
21.013 Spüle Kompositwerkstoff (auf Gesteinsmehlbasis) (KBOB2022),KBOB2022-21.013,,,,,,46700,46100,598,16.4,16.4,0.031,144,143,0.740,30.7,30.6,0.179,Stk.,0.000