Name,ProductKey,Description,Picture,Product sections,Type,SubType,vyzn.catalogue.Density,vyzn.catalogue.ch.KBOB2022.UBPTotal,vyzn.catalogue.ch.KBOB2022.UBPProduction,vyzn.catalogue.ch.KBOB2022.UBPDisposal,vyzn.catalogue.ch.KBOB2022.RenewableEnergyTotal,vyzn.catalogue.ch.KBOB2022.RenewableEnergyProduction,vyzn.catalogue.ch.KBOB2022.RenewableEnergyDisposal,vyzn.catalogue.ch.KBOB2022.GreyEnergyTotal,vyzn.catalogue.ch.KBOB2022.GreyEnergyProduction,vyzn.catalogue.ch.KBOB2022.GreyEnergyDisposal,vyzn.catalogue.ch.KBOB2022.GHGEmissionsTotal,vyzn.catalogue.ch.KBOB2022.GHGEmissionsProduction,vyzn.catalogue.ch.KBOB2022.GHGEmissionsDisposal,vyzn.catalogue.ch.KBOB2022.LCARefUnit,vyzn.catalogue.ch.KBOB2022.LCARefDimension,vyzn.catalogue.ch.KBOB2022.BiogenicCarbon,KBOB REF,vyzn.catalogue.SourceENV,categoryPath,vyzn.catalogue.lifeCycle
"91.001 Entsorgung, Asphalt, 0.1% Wasser, in Reaktordeponie (KBOB.2022v5)","91.001 Entsorgung, Asphalt, 0.1% Wasser, in Reaktordeponie (KBOB.2022v5)",,,,OTHER_RESOURCE,OTHER_RESOURCE_DISPOSAL_CONSTRUCTION_MATERIAL,,143,,,0.00,,,0.09,,,0.019,,,kg,,,a01298ea-acfc-4d72-8261-6c17cbccb6ea,KBOB 2022v5,Alle > RESSOURCEN > kbob.admin.ch > KBOB / ecobau / IPB 2009/1:2022v5,
"91.002 Entsorgung, 2K-Fliessbelag Industrie (KBOB.2022v5)","91.002 Entsorgung, 2K-Fliessbelag Industrie (KBOB.2022v5)",,,,OTHER_RESOURCE,OTHER_RESOURCE_DISPOSAL_CONSTRUCTION_MATERIAL,,8240,,,0.08,,,2.26,,,7.240,,,m2,,,78c7e93f-5a39-4b5f-a287-e938195ebb75,KBOB 2022v5,Alle > RESSOURCEN > kbob.admin.ch > KBOB / ecobau / IPB 2009/1:2022v5,
"91.003 Entsorgung, 2K-Fliessbelag Wohnen (KBOB.2022v5)","91.003 Entsorgung, 2K-Fliessbelag Wohnen (KBOB.2022v5)",,,,OTHER_RESOURCE,OTHER_RESOURCE_DISPOSAL_CONSTRUCTION_MATERIAL,,4540,,,0.06,,,1.45,,,3.870,,,m2,,,35fcc2a3-fb7f-44c7-bd03-424bdec5407b,KBOB 2022v5,Alle > RESSOURCEN > kbob.admin.ch > KBOB / ecobau / IPB 2009/1:2022v5,
"91.004 Entsorgung, Bodenbelag organisch, Gummigranulat (KBOB.2022v5)","91.004 Entsorgung, Bodenbelag organisch, Gummigranulat (KBOB.2022v5)",,,,OTHER_RESOURCE,OTHER_RESOURCE_DISPOSAL_CONSTRUCTION_MATERIAL,,13400,,,0.14,,,2.73,,,11.900,,,m2,,,b8426ce9-72ae-4850-ac9d-e42844b46691,KBOB 2022v5,Alle > RESSOURCEN > kbob.admin.ch > KBOB / ecobau / IPB 2009/1:2022v5,
"91.005 Entsorgung, Bodenbelag, Hartbeton einschichtig (KBOB.2022v5)","91.005 Entsorgung, Bodenbelag, Hartbeton einschichtig (KBOB.2022v5)",,,,OTHER_RESOURCE,OTHER_RESOURCE_DISPOSAL_CONSTRUCTION_MATERIAL,,2460,,,0.13,,,3.04,,,0.733,,,m2,,,95d798f0-613a-4b29-9d69-909f679d0096,KBOB 2022v5,Alle > RESSOURCEN > kbob.admin.ch > KBOB / ecobau / IPB 2009/1:2022v5,
"91.006 Entsorgung, Bodenbelag, Hartbeton zweischichtig (KBOB.2022v5)","91.006 Entsorgung, Bodenbelag, Hartbeton zweischichtig (KBOB.2022v5)",,,,OTHER_RESOURCE,OTHER_RESOURCE_DISPOSAL_CONSTRUCTION_MATERIAL,,3120,,,0.16,,,3.87,,,0.932,,,m2,,,5cf9857d-8408-419d-bc0c-d2a45e4880d0,KBOB 2022v5,Alle > RESSOURCEN > kbob.admin.ch > KBOB / ecobau / IPB 2009/1:2022v5,
"91.007 Entsorgung, Bodenbelag, Kautschuk (KBOB.2022v5)","91.007 Entsorgung, Bodenbelag, Kautschuk (KBOB.2022v5)",,,,OTHER_RESOURCE,OTHER_RESOURCE_DISPOSAL_CONSTRUCTION_MATERIAL,,3750,,,0.07,,,0.93,,,3.190,,,m2,,,a98f8237-e0d8-44a9-b65e-f03a8701edbf,KBOB 2022v5,Alle > RESSOURCEN > kbob.admin.ch > KBOB / ecobau / IPB 2009/1:2022v5,
"91.008 Entsorgung, Korkparkett (KBOB.2022v5)","91.008 Entsorgung, Korkparkett (KBOB.2022v5)",,,,OTHER_RESOURCE,OTHER_RESOURCE_DISPOSAL_CONSTRUCTION_MATERIAL,,2130,,,0.10,,,1.36,,,1.300,,,m2,,,003fa5ac-bd39-4612-af63-7898f9c0cd8a,KBOB 2022v5,Alle > RESSOURCEN > kbob.admin.ch > KBOB / ecobau / IPB 2009/1:2022v5,
"91.009 Entsorgung, Bodenbelag, Kork PVC-beschichtet (KBOB.2022v5)","91.009 Entsorgung, Bodenbelag, Kork PVC-beschichtet (KBOB.2022v5)",,,,OTHER_RESOURCE,OTHER_RESOURCE_DISPOSAL_CONSTRUCTION_MATERIAL,,4060,,,0.10,,,1.43,,,3.520,,,m2,,,4e962b23-a38b-4d02-a4b5-2fa8e9340a31,KBOB 2022v5,Alle > RESSOURCEN > kbob.admin.ch > KBOB / ecobau / IPB 2009/1:2022v5,
"91.010 Entsorgung, Korkparkett (KBOB.2022v5)","91.010 Entsorgung, Korkparkett (KBOB.2022v5)",,,,OTHER_RESOURCE,OTHER_RESOURCE_DISPOSAL_CONSTRUCTION_MATERIAL,,2130,,,0.10,,,1.36,,,1.300,,,m2,,,003fa5ac-bd39-4612-af63-7898f9c0cd8a,KBOB 2022v5,Alle > RESSOURCEN > kbob.admin.ch > KBOB / ecobau / IPB 2009/1:2022v5,
"91.011 Entsorgung, Laminat, 5% Bindemittel (KBOB.2022v5)","91.011 Entsorgung, Laminat, 5% Bindemittel (KBOB.2022v5)",,,,OTHER_RESOURCE,OTHER_RESOURCE_DISPOSAL_CONSTRUCTION_MATERIAL,,2970,,,0.11,,,1.45,,,2.300,,,m2,,,a7397935-d018-41bf-a0f0-3feb106ca72a,KBOB 2022v5,Alle > RESSOURCEN > kbob.admin.ch > KBOB / ecobau / IPB 2009/1:2022v5,
"91.012 Entsorgung, Linoleum, 15% Bindemittel (KBOB.2022v5)","91.012 Entsorgung, Linoleum, 15% Bindemittel (KBOB.2022v5)",,,,OTHER_RESOURCE,OTHER_RESOURCE_DISPOSAL_CONSTRUCTION_MATERIAL,,728,,,0.04,,,0.44,,,0.516,,,m2,,,56afd8ac-dff6-4bb9-adeb-ee38ab57766b,KBOB 2022v5,Alle > RESSOURCEN > kbob.admin.ch > KBOB / ecobau / IPB 2009/1:2022v5,
"91.013 Entsorgung, Holzparkett, 2-Schicht (KBOB.2022v5)","91.013 Entsorgung, Holzparkett, 2-Schicht (KBOB.2022v5)",,,,OTHER_RESOURCE,OTHER_RESOURCE_DISPOSAL_CONSTRUCTION_MATERIAL,,490,,,0.04,,,0.56,,,0.337,,,m2,,,b6787db4-667c-43af-b68c-f00f4c4388c5,KBOB 2022v5,Alle > RESSOURCEN > kbob.admin.ch > KBOB / ecobau / IPB 2009/1:2022v5,
"91.014 Entsorgung, Holzparkett, 3-Schicht (KBOB.2022v5)","91.014 Entsorgung, Holzparkett, 3-Schicht (KBOB.2022v5)",,,,OTHER_RESOURCE,OTHER_RESOURCE_DISPOSAL_CONSTRUCTION_MATERIAL,,635,,,0.05,,,0.73,,,0.437,,,m2,,,3e7171ad-ed71-46d8-b28c-c079577c0cba,KBOB 2022v5,Alle > RESSOURCEN > kbob.admin.ch > KBOB / ecobau / IPB 2009/1:2022v5,
"91.015 Entsorgung, Holzparkett Mosaik (KBOB.2022v5)","91.015 Entsorgung, Holzparkett Mosaik (KBOB.2022v5)",,,,OTHER_RESOURCE,OTHER_RESOURCE_DISPOSAL_CONSTRUCTION_MATERIAL,,352,,,0.03,,,0.50,,,0.218,,,m2,,,099f16a3-cc5d-42cd-b3fc-1a668156b832,KBOB 2022v5,Alle > RESSOURCEN > kbob.admin.ch > KBOB / ecobau / IPB 2009/1:2022v5,
"91.016 Entsorgung, Kunststoffe, PVC (KBOB.2022v5)","91.016 Entsorgung, Kunststoffe, PVC (KBOB.2022v5)",,,,OTHER_RESOURCE,OTHER_RESOURCE_DISPOSAL_CONSTRUCTION_MATERIAL,,7140,,,0.30,,,3.19,,,6.220,,,m2,,,77a10b7f-2b36-4c87-aa8c-ed68e86fdce5,KBOB 2022v5,Alle > RESSOURCEN > kbob.admin.ch > KBOB / ecobau / IPB 2009/1:2022v5,
"91.017 Entsorgung, Steinholzboden (KBOB.2022v5)","91.017 Entsorgung, Steinholzboden (KBOB.2022v5)",,,,OTHER_RESOURCE,OTHER_RESOURCE_DISPOSAL_CONSTRUCTION_MATERIAL,,935,,,0.05,,,1.16,,,0.279,,,m2,,,722feeed-16c8-4363-ad53-7da0795a4f54,KBOB 2022v5,Alle > RESSOURCEN > kbob.admin.ch > KBOB / ecobau / IPB 2009/1:2022v5,
"91.018 Entsorgung, synthetische thermoplastische Beläge (TPO) (KBOB.2022v5)","91.018 Entsorgung, synthetische thermoplastische Beläge (TPO) (KBOB.2022v5)",,,,OTHER_RESOURCE,OTHER_RESOURCE_DISPOSAL_CONSTRUCTION_MATERIAL,,10400,,,0.03,,,0.64,,,10.100,,,m2,,,ad088f68-7d88-4698-8a08-a8f08dccc53d,KBOB 2022v5,Alle > RESSOURCEN > kbob.admin.ch > KBOB / ecobau / IPB 2009/1:2022v5,
"91.019 Entsorgung, Teppich Kunstfaser getuftet (KBOB.2022v5)","91.019 Entsorgung, Teppich Kunstfaser getuftet (KBOB.2022v5)",,,,OTHER_RESOURCE,OTHER_RESOURCE_DISPOSAL_CONSTRUCTION_MATERIAL,,6470,,,0.02,,,0.39,,,6.250,,,m2,,,e7c3f19b-5847-4f17-b0aa-33dbf10755c3,KBOB 2022v5,Alle > RESSOURCEN > kbob.admin.ch > KBOB / ecobau / IPB 2009/1:2022v5,
"91.020 Entsorgung, Teppich Nadelfilz (KBOB.2022v5)","91.020 Entsorgung, Teppich Nadelfilz (KBOB.2022v5)",,,,OTHER_RESOURCE,OTHER_RESOURCE_DISPOSAL_CONSTRUCTION_MATERIAL,,4010,,,0.01,,,0.24,,,3.870,,,m2,,,e581c438-ace6-4414-943a-a70a1d92c2ab,KBOB 2022v5,Alle > RESSOURCEN > kbob.admin.ch > KBOB / ecobau / IPB 2009/1:2022v5,
"91.021 Entsorgung, Teppich Naturfaser (KBOB.2022v5)","91.021 Entsorgung, Teppich Naturfaser (KBOB.2022v5)",,,,OTHER_RESOURCE,OTHER_RESOURCE_DISPOSAL_CONSTRUCTION_MATERIAL,,2070,,,0.02,,,0.41,,,1.850,,,m2,,,3738e728-dd16-4179-a235-6c1d0fa3faa0,KBOB 2022v5,Alle > RESSOURCEN > kbob.admin.ch > KBOB / ecobau / IPB 2009/1:2022v5,
"91.022 Entsorgung, Terrazzo (KBOB.2022v5)","91.022 Entsorgung, Terrazzo (KBOB.2022v5)",,,,OTHER_RESOURCE,OTHER_RESOURCE_DISPOSAL_CONSTRUCTION_MATERIAL,,4040,,,0.21,,,5.00,,,1.210,,,m2,,,5be8e8bc-e8bf-406f-8666-a13fcd37ef33,KBOB 2022v5,Alle > RESSOURCEN > kbob.admin.ch > KBOB / ecobau / IPB 2009/1:2022v5,
"91.023 Entsorgung, Farbe, 2 Schichten (KBOB.2022v5)","91.023 Entsorgung, Farbe, 2 Schichten (KBOB.2022v5)",,,,OTHER_RESOURCE,OTHER_RESOURCE_DISPOSAL_CONSTRUCTION_MATERIAL,,71,,,0.00,,,0.02,,,0.056,,,m2,,,3dbd555c-3d83-47cb-8f47-de6b9ac9e80b,KBOB 2022v5,Alle > RESSOURCEN > kbob.admin.ch > KBOB / ecobau / IPB 2009/1:2022v5,
"91.024 Entsorgung, Gebäude, Aussentüre, Holz-Aluminium (KBOB.2022v5)","91.024 Entsorgung, Gebäude, Aussentüre, Holz-Aluminium (KBOB.2022v5)",,,,OTHER_RESOURCE,OTHER_RESOURCE_DISPOSAL_CONSTRUCTION_MATERIAL,,9270,,,0.14,,,4.17,,,7.640,,,m2,,,d3210b98-28a2-47d4-81e9-0b8f601a0026,KBOB 2022v5,Alle > RESSOURCEN > kbob.admin.ch > KBOB / ecobau / IPB 2009/1:2022v5,
"91.025 Entsorgung, Gebäude, Aussentüre, Holz-Glas (KBOB.2022v5)","91.025 Entsorgung, Gebäude, Aussentüre, Holz-Glas (KBOB.2022v5)",,,,OTHER_RESOURCE,OTHER_RESOURCE_DISPOSAL_CONSTRUCTION_MATERIAL,,12100,,,0.32,,,6.31,,,9.700,,,m2,,,010ef9a7-4fea-4301-b243-a82d65a89553,KBOB 2022v5,Alle > RESSOURCEN > kbob.admin.ch > KBOB / ecobau / IPB 2009/1:2022v5,
"91.026 Entsorgung, Baumaterialien, mineralisch, unspezifisch (KBOB.2022v5)","91.026 Entsorgung, Baumaterialien, mineralisch, unspezifisch (KBOB.2022v5)",,,,OTHER_RESOURCE,OTHER_RESOURCE_DISPOSAL_CONSTRUCTION_MATERIAL,,43,,,0.00,,,0.05,,,0.013,,,kg,,,4d884042-c49f-4e3d-956e-c7dba78e4558,KBOB 2022v5,Alle > RESSOURCEN > kbob.admin.ch > KBOB / ecobau / IPB 2009/1:2022v5,
"91.027 Entsorgung, Dichtungsbahnen und Schutzfolien, Dampfbremse Bitumen (KBOB.2022v5)","91.027 Entsorgung, Dichtungsbahnen und Schutzfolien, Dampfbremse Bitumen (KBOB.2022v5)",,,,OTHER_RESOURCE,OTHER_RESOURCE_DISPOSAL_CONSTRUCTION_MATERIAL,,2430,,,0.01,,,0.27,,,2.330,,,kg,,,3d30351d-cafa-42a0-827a-cc18689ae8f0,KBOB 2022v5,Alle > RESSOURCEN > kbob.admin.ch > KBOB / ecobau / IPB 2009/1:2022v5,
"91.028 Entsorgung, Dämmstoff, organisch, Polystyrol (KBOB.2022v5)","91.028 Entsorgung, Dämmstoff, organisch, Polystyrol (KBOB.2022v5)",,,,OTHER_RESOURCE,OTHER_RESOURCE_DISPOSAL_CONSTRUCTION_MATERIAL,,3280,,,0.01,,,0.20,,,3.090,,,kg,,,1e192cce-42ea-4a95-b0c4-e194a105d2c3,KBOB 2022v5,Alle > RESSOURCEN > kbob.admin.ch > KBOB / ecobau / IPB 2009/1:2022v5,
"91.029 Entsorgung, Gebäude, Fensterrahmen, Holz (KBOB.2022v5)","91.029 Entsorgung, Gebäude, Fensterrahmen, Holz (KBOB.2022v5)",,,,OTHER_RESOURCE,OTHER_RESOURCE_DISPOSAL_CONSTRUCTION_MATERIAL,,7120,,,0.04,,,2.00,,,5.890,,,m2,,,a8d6a4c6-d97c-4268-9c6d-d1a268234d1c,KBOB 2022v5,Alle > RESSOURCEN > kbob.admin.ch > KBOB / ecobau / IPB 2009/1:2022v5,
"91.029.01 Entsorgung, Gebäude, Fensterrahmen, Holz, Saphir integral 67/55, G. Baumgartner AG (KBOB.2022v5)","91.029.01 Entsorgung, Gebäude, Fensterrahmen, Holz, Saphir integral 67/55, G. Baumgartner AG (KBOB.2022v5)",,,,OTHER_RESOURCE,OTHER_RESOURCE_DISPOSAL_CONSTRUCTION_MATERIAL,,3960,,,0.02,,,1.23,,,3.360,,,m2,,,526ad119-1bcf-421d-877c-22c247cdfac2,KBOB 2022v5,Alle > RESSOURCEN > kbob.admin.ch > KBOB / ecobau / IPB 2009/1:2022v5,
"91.030 Entsorgung, Gebäude, Fensterrahmen, Holz-Metall (KBOB.2022v5)","91.030 Entsorgung, Gebäude, Fensterrahmen, Holz-Metall (KBOB.2022v5)",,,,OTHER_RESOURCE,OTHER_RESOURCE_DISPOSAL_CONSTRUCTION_MATERIAL,,8230,,,0.04,,,1.89,,,7.110,,,m2,,,bd9b3e68-ae56-4e14-a31d-ca9333836112,KBOB 2022v5,Alle > RESSOURCEN > kbob.admin.ch > KBOB / ecobau / IPB 2009/1:2022v5,
"91.030.01 Entsorgung, Gebäude, Fensterrahmen, Holz-Metall, Saphir integral 55/55, G. Baumgartner AG (KBOB.2022v5)","91.030.01 Entsorgung, Gebäude, Fensterrahmen, Holz-Metall, Saphir integral 55/55, G. Baumgartner AG (KBOB.2022v5)",,,,OTHER_RESOURCE,OTHER_RESOURCE_DISPOSAL_CONSTRUCTION_MATERIAL,,7640,,,0.03,,,1.46,,,6.900,,,m2,,,3bd1c233-4e3a-451e-8056-4a9e93735e70,KBOB 2022v5,Alle > RESSOURCEN > kbob.admin.ch > KBOB / ecobau / IPB 2009/1:2022v5,
"91.031 Entsorgung, Gebäude, Fensterrahmen, Plastik (KBOB.2022v5)","91.031 Entsorgung, Gebäude, Fensterrahmen, Plastik (KBOB.2022v5)",,,,OTHER_RESOURCE,OTHER_RESOURCE_DISPOSAL_CONSTRUCTION_MATERIAL,,11800,,,0.49,,,5.31,,,10.200,,,m2,,,5bfcf82d-c454-44ea-bf8a-59ab7b866700,KBOB 2022v5,Alle > RESSOURCEN > kbob.admin.ch > KBOB / ecobau / IPB 2009/1:2022v5,
"91.032 Entsorgung, Flachglas (KBOB.2022v5)","91.032 Entsorgung, Flachglas (KBOB.2022v5)",,,,OTHER_RESOURCE,OTHER_RESOURCE_DISPOSAL_CONSTRUCTION_MATERIAL,,69,,,0.01,,,0.11,,,0.019,,,kg,,,aa77d618-69ee-45e9-bc95-cf60448b8b7b,KBOB 2022v5,Alle > RESSOURCEN > kbob.admin.ch > KBOB / ecobau / IPB 2009/1:2022v5,
"91.033 Entsorgung, Verbundmaterialien, organisch-mineralisch (KBOB.2022v5)","91.033 Entsorgung, Verbundmaterialien, organisch-mineralisch (KBOB.2022v5)",,,,OTHER_RESOURCE,OTHER_RESOURCE_DISPOSAL_CONSTRUCTION_MATERIAL,,85,,,0.01,,,0.17,,,0.036,,,kg,,,97eb1ae9-6aa7-463e-b374-d0393e7677ed,KBOB 2022v5,Alle > RESSOURCEN > kbob.admin.ch > KBOB / ecobau / IPB 2009/1:2022v5,
"91.034 Entsorgung, Gebäude, Innentüre, Holz, Glaseinsatz, Holzrahmen (KBOB.2022v5)","91.034 Entsorgung, Gebäude, Innentüre, Holz, Glaseinsatz, Holzrahmen (KBOB.2022v5)",,,,OTHER_RESOURCE,OTHER_RESOURCE_DISPOSAL_CONSTRUCTION_MATERIAL,,8890,,,0.28,,,5.24,,,6.920,,,m2,,,9a8194ad-fa59-4b76-81ab-bf90828a66e6,KBOB 2022v5,Alle > RESSOURCEN > kbob.admin.ch > KBOB / ecobau / IPB 2009/1:2022v5,
"91.035 Entsorgung, Gebäude, Innentüre, Holz, Holzrahmen (KBOB.2022v5)","91.035 Entsorgung, Gebäude, Innentüre, Holz, Holzrahmen (KBOB.2022v5)",,,,OTHER_RESOURCE,OTHER_RESOURCE_DISPOSAL_CONSTRUCTION_MATERIAL,,6700,,,0.13,,,3.44,,,5.390,,,m2,,,43870507-ab22-4dd0-a18c-47bbd63c6f6d,KBOB 2022v5,Alle > RESSOURCEN > kbob.admin.ch > KBOB / ecobau / IPB 2009/1:2022v5,
"91.036 Entsorgung, Dämmstoff, mineralisch (KBOB.2022v5)","91.036 Entsorgung, Dämmstoff, mineralisch (KBOB.2022v5)",,,,OTHER_RESOURCE,OTHER_RESOURCE_DISPOSAL_CONSTRUCTION_MATERIAL,,116,,,0.01,,,0.13,,,0.059,,,kg,,,6b475240-a65f-4615-97f3-f7cd9c23aeb5,KBOB 2022v5,Alle > RESSOURCEN > kbob.admin.ch > KBOB / ecobau / IPB 2009/1:2022v5,
"91.037 Entsorgung, Dichtungsbahnen und Schutzfolien, Dampfbremse PE (KBOB.2022v5)","91.037 Entsorgung, Dichtungsbahnen und Schutzfolien, Dampfbremse PE (KBOB.2022v5)",,,,OTHER_RESOURCE,OTHER_RESOURCE_DISPOSAL_CONSTRUCTION_MATERIAL,,2810,,,0.01,,,0.21,,,2.670,,,kg,,,4d011b18-4a60-4cbc-9b58-62f5e44707f9,KBOB 2022v5,Alle > RESSOURCEN > kbob.admin.ch > KBOB / ecobau / IPB 2009/1:2022v5,
"91.038 Entsorgung, Kunststoffrohre, PE oder PP (KBOB.2022v5)","91.038 Entsorgung, Kunststoffrohre, PE oder PP (KBOB.2022v5)",,,,OTHER_RESOURCE,OTHER_RESOURCE_DISPOSAL_CONSTRUCTION_MATERIAL,,2450,,,0.01,,,0.21,,,2.370,,,kg,,,209e4e0e-e304-4802-9e4b-dfbd1774476e,KBOB 2022v5,Alle > RESSOURCEN > kbob.admin.ch > KBOB / ecobau / IPB 2009/1:2022v5,
"91.039 Entsorgung, Wäremdämmstoffe Polyurethan (KBOB.2022v5)","91.039 Entsorgung, Wäremdämmstoffe Polyurethan (KBOB.2022v5)",,,,OTHER_RESOURCE,OTHER_RESOURCE_DISPOSAL_CONSTRUCTION_MATERIAL,,2920,,,0.02,,,0.68,,,2.650,,,kg,,,7704410d-ca12-47b9-8842-d9e3bb207934,KBOB 2022v5,Alle > RESSOURCEN > kbob.admin.ch > KBOB / ecobau / IPB 2009/1:2022v5,
"91.040 Entsorgung, Kunststoff-Rohre, PVC (KBOB.2022v5)","91.040 Entsorgung, Kunststoff-Rohre, PVC (KBOB.2022v5)",,,,OTHER_RESOURCE,OTHER_RESOURCE_DISPOSAL_CONSTRUCTION_MATERIAL,,2370,,,0.10,,,1.10,,,2.100,,,kg,,,0f44ef21-9727-4946-9900-1669e6ccc057,KBOB 2022v5,Alle > RESSOURCEN > kbob.admin.ch > KBOB / ecobau / IPB 2009/1:2022v5,
"91.041 Entsorgung, Spanplatte, 10% Bindemittel (KBOB.2022v5)","91.041 Entsorgung, Spanplatte, 10% Bindemittel (KBOB.2022v5)",,,,OTHER_RESOURCE,OTHER_RESOURCE_DISPOSAL_CONSTRUCTION_MATERIAL,,106,,,0.01,,,0.10,,,0.080,,,kg,,,24661f49-326f-4468-a418-3eb02ae57034,KBOB 2022v5,Alle > RESSOURCEN > kbob.admin.ch > KBOB / ecobau / IPB 2009/1:2022v5,
"91.042 Entsorgung, Isolierverglasung 2-fach, Float/ESG, Ug-Wert 1.1 W/m2K, Dicke 24 mm (KBOB.2022v5)","91.042 Entsorgung, Isolierverglasung 2-fach, Float/ESG, Ug-Wert 1.1 W/m2K, Dicke 24 mm (KBOB.2022v5)",,,,OTHER_RESOURCE,OTHER_RESOURCE_DISPOSAL_CONSTRUCTION_MATERIAL,,4910,,,0.28,,,2.66,,,3.600,,,m2,,,99f9afb8-ad57-4766-96c8-feae3ecb4293,KBOB 2022v5,Alle > RESSOURCEN > kbob.admin.ch > KBOB / ecobau / IPB 2009/1:2022v5,
"91.043 Entsorgung, Isolierverglasung 2-fach, Float/ESG/VSG, Ug-Wert 1.1 W/m2K (KBOB.2022v5)","91.043 Entsorgung, Isolierverglasung 2-fach, Float/ESG/VSG, Ug-Wert 1.1 W/m2K (KBOB.2022v5)",,,,OTHER_RESOURCE,OTHER_RESOURCE_DISPOSAL_CONSTRUCTION_MATERIAL,,8730,,,0.42,,,4.12,,,6.680,,,m2,,,729e5258-8c92-425c-b5fb-cda724c5a3c9,KBOB 2022v5,Alle > RESSOURCEN > kbob.admin.ch > KBOB / ecobau / IPB 2009/1:2022v5,
"91.044 Entsorgung, Isolierverglasung 3-fach, Ug-Wert 0.5 W/m2K, Dicke 36 mm (KBOB.2022v5)","91.044 Entsorgung, Isolierverglasung 3-fach, Ug-Wert 0.5 W/m2K, Dicke 36 mm (KBOB.2022v5)",,,,OTHER_RESOURCE,OTHER_RESOURCE_DISPOSAL_CONSTRUCTION_MATERIAL,,6830,,,0.41,,,3.93,,,4.920,,,m2,,,075eeb03-e60c-41cb-b090-dd79220aa9b9,KBOB 2022v5,Alle > RESSOURCEN > kbob.admin.ch > KBOB / ecobau / IPB 2009/1:2022v5,
"91.045 Entsorgung, Kleb-, Dichtstoffe, Anstriche (KBOB.2022v5)","91.045 Entsorgung, Kleb-, Dichtstoffe, Anstriche (KBOB.2022v5)",,,,OTHER_RESOURCE,OTHER_RESOURCE_DISPOSAL_CONSTRUCTION_MATERIAL,,236,,,0.00,,,0.06,,,0.187,,,kg,,,2bee840a-b381-44bb-94a8-768b61249e6e,KBOB 2022v5,Alle > RESSOURCEN > kbob.admin.ch > KBOB / ecobau / IPB 2009/1:2022v5,
"91.046 Entsorgung, Papier (KBOB.2022v5)","91.046 Entsorgung, Papier (KBOB.2022v5)",,,,OTHER_RESOURCE,OTHER_RESOURCE_DISPOSAL_CONSTRUCTION_MATERIAL,,161,,,0.01,,,0.17,,,0.071,,,kg,,,5e673d60-4bfa-431a-92a4-bcf1396b6065,KBOB 2022v5,Alle > RESSOURCEN > kbob.admin.ch > KBOB / ecobau / IPB 2009/1:2022v5,
"91.047 Entsorgung, Brettschichtholz verleimt (KBOB.2022v5)","91.047 Entsorgung, Brettschichtholz verleimt (KBOB.2022v5)",,,,OTHER_RESOURCE,OTHER_RESOURCE_DISPOSAL_CONSTRUCTION_MATERIAL,,74,,,0.01,,,0.09,,,0.049,,,kg,,,75d64862-a067-4515-800e-e348c169c592,KBOB 2022v5,Alle > RESSOURCEN > kbob.admin.ch > KBOB / ecobau / IPB 2009/1:2022v5,
"91.048 Entsorgung, Dreischichtplatte (KBOB.2022v5)","91.048 Entsorgung, Dreischichtplatte (KBOB.2022v5)",,,,OTHER_RESOURCE,OTHER_RESOURCE_DISPOSAL_CONSTRUCTION_MATERIAL,,80,,,0.01,,,0.09,,,0.055,,,kg,,,5dad4016-bb3f-428b-8ce7-e6fa607cd4a8,KBOB 2022v5,Alle > RESSOURCEN > kbob.admin.ch > KBOB / ecobau / IPB 2009/1:2022v5,
"91.049 Entsorgung, Holzfaserplatte hart (KBOB.2022v5)","91.049 Entsorgung, Holzfaserplatte hart (KBOB.2022v5)",,,,OTHER_RESOURCE,OTHER_RESOURCE_DISPOSAL_CONSTRUCTION_MATERIAL,,68,,,0.01,,,0.09,,,0.044,,,kg,,,cb17caf2-3c16-45d5-bb83-21a700087314,KBOB 2022v5,Alle > RESSOURCEN > kbob.admin.ch > KBOB / ecobau / IPB 2009/1:2022v5,
"91.050 Entsorgung, Faserplatte mittlerer Dichte (MDF) (KBOB.2022v5)","91.050 Entsorgung, Faserplatte mittlerer Dichte (MDF) (KBOB.2022v5)",,,,OTHER_RESOURCE,OTHER_RESOURCE_DISPOSAL_CONSTRUCTION_MATERIAL,,128,,,0.01,,,0.10,,,0.100,,,kg,,,0a8ca23a-29a5-4772-ad17-14d45b2f9675,KBOB 2022v5,Alle > RESSOURCEN > kbob.admin.ch > KBOB / ecobau / IPB 2009/1:2022v5,
"91.051 Entsorgung, Weichfaserplatte (KBOB.2022v5)","91.051 Entsorgung, Weichfaserplatte (KBOB.2022v5)",,,,OTHER_RESOURCE,OTHER_RESOURCE_DISPOSAL_CONSTRUCTION_MATERIAL,,227,,,0.01,,,0.15,,,0.092,,,kg,,,767c3db2-3fa6-4794-b335-c7fc627c2884,KBOB 2022v5,Alle > RESSOURCEN > kbob.admin.ch > KBOB / ecobau / IPB 2009/1:2022v5,
"91.052 Entsorgung, Holz und Holzwerkstoffe, Massivholz (KBOB.2022v5)","91.052 Entsorgung, Holz und Holzwerkstoffe, Massivholz (KBOB.2022v5)",,,,OTHER_RESOURCE,OTHER_RESOURCE_DISPOSAL_CONSTRUCTION_MATERIAL,,63,,,0.01,,,0.09,,,0.039,,,kg,,,ab405cb5-781c-478d-ba5c-a69c699e0dcb,KBOB 2022v5,Alle > RESSOURCEN > kbob.admin.ch > KBOB / ecobau / IPB 2009/1:2022v5,
"91.053 Entsorgung, Holz und Holzwerkstoffe, Massivholz (KBOB.2022v5)","91.053 Entsorgung, Holz und Holzwerkstoffe, Massivholz (KBOB.2022v5)",,,,OTHER_RESOURCE,OTHER_RESOURCE_DISPOSAL_CONSTRUCTION_MATERIAL,,63,,,0.01,,,0.09,,,0.039,,,kg,,,dd05cdef-42e4-435d-ad3e-a995129aa16f,KBOB 2022v5,Alle > RESSOURCEN > kbob.admin.ch > KBOB / ecobau / IPB 2009/1:2022v5,
"91.054 Entsorgung, Holz und Holzwerkstoffe, Massivholz (KBOB.2022v5)","91.054 Entsorgung, Holz und Holzwerkstoffe, Massivholz (KBOB.2022v5)",,,,OTHER_RESOURCE,OTHER_RESOURCE_DISPOSAL_CONSTRUCTION_MATERIAL,,63,,,0.01,,,0.09,,,0.039,,,kg,,,3e47bffc-9b96-426f-a1ce-df95c97d3927,KBOB 2022v5,Alle > RESSOURCEN > kbob.admin.ch > KBOB / ecobau / IPB 2009/1:2022v5,
"91.054.01 Entsorgung, Holz und Holzwerkstoffe, Massivholz (KBOB.2022v5)","91.054.01 Entsorgung, Holz und Holzwerkstoffe, Massivholz (KBOB.2022v5)",,,,OTHER_RESOURCE,OTHER_RESOURCE_DISPOSAL_CONSTRUCTION_MATERIAL,,63,,,0.01,,,0.09,,,0.039,,,kg,,,7954238c-6340-4d1d-abd2-f20ca491d8a7,KBOB 2022v5,Alle > RESSOURCEN > kbob.admin.ch > KBOB / ecobau / IPB 2009/1:2022v5,
"91.055 Entsorgung, Holz und Holzwerkstoffe, Massivholz (KBOB.2022v5)","91.055 Entsorgung, Holz und Holzwerkstoffe, Massivholz (KBOB.2022v5)",,,,OTHER_RESOURCE,OTHER_RESOURCE_DISPOSAL_CONSTRUCTION_MATERIAL,,63,,,0.01,,,0.09,,,0.039,,,kg,,,986f6924-563e-45e3-88fd-c0e1077dfc13,KBOB 2022v5,Alle > RESSOURCEN > kbob.admin.ch > KBOB / ecobau / IPB 2009/1:2022v5,
"91.056 Entsorgung, Spanplatte, 10% Bindemittel (KBOB.2022v5)","91.056 Entsorgung, Spanplatte, 10% Bindemittel (KBOB.2022v5)",,,,OTHER_RESOURCE,OTHER_RESOURCE_DISPOSAL_CONSTRUCTION_MATERIAL,,106,,,0.01,,,0.10,,,0.080,,,kg,,,24661f49-326f-4468-a418-3eb02ae57034,KBOB 2022v5,Alle > RESSOURCEN > kbob.admin.ch > KBOB / ecobau / IPB 2009/1:2022v5,
"91.057 Entsorgung, Spanplatte, 10% Bindemittel, 3.5% MF-gebunden (KBOB.2022v5)","91.057 Entsorgung, Spanplatte, 10% Bindemittel, 3.5% MF-gebunden (KBOB.2022v5)",,,,OTHER_RESOURCE,OTHER_RESOURCE_DISPOSAL_CONSTRUCTION_MATERIAL,,122,,,0.01,,,0.10,,,0.095,,,kg,,,f7057476-7245-4741-9b6a-f613434e0a50,KBOB 2022v5,Alle > RESSOURCEN > kbob.admin.ch > KBOB / ecobau / IPB 2009/1:2022v5,
"91.058 Entsorgung, Spanplatte, 10% Bindemittel (KBOB.2022v5)","91.058 Entsorgung, Spanplatte, 10% Bindemittel (KBOB.2022v5)",,,,OTHER_RESOURCE,OTHER_RESOURCE_DISPOSAL_CONSTRUCTION_MATERIAL,,106,,,0.01,,,0.10,,,0.080,,,kg,,,24661f49-326f-4468-a418-3eb02ae57034,KBOB 2022v5,Alle > RESSOURCEN > kbob.admin.ch > KBOB / ecobau / IPB 2009/1:2022v5,
"91.059 Entsorgung, Baumaterialien, mineralisch, unspezifisch (KBOB.2022v5)","91.059 Entsorgung, Baumaterialien, mineralisch, unspezifisch (KBOB.2022v5)",,,,OTHER_RESOURCE,OTHER_RESOURCE_DISPOSAL_CONSTRUCTION_MATERIAL,,43,,,0.00,,,0.05,,,0.013,,,kg,,,4d884042-c49f-4e3d-956e-c7dba78e4558,KBOB 2022v5,Alle > RESSOURCEN > kbob.admin.ch > KBOB / ecobau / IPB 2009/1:2022v5,
"91.060 Entsorgung, Beton (KBOB.2022v5)","91.060 Entsorgung, Beton (KBOB.2022v5)",,,,OTHER_RESOURCE,OTHER_RESOURCE_DISPOSAL_CONSTRUCTION_MATERIAL,,36,,,0.00,,,0.05,,,0.013,,,kg,,,23800a6e-e765-44ac-bb0c-4514d6ba9236,KBOB 2022v5,Alle > RESSOURCEN > kbob.admin.ch > KBOB / ecobau / IPB 2009/1:2022v5,
"91.061 Entsorgung, Beton (KBOB.2022v5)","91.061 Entsorgung, Beton (KBOB.2022v5)",,,,OTHER_RESOURCE,OTHER_RESOURCE_DISPOSAL_CONSTRUCTION_MATERIAL,,36,,,0.00,,,0.05,,,0.013,,,kg,,,23800a6e-e765-44ac-bb0c-4514d6ba9236,KBOB 2022v5,Alle > RESSOURCEN > kbob.admin.ch > KBOB / ecobau / IPB 2009/1:2022v5,
"91.062 Entsorgung, Kies und Sand (KBOB.2022v5)","91.062 Entsorgung, Kies und Sand (KBOB.2022v5)",,,,OTHER_RESOURCE,OTHER_RESOURCE_DISPOSAL_CONSTRUCTION_MATERIAL,,40,,,0.00,,,0.05,,,0.013,,,kg,,,7b2d5397-4e21-452a-966e-c66b19a7ebbf,KBOB 2022v5,Alle > RESSOURCEN > kbob.admin.ch > KBOB / ecobau / IPB 2009/1:2022v5,
"91.063 Entsorgung, Gipsfaserplatte (KBOB.2022v5)","91.063 Entsorgung, Gipsfaserplatte (KBOB.2022v5)",,,,OTHER_RESOURCE,OTHER_RESOURCE_DISPOSAL_CONSTRUCTION_MATERIAL,,72,,,0.00,,,0.08,,,0.019,,,kg,,,baca1d8d-2a52-4a93-8409-2dd825684fd0,KBOB 2022v5,Alle > RESSOURCEN > kbob.admin.ch > KBOB / ecobau / IPB 2009/1:2022v5,
"91.064 Entsorgung, Gipskartonplatte (KBOB.2022v5)","91.064 Entsorgung, Gipskartonplatte (KBOB.2022v5)",,,,OTHER_RESOURCE,OTHER_RESOURCE_DISPOSAL_CONSTRUCTION_MATERIAL,,72,,,0.00,,,0.08,,,0.019,,,kg,,,2980d04b-3389-4dbc-8209-8b86f5e275dd,KBOB 2022v5,Alle > RESSOURCEN > kbob.admin.ch > KBOB / ecobau / IPB 2009/1:2022v5,
"91.065 Entsorgung, Baumaterialien, mineralisch, unspezifisch (KBOB.2022v5)","91.065 Entsorgung, Baumaterialien, mineralisch, unspezifisch (KBOB.2022v5)",,,,OTHER_RESOURCE,OTHER_RESOURCE_DISPOSAL_CONSTRUCTION_MATERIAL,,43,,,0.00,,,0.05,,,0.013,,,kg,,,4d884042-c49f-4e3d-956e-c7dba78e4558,KBOB 2022v5,Alle > RESSOURCEN > kbob.admin.ch > KBOB / ecobau / IPB 2009/1:2022v5,
"91.066 Entsorgung, Mörtel, Putze (KBOB.2022v5)","91.066 Entsorgung, Mörtel, Putze (KBOB.2022v5)",,,,OTHER_RESOURCE,OTHER_RESOURCE_DISPOSAL_CONSTRUCTION_MATERIAL,,43,,,0.00,,,0.05,,,0.013,,,kg,,,93a5e8bf-109a-4202-a206-d1cb0a850cfa,KBOB 2022v5,Alle > RESSOURCEN > kbob.admin.ch > KBOB / ecobau / IPB 2009/1:2022v5,
"91.067 Entsorgung, Mörtel, Putze (KBOB.2022v5)","91.067 Entsorgung, Mörtel, Putze (KBOB.2022v5)",,,,OTHER_RESOURCE,OTHER_RESOURCE_DISPOSAL_CONSTRUCTION_MATERIAL,,43,,,0.00,,,0.05,,,0.013,,,kg,,,93a5e8bf-109a-4202-a206-d1cb0a850cfa,KBOB 2022v5,Alle > RESSOURCEN > kbob.admin.ch > KBOB / ecobau / IPB 2009/1:2022v5,
"91.068 Entsorgung, Kies und Sand (KBOB.2022v5)","91.068 Entsorgung, Kies und Sand (KBOB.2022v5)",,,,OTHER_RESOURCE,OTHER_RESOURCE_DISPOSAL_CONSTRUCTION_MATERIAL,,40,,,0.00,,,0.05,,,0.013,,,kg,,,7b2d5397-4e21-452a-966e-c66b19a7ebbf,KBOB 2022v5,Alle > RESSOURCEN > kbob.admin.ch > KBOB / ecobau / IPB 2009/1:2022v5,
"91.069 Entsorgung, Gips-Wandbauplatte / Vollgipsplatte (KBOB.2022v5)","91.069 Entsorgung, Gips-Wandbauplatte / Vollgipsplatte (KBOB.2022v5)",,,,OTHER_RESOURCE,OTHER_RESOURCE_DISPOSAL_CONSTRUCTION_MATERIAL,,71,,,0.00,,,0.08,,,0.019,,,kg,,,273ab3a7-dc7e-496d-b68c-2d92694a5e7b,KBOB 2022v5,Alle > RESSOURCEN > kbob.admin.ch > KBOB / ecobau / IPB 2009/1:2022v5,
"91.070 Entsorgung, Baumaterialien, mineralisch, unspezifisch (KBOB.2022v5)","91.070 Entsorgung, Baumaterialien, mineralisch, unspezifisch (KBOB.2022v5)",,,,OTHER_RESOURCE,OTHER_RESOURCE_DISPOSAL_CONSTRUCTION_MATERIAL,,43,,,0.00,,,0.05,,,0.013,,,kg,,,4d884042-c49f-4e3d-956e-c7dba78e4558,KBOB 2022v5,Alle > RESSOURCEN > kbob.admin.ch > KBOB / ecobau / IPB 2009/1:2022v5,
"91.071 Entsorgung, GFK-Fassadenplatte (KBOB.2022v5)","91.071 Entsorgung, GFK-Fassadenplatte (KBOB.2022v5)",,,,OTHER_RESOURCE,OTHER_RESOURCE_DISPOSAL_CONSTRUCTION_MATERIAL,,2500,,,0.01,,,0.27,,,2.290,,,kg,,,b71a32c8-15e4-4141-bfe5-557c74f8431e,KBOB 2022v5,Alle > RESSOURCEN > kbob.admin.ch > KBOB / ecobau / IPB 2009/1:2022v5,
"91.073 Entsorgungsmix, Hanfbeton (KBOB.2022v5)","91.073 Entsorgungsmix, Hanfbeton (KBOB.2022v5)",,,,OTHER_RESOURCE,OTHER_RESOURCE_DISPOSAL_CONSTRUCTION_MATERIAL,,2,,,0.00,,,0.00,,,0.000,,,kg,,,fd62007b-148f-478e-af3f-45fed95d9c95,KBOB 2022v5,Alle > RESSOURCEN > kbob.admin.ch > KBOB / ecobau / IPB 2009/1:2022v5,
"91.074 Entsorgung, Baugrubensicherung, Bohrpfahlwand, gespriesst (KBOB.2022v5)","91.074 Entsorgung, Baugrubensicherung, Bohrpfahlwand, gespriesst (KBOB.2022v5)",,,,OTHER_RESOURCE,OTHER_RESOURCE_DISPOSAL_CONSTRUCTION_MATERIAL,,167000,,,9.21,,,248.00,,,60.500,,,m2,,,5feb171f-fb93-4ae9-9606-ade610366f9c,KBOB 2022v5,Alle > RESSOURCEN > kbob.admin.ch > KBOB / ecobau / IPB 2009/1:2022v5,
"91.075 Entsorgung, Baugrubensicherung, Bohrpfahlwand, unverankert (KBOB.2022v5)","91.075 Entsorgung, Baugrubensicherung, Bohrpfahlwand, unverankert (KBOB.2022v5)",,,,OTHER_RESOURCE,OTHER_RESOURCE_DISPOSAL_CONSTRUCTION_MATERIAL,,167000,,,9.21,,,248.00,,,60.500,,,m2,,,a9fa5556-e923-4f8c-8562-e1a2e217b120,KBOB 2022v5,Alle > RESSOURCEN > kbob.admin.ch > KBOB / ecobau / IPB 2009/1:2022v5,
"91.076 Entsorgung, Baugrubensicherung, Bohrpfahlwand, verankert (KBOB.2022v5)","91.076 Entsorgung, Baugrubensicherung, Bohrpfahlwand, verankert (KBOB.2022v5)",,,,OTHER_RESOURCE,OTHER_RESOURCE_DISPOSAL_CONSTRUCTION_MATERIAL,,111000,,,6.08,,,164.00,,,40.000,,,m2,,,e0407a08-2358-4f18-abb5-9359623f8521,KBOB 2022v5,Alle > RESSOURCEN > kbob.admin.ch > KBOB / ecobau / IPB 2009/1:2022v5,
"91.077 Entsorgung, Baugrubensicherung, Nagelwand (KBOB.2022v5)","91.077 Entsorgung, Baugrubensicherung, Nagelwand (KBOB.2022v5)",,,,OTHER_RESOURCE,OTHER_RESOURCE_DISPOSAL_CONSTRUCTION_MATERIAL,,24300,,,1.34,,,35.90,,,8.780,,,m2,,,9e9e12a4-91ba-448f-8420-68dcd9cb43af,KBOB 2022v5,Alle > RESSOURCEN > kbob.admin.ch > KBOB / ecobau / IPB 2009/1:2022v5,
"91.078 Entsorgung, Baugrubensicherung, Rühlwand, auskragend (KBOB.2022v5)","91.078 Entsorgung, Baugrubensicherung, Rühlwand, auskragend (KBOB.2022v5)",,,,OTHER_RESOURCE,OTHER_RESOURCE_DISPOSAL_CONSTRUCTION_MATERIAL,,39000,,,2.17,,,57.60,,,14.200,,,m2,,,c63d45fe-fa9f-4783-be81-2f678bfa1209,KBOB 2022v5,Alle > RESSOURCEN > kbob.admin.ch > KBOB / ecobau / IPB 2009/1:2022v5,
"91.079 Entsorgung, Baugrubensicherung, Rühlwand, gespriesst (KBOB.2022v5)","91.079 Entsorgung, Baugrubensicherung, Rühlwand, gespriesst (KBOB.2022v5)",,,,OTHER_RESOURCE,OTHER_RESOURCE_DISPOSAL_CONSTRUCTION_MATERIAL,,22800,,,1.26,,,33.80,,,8.260,,,m2,,,682e72b9-5360-4879-a1da-b3daf3f60eb3,KBOB 2022v5,Alle > RESSOURCEN > kbob.admin.ch > KBOB / ecobau / IPB 2009/1:2022v5,
"91.080 Entsorgung, Baugrubensicherung, Rühlwand, verankert (KBOB.2022v5)","91.080 Entsorgung, Baugrubensicherung, Rühlwand, verankert (KBOB.2022v5)",,,,OTHER_RESOURCE,OTHER_RESOURCE_DISPOSAL_CONSTRUCTION_MATERIAL,,26400,,,1.45,,,39.00,,,9.540,,,m2,,,b0c410a0-4c6c-4713-bffd-81c6ae5a70ae,KBOB 2022v5,Alle > RESSOURCEN > kbob.admin.ch > KBOB / ecobau / IPB 2009/1:2022v5,
"91.081 Entsorgung, Baugrubensicherung, Schlitzwand, 400mm (KBOB.2022v5)","91.081 Entsorgung, Baugrubensicherung, Schlitzwand, 400mm (KBOB.2022v5)",,,,OTHER_RESOURCE,OTHER_RESOURCE_DISPOSAL_CONSTRUCTION_MATERIAL,,84200,,,4.63,,,124.00,,,30.300,,,m2,,,ad48cbe8-45f5-4b3f-8ad1-30b82c66a724,KBOB 2022v5,Alle > RESSOURCEN > kbob.admin.ch > KBOB / ecobau / IPB 2009/1:2022v5,
"91.082 Entsorgung, Baugrubensicherung, Schlitzwand, 800mm (KBOB.2022v5)","91.082 Entsorgung, Baugrubensicherung, Schlitzwand, 800mm (KBOB.2022v5)",,,,OTHER_RESOURCE,OTHER_RESOURCE_DISPOSAL_CONSTRUCTION_MATERIAL,,166000,,,9.13,,,245.00,,,59.900,,,m2,,,cdee8745-0ef3-4ea7-ae6a-3b43b90438c3,KBOB 2022v5,Alle > RESSOURCEN > kbob.admin.ch > KBOB / ecobau / IPB 2009/1:2022v5,
"91.083 Entsorgung, Baugrubensicherung, Spundwand, auskragend (KBOB.2022v5)","91.083 Entsorgung, Baugrubensicherung, Spundwand, auskragend (KBOB.2022v5)",,,,OTHER_RESOURCE,OTHER_RESOURCE_DISPOSAL_CONSTRUCTION_MATERIAL,,1690,,,0.09,,,4.16,,,1.060,,,m2,,,08044c3f-ac5f-46c1-9102-332b17c5a007,KBOB 2022v5,Alle > RESSOURCEN > kbob.admin.ch > KBOB / ecobau / IPB 2009/1:2022v5,
"91.084 Entsorgung, Baugrubensicherung, Spundwand, gespriesst (KBOB.2022v5)","91.084 Entsorgung, Baugrubensicherung, Spundwand, gespriesst (KBOB.2022v5)",,,,OTHER_RESOURCE,OTHER_RESOURCE_DISPOSAL_CONSTRUCTION_MATERIAL,,926,,,0.05,,,2.28,,,0.580,,,m2,,,3349bf62-de58-42dd-9789-e719d7f794c7,KBOB 2022v5,Alle > RESSOURCEN > kbob.admin.ch > KBOB / ecobau / IPB 2009/1:2022v5,
"91.085 Entsorgung, Baugrubensicherung, Spundwand, verankert (KBOB.2022v5)","91.085 Entsorgung, Baugrubensicherung, Spundwand, verankert (KBOB.2022v5)",,,,OTHER_RESOURCE,OTHER_RESOURCE_DISPOSAL_CONSTRUCTION_MATERIAL,,5450,,,0.30,,,10.00,,,2.490,,,m2,,,f160a202-597d-4644-9fc3-26ddac9bdacd,KBOB 2022v5,Alle > RESSOURCEN > kbob.admin.ch > KBOB / ecobau / IPB 2009/1:2022v5,
"91.086 Entsorgung, Tiefgründung, Mikrobohrpfahl (KBOB.2022v5)","91.086 Entsorgung, Tiefgründung, Mikrobohrpfahl (KBOB.2022v5)",,,,OTHER_RESOURCE,OTHER_RESOURCE_DISPOSAL_CONSTRUCTION_MATERIAL,,0,,,0.00,,,0.00,,,0.000,,,m,,,81a359c4-b208-4e5d-9958-b24b6dea0eef,KBOB 2022v5,Alle > RESSOURCEN > kbob.admin.ch > KBOB / ecobau / IPB 2009/1:2022v5,
"91.087 Entsorgung, Tiefgründung, Ortbetonbohrpfahl, 700 mm (KBOB.2022v5)","91.087 Entsorgung, Tiefgründung, Ortbetonbohrpfahl, 700 mm (KBOB.2022v5)",,,,OTHER_RESOURCE,OTHER_RESOURCE_DISPOSAL_CONSTRUCTION_MATERIAL,,0,,,0.00,,,0.00,,,0.000,,,m,,,82e5cfa1-3a50-4ae4-ac65-8e990536633d,KBOB 2022v5,Alle > RESSOURCEN > kbob.admin.ch > KBOB / ecobau / IPB 2009/1:2022v5,
"91.088 Entsorgung, Tiefgründung, Ortbetonbohrpfahl, 900 mm (KBOB.2022v5)","91.088 Entsorgung, Tiefgründung, Ortbetonbohrpfahl, 900 mm (KBOB.2022v5)",,,,OTHER_RESOURCE,OTHER_RESOURCE_DISPOSAL_CONSTRUCTION_MATERIAL,,0,,,0.00,,,0.00,,,0.000,,,m,,,982fa366-70c1-4b05-9ec8-76533c8a9fe1,KBOB 2022v5,Alle > RESSOURCEN > kbob.admin.ch > KBOB / ecobau / IPB 2009/1:2022v5,
"91.089 Entsorgung, Tiefgründung, Ortbetonbohrpfahl, 1200 mm (KBOB.2022v5)","91.089 Entsorgung, Tiefgründung, Ortbetonbohrpfahl, 1200 mm (KBOB.2022v5)",,,,OTHER_RESOURCE,OTHER_RESOURCE_DISPOSAL_CONSTRUCTION_MATERIAL,,0,,,0.00,,,0.00,,,0.000,,,m,,,e225d4b1-626a-40cc-818d-76456a2e9133,KBOB 2022v5,Alle > RESSOURCEN > kbob.admin.ch > KBOB / ecobau / IPB 2009/1:2022v5,
"91.090 Entsorgung, Tiefgründung, Ortbetonverdrängungspfahl 560/480 mm (KBOB.2022v5)","91.090 Entsorgung, Tiefgründung, Ortbetonverdrängungspfahl 560/480 mm (KBOB.2022v5)",,,,OTHER_RESOURCE,OTHER_RESOURCE_DISPOSAL_CONSTRUCTION_MATERIAL,,0,,,0.00,,,0.00,,,0.000,,,m,,,7d83892b-a870-485c-a12c-efb869530785,KBOB 2022v5,Alle > RESSOURCEN > kbob.admin.ch > KBOB / ecobau / IPB 2009/1:2022v5,
"91.091 Entsorgung, Tiefgründung, Ortbetonverdrängungspfahl 660/580 mm (KBOB.2022v5)","91.091 Entsorgung, Tiefgründung, Ortbetonverdrängungspfahl 660/580 mm (KBOB.2022v5)",,,,OTHER_RESOURCE,OTHER_RESOURCE_DISPOSAL_CONSTRUCTION_MATERIAL,,0,,,0.00,,,0.00,,,0.000,,,m,,,646af472-6029-4bfb-9c36-ab2c14ccf87d,KBOB 2022v5,Alle > RESSOURCEN > kbob.admin.ch > KBOB / ecobau / IPB 2009/1:2022v5,
"91.092 Entsorgung, Tiefgründung, Rüttelstopfsäule (KBOB.2022v5)","91.092 Entsorgung, Tiefgründung, Rüttelstopfsäule (KBOB.2022v5)",,,,OTHER_RESOURCE,OTHER_RESOURCE_DISPOSAL_CONSTRUCTION_MATERIAL,,0,,,0.00,,,0.00,,,0.000,,,m,,,5f505161-d8d3-470b-a6d1-63278715ee40,KBOB 2022v5,Alle > RESSOURCEN > kbob.admin.ch > KBOB / ecobau / IPB 2009/1:2022v5,
"91.093 Entsorgung, Tiefgründung, Vorgefertigter Betonpfahl (KBOB.2022v5)","91.093 Entsorgung, Tiefgründung, Vorgefertigter Betonpfahl (KBOB.2022v5)",,,,OTHER_RESOURCE,OTHER_RESOURCE_DISPOSAL_CONSTRUCTION_MATERIAL,,0,,,0.00,,,0.00,,,0.000,,,m,,,7b9f2135-d271-44e9-bbda-592ff42c6e43,KBOB 2022v5,Alle > RESSOURCEN > kbob.admin.ch > KBOB / ecobau / IPB 2009/1:2022v5,
"91.094 Entsorgung, Wasserhaltung, Pumphöhe 2.5 m (KBOB.2022v5)","91.094 Entsorgung, Wasserhaltung, Pumphöhe 2.5 m (KBOB.2022v5)",,,,OTHER_RESOURCE,OTHER_RESOURCE_DISPOSAL_CONSTRUCTION_MATERIAL,,0,,,0.00,,,0.00,,,0.000,,,m3,,,478c9d7e-ec47-44d4-a0d4-24f248b0de9a,KBOB 2022v5,Alle > RESSOURCEN > kbob.admin.ch > KBOB / ecobau / IPB 2009/1:2022v5,
"91.095 Entsorgung, Wasserhaltung, Pumphöhe 5 m (KBOB.2022v5)","91.095 Entsorgung, Wasserhaltung, Pumphöhe 5 m (KBOB.2022v5)",,,,OTHER_RESOURCE,OTHER_RESOURCE_DISPOSAL_CONSTRUCTION_MATERIAL,,0,,,0.00,,,0.00,,,0.000,,,m3,,,7ca08c00-8499-4067-84bb-a846dfd02252,KBOB 2022v5,Alle > RESSOURCEN > kbob.admin.ch > KBOB / ecobau / IPB 2009/1:2022v5,
"91.096 Entsorgung, Wasserhaltung, Pumphöhe 7.5 m (KBOB.2022v5)","91.096 Entsorgung, Wasserhaltung, Pumphöhe 7.5 m (KBOB.2022v5)",,,,OTHER_RESOURCE,OTHER_RESOURCE_DISPOSAL_CONSTRUCTION_MATERIAL,,0,,,0.00,,,0.00,,,0.000,,,m3,,,ca1acbbd-ce70-4794-befe-b0396a762735,KBOB 2022v5,Alle > RESSOURCEN > kbob.admin.ch > KBOB / ecobau / IPB 2009/1:2022v5,
"91.097 Entsorgung, Wasserhaltung, Pumphöhe 10 m (KBOB.2022v5)","91.097 Entsorgung, Wasserhaltung, Pumphöhe 10 m (KBOB.2022v5)",,,,OTHER_RESOURCE,OTHER_RESOURCE_DISPOSAL_CONSTRUCTION_MATERIAL,,0,,,0.00,,,0.00,,,0.000,,,m3,,,bd66de9c-f8a8-43c7-8ec9-630d9f95eaa2,KBOB 2022v5,Alle > RESSOURCEN > kbob.admin.ch > KBOB / ecobau / IPB 2009/1:2022v5,
"91.098 Entsorgung, Mörtel, Putze (KBOB.2022v5)","91.098 Entsorgung, Mörtel, Putze (KBOB.2022v5)",,,,OTHER_RESOURCE,OTHER_RESOURCE_DISPOSAL_CONSTRUCTION_MATERIAL,,43,,,0.00,,,0.05,,,0.013,,,kg,,,93a5e8bf-109a-4202-a206-d1cb0a850cfa,KBOB 2022v5,Alle > RESSOURCEN > kbob.admin.ch > KBOB / ecobau / IPB 2009/1:2022v5,
"91.099 Entsorgung, Mörtel, Putze (KBOB.2022v5)","91.099 Entsorgung, Mörtel, Putze (KBOB.2022v5)",,,,OTHER_RESOURCE,OTHER_RESOURCE_DISPOSAL_CONSTRUCTION_MATERIAL,,43,,,0.00,,,0.05,,,0.013,,,kg,,,93a5e8bf-109a-4202-a206-d1cb0a850cfa,KBOB 2022v5,Alle > RESSOURCEN > kbob.admin.ch > KBOB / ecobau / IPB 2009/1:2022v5,
"91.100 Entsorgung, Mörtel, Putze (KBOB.2022v5)","91.100 Entsorgung, Mörtel, Putze (KBOB.2022v5)",,,,OTHER_RESOURCE,OTHER_RESOURCE_DISPOSAL_CONSTRUCTION_MATERIAL,,43,,,0.00,,,0.05,,,0.013,,,kg,,,93a5e8bf-109a-4202-a206-d1cb0a850cfa,KBOB 2022v5,Alle > RESSOURCEN > kbob.admin.ch > KBOB / ecobau / IPB 2009/1:2022v5,
"91.101 Entsorgung, Baumaterialien, mineralisch, unspezifisch (KBOB.2022v5)","91.101 Entsorgung, Baumaterialien, mineralisch, unspezifisch (KBOB.2022v5)",,,,OTHER_RESOURCE,OTHER_RESOURCE_DISPOSAL_CONSTRUCTION_MATERIAL,,43,,,0.00,,,0.05,,,0.013,,,kg,,,4d884042-c49f-4e3d-956e-c7dba78e4558,KBOB 2022v5,Alle > RESSOURCEN > kbob.admin.ch > KBOB / ecobau / IPB 2009/1:2022v5,
"91.102 Entsorgung, Baumaterialien, mineralisch, unspezifisch (KBOB.2022v5)","91.102 Entsorgung, Baumaterialien, mineralisch, unspezifisch (KBOB.2022v5)",,,,OTHER_RESOURCE,OTHER_RESOURCE_DISPOSAL_CONSTRUCTION_MATERIAL,,43,,,0.00,,,0.05,,,0.013,,,kg,,,4d884042-c49f-4e3d-956e-c7dba78e4558,KBOB 2022v5,Alle > RESSOURCEN > kbob.admin.ch > KBOB / ecobau / IPB 2009/1:2022v5,
"91.103 Entsorgung, Fassadenplatte, Aluverbund, 4 mm (KBOB.2022v5)","91.103 Entsorgung, Fassadenplatte, Aluverbund, 4 mm (KBOB.2022v5)",,,,OTHER_RESOURCE,OTHER_RESOURCE_DISPOSAL_CONSTRUCTION_MATERIAL,,8270,,,0.05,,,0.87,,,7.650,,,m2,,,a2152355-16b7-4e33-997d-b9c7520a5360,KBOB 2022v5,Alle > RESSOURCEN > kbob.admin.ch > KBOB / ecobau / IPB 2009/1:2022v5,
"91.104 Entsorgung, Sonnenschutz, Ausstellstoren motorisiert (KBOB.2022v5)","91.104 Entsorgung, Sonnenschutz, Ausstellstoren motorisiert (KBOB.2022v5)",,,,OTHER_RESOURCE,OTHER_RESOURCE_DISPOSAL_CONSTRUCTION_MATERIAL,,2110,,,0.03,,,0.54,,,1.910,,,m2,,,14c17dd3-c748-4c9f-b1c1-3b69c44ebe37,KBOB 2022v5,Alle > RESSOURCEN > kbob.admin.ch > KBOB / ecobau / IPB 2009/1:2022v5,
"91.105 Entsorgung, Gebäude, Fensterrahmen, Aluminium (KBOB.2022v5)","91.105 Entsorgung, Gebäude, Fensterrahmen, Aluminium (KBOB.2022v5)",,,,OTHER_RESOURCE,OTHER_RESOURCE_DISPOSAL_CONSTRUCTION_MATERIAL,,16200,,,0.11,,,1.98,,,14.900,,,m2,,,fe8c885f-217a-4c9a-a4d5-248da90ff7fe,KBOB 2022v5,Alle > RESSOURCEN > kbob.admin.ch > KBOB / ecobau / IPB 2009/1:2022v5,
"91.105.01 Entsorgung, Gebäude, Fensterrahmen Aluminium, WICLINE 75evo, hergestellt mit Hydro CIRCAL 75R (KBOB.2022v5)","91.105.01 Entsorgung, Gebäude, Fensterrahmen Aluminium, WICLINE 75evo, hergestellt mit Hydro CIRCAL 75R (KBOB.2022v5)",,,,OTHER_RESOURCE,OTHER_RESOURCE_DISPOSAL_CONSTRUCTION_MATERIAL,,6240,,,0.02,,,0.48,,,5.980,,,m2,,,6f76addf-4512-41ee-bdd2-7a83efc813c8,KBOB 2022v5,Alle > RESSOURCEN > kbob.admin.ch > KBOB / ecobau / IPB 2009/1:2022v5,
"91.106 Entsorgung, HPL-Fassadenplatten (KBOB.2022v5)","91.106 Entsorgung, HPL-Fassadenplatten (KBOB.2022v5)",,,,OTHER_RESOURCE,OTHER_RESOURCE_DISPOSAL_CONSTRUCTION_MATERIAL,,15000,,,0.21,,,3.05,,,12.600,,,m2,,,b2b4a259-2d73-476b-90e2-71ab78c401cf,KBOB 2022v5,Alle > RESSOURCEN > kbob.admin.ch > KBOB / ecobau / IPB 2009/1:2022v5,
"91.107 Entsorgung, Isolierverglasung 2-fach, Ug-Wert 1.1 W/m2K, Dicke 18 mm (KBOB.2022v5)","91.107 Entsorgung, Isolierverglasung 2-fach, Ug-Wert 1.1 W/m2K, Dicke 18 mm (KBOB.2022v5)",,,,OTHER_RESOURCE,OTHER_RESOURCE_DISPOSAL_CONSTRUCTION_MATERIAL,,4090,,,0.27,,,2.58,,,2.840,,,m2,,,d4466292-b968-457d-b1a5-25c9ebdce5f5,KBOB 2022v5,Alle > RESSOURCEN > kbob.admin.ch > KBOB / ecobau / IPB 2009/1:2022v5,
"91.108 Entsorgung, Isolierverglasung 2-fach, Float/ESG, Ug-Wert 1.1 W/m2K, Dicke 24 mm (KBOB.2022v5)","91.108 Entsorgung, Isolierverglasung 2-fach, Float/ESG, Ug-Wert 1.1 W/m2K, Dicke 24 mm (KBOB.2022v5)",,,,OTHER_RESOURCE,OTHER_RESOURCE_DISPOSAL_CONSTRUCTION_MATERIAL,,4910,,,0.28,,,2.66,,,3.600,,,m2,,,99f9afb8-ad57-4766-96c8-feae3ecb4293,KBOB 2022v5,Alle > RESSOURCEN > kbob.admin.ch > KBOB / ecobau / IPB 2009/1:2022v5,
"91.109 Entsorgung, Isolierverglasung 2-fach, Float/ESG/VSG, Ug-Wert 1.1 W/m2K (KBOB.2022v5)","91.109 Entsorgung, Isolierverglasung 2-fach, Float/ESG/VSG, Ug-Wert 1.1 W/m2K (KBOB.2022v5)",,,,OTHER_RESOURCE,OTHER_RESOURCE_DISPOSAL_CONSTRUCTION_MATERIAL,,8730,,,0.42,,,4.12,,,6.680,,,m2,,,729e5258-8c92-425c-b5fb-cda724c5a3c9,KBOB 2022v5,Alle > RESSOURCEN > kbob.admin.ch > KBOB / ecobau / IPB 2009/1:2022v5,
"91.110 Entsorgung, Isolierverglasung 3-fach, Ug-Wert 0.6 W/m2K, Dicke 40 mm (KBOB.2022v5)","91.110 Entsorgung, Isolierverglasung 3-fach, Ug-Wert 0.6 W/m2K, Dicke 40 mm (KBOB.2022v5)",,,,OTHER_RESOURCE,OTHER_RESOURCE_DISPOSAL_CONSTRUCTION_MATERIAL,,7680,,,0.42,,,4.02,,,5.700,,,m2,,,87a93f0c-893b-4e50-837c-d0cf0cd30887,KBOB 2022v5,Alle > RESSOURCEN > kbob.admin.ch > KBOB / ecobau / IPB 2009/1:2022v5,
"91.111 Entsorgung, Isolierverglasung 3-fach, Ug-Wert 0.6 W/m2K, Dicke 40 mm (KBOB.2022v5)","91.111 Entsorgung, Isolierverglasung 3-fach, Ug-Wert 0.6 W/m2K, Dicke 40 mm (KBOB.2022v5)",,,,OTHER_RESOURCE,OTHER_RESOURCE_DISPOSAL_CONSTRUCTION_MATERIAL,,7680,,,0.42,,,4.02,,,5.700,,,m2,,,87a93f0c-893b-4e50-837c-d0cf0cd30887,KBOB 2022v5,Alle > RESSOURCEN > kbob.admin.ch > KBOB / ecobau / IPB 2009/1:2022v5,
"91.112 Entsorgung, Isolierverglasung 3-fach, Ug-Wert 0.6 W/m2K, Dicke 40 mm (KBOB.2022v5)","91.112 Entsorgung, Isolierverglasung 3-fach, Ug-Wert 0.6 W/m2K, Dicke 40 mm (KBOB.2022v5)",,,,OTHER_RESOURCE,OTHER_RESOURCE_DISPOSAL_CONSTRUCTION_MATERIAL,,7680,,,0.42,,,4.02,,,5.700,,,m2,,,87a93f0c-893b-4e50-837c-d0cf0cd30887,KBOB 2022v5,Alle > RESSOURCEN > kbob.admin.ch > KBOB / ecobau / IPB 2009/1:2022v5,
"91.113 Entsorgung, Isolierverglasung 3-fach, Float/ESG/VSG, Ug-Wert 0.6 W/m2K (KBOB.2022v5)","91.113 Entsorgung, Isolierverglasung 3-fach, Float/ESG/VSG, Ug-Wert 0.6 W/m2K (KBOB.2022v5)",,,,OTHER_RESOURCE,OTHER_RESOURCE_DISPOSAL_CONSTRUCTION_MATERIAL,,11500,,,0.56,,,5.48,,,8.780,,,m2,,,d238b2e0-d242-4109-828b-ce9cb5cd24bc,KBOB 2022v5,Alle > RESSOURCEN > kbob.admin.ch > KBOB / ecobau / IPB 2009/1:2022v5,
"91.114 Entsorgung, Isolierverglasung 3-fach, Float/ESG/VSG, Ug-Wert 0.6 W/m2K (KBOB.2022v5)","91.114 Entsorgung, Isolierverglasung 3-fach, Float/ESG/VSG, Ug-Wert 0.6 W/m2K (KBOB.2022v5)",,,,OTHER_RESOURCE,OTHER_RESOURCE_DISPOSAL_CONSTRUCTION_MATERIAL,,11500,,,0.56,,,5.48,,,8.780,,,m2,,,d238b2e0-d242-4109-828b-ce9cb5cd24bc,KBOB 2022v5,Alle > RESSOURCEN > kbob.admin.ch > KBOB / ecobau / IPB 2009/1:2022v5,
"91.115 Entsorgung, Sonnenschutz, Lamellenstoren motorisiert (KBOB.2022v5)","91.115 Entsorgung, Sonnenschutz, Lamellenstoren motorisiert (KBOB.2022v5)",,,,OTHER_RESOURCE,OTHER_RESOURCE_DISPOSAL_CONSTRUCTION_MATERIAL,,1620,,,0.03,,,0.43,,,1.470,,,m2,,,ddda1cdf-e89b-494e-b873-b0659df41cf2,KBOB 2022v5,Alle > RESSOURCEN > kbob.admin.ch > KBOB / ecobau / IPB 2009/1:2022v5,
"91.116 Entsorgung, Putzträgerplatte kunstharzgebunden (KBOB.2022v5)","91.116 Entsorgung, Putzträgerplatte kunstharzgebunden (KBOB.2022v5)",,,,OTHER_RESOURCE,OTHER_RESOURCE_DISPOSAL_CONSTRUCTION_MATERIAL,,268,,,0.01,,,0.33,,,0.080,,,m2,,,50a54c67-de9a-46b2-ab7e-1d8696e19274,KBOB 2022v5,Alle > RESSOURCEN > kbob.admin.ch > KBOB / ecobau / IPB 2009/1:2022v5,
"91.117 Entsorgung, Putzträgerplatte mineralisch gebunden (KBOB.2022v5)","91.117 Entsorgung, Putzträgerplatte mineralisch gebunden (KBOB.2022v5)",,,,OTHER_RESOURCE,OTHER_RESOURCE_DISPOSAL_CONSTRUCTION_MATERIAL,,612,,,0.03,,,0.76,,,0.183,,,m2,,,5b0ca6d0-723a-4248-9751-fa32f78fbda9,KBOB 2022v5,Alle > RESSOURCEN > kbob.admin.ch > KBOB / ecobau / IPB 2009/1:2022v5,
"91.118 Entsorgung, Sonnenschutz, Rollladen motorisiert (KBOB.2022v5)","91.118 Entsorgung, Sonnenschutz, Rollladen motorisiert (KBOB.2022v5)",,,,OTHER_RESOURCE,OTHER_RESOURCE_DISPOSAL_CONSTRUCTION_MATERIAL,,800,,,0.02,,,0.41,,,0.694,,,m2,,,777bf620-1820-4379-bd61-90b504263dd5,KBOB 2022v5,Alle > RESSOURCEN > kbob.admin.ch > KBOB / ecobau / IPB 2009/1:2022v5,
"91.119 Entsorgung, Aerogel-Vlies (KBOB.2022v5)","91.119 Entsorgung, Aerogel-Vlies (KBOB.2022v5)",,,,OTHER_RESOURCE,OTHER_RESOURCE_DISPOSAL_CONSTRUCTION_MATERIAL,,408,,,0.01,,,0.17,,,0.289,,,kg,,,2d970d5f-06b6-432b-b610-d591b65d087e,KBOB 2022v5,Alle > RESSOURCEN > kbob.admin.ch > KBOB / ecobau / IPB 2009/1:2022v5,
"91.120 Entsorgung, Baumaterialien, mineralisch, unspezifisch (KBOB.2022v5)","91.120 Entsorgung, Baumaterialien, mineralisch, unspezifisch (KBOB.2022v5)",,,,OTHER_RESOURCE,OTHER_RESOURCE_DISPOSAL_CONSTRUCTION_MATERIAL,,43,,,0.00,,,0.05,,,0.013,,,kg,,,4d884042-c49f-4e3d-956e-c7dba78e4558,KBOB 2022v5,Alle > RESSOURCEN > kbob.admin.ch > KBOB / ecobau / IPB 2009/1:2022v5,
"91.121 Entsorgung, Flachsfaser-Dämmung (KBOB.2022v5)","91.121 Entsorgung, Flachsfaser-Dämmung (KBOB.2022v5)",,,,OTHER_RESOURCE,OTHER_RESOURCE_DISPOSAL_CONSTRUCTION_MATERIAL,,370,,,0.01,,,0.15,,,0.235,,,kg,,,faf83785-ff24-4c48-93b4-5bce2980f09f,KBOB 2022v5,Alle > RESSOURCEN > kbob.admin.ch > KBOB / ecobau / IPB 2009/1:2022v5,
"91.122 Entsorgungsmix, Strohballenwand (KBOB.2022v5)","91.122 Entsorgungsmix, Strohballenwand (KBOB.2022v5)",,,,OTHER_RESOURCE,OTHER_RESOURCE_DISPOSAL_CONSTRUCTION_MATERIAL,,0,,,0.00,,,0.00,,,0.000,,,kg,,,037e9c7e-1615-48e1-9c43-fc8a0121a87c,KBOB 2022v5,Alle > RESSOURCEN > kbob.admin.ch > KBOB / ecobau / IPB 2009/1:2022v5,
"91.123 Entsorgung, Abfalltrennsystem (KBOB.2022v5)","91.123 Entsorgung, Abfalltrennsystem (KBOB.2022v5)",,,,OTHER_RESOURCE,OTHER_RESOURCE_DISPOSAL_CONSTRUCTION_MATERIAL,,8760,,,0.05,,,0.87,,,8.130,,,Stk.,,,7573f608-a7a7-4039-b885-8057b596d3c9,KBOB 2022v5,Alle > RESSOURCEN > kbob.admin.ch > KBOB / ecobau / IPB 2009/1:2022v5,
"91.124 Entsorgung, Arbeitsplatte Chromstahl, Standard (KBOB.2022v5)","91.124 Entsorgung, Arbeitsplatte Chromstahl, Standard (KBOB.2022v5)",,,,OTHER_RESOURCE,OTHER_RESOURCE_DISPOSAL_CONSTRUCTION_MATERIAL,,1420,,,0.08,,,1.47,,,1.050,,,m2,,,3f154c07-dffa-4c23-afc0-22b4aa93fe24,KBOB 2022v5,Alle > RESSOURCEN > kbob.admin.ch > KBOB / ecobau / IPB 2009/1:2022v5,
"91.125 Entsorgung, Arbeitsplatte Kompositwerkstoff (auf Aluminiumhydroxidbasis) (KBOB.2022v5)","91.125 Entsorgung, Arbeitsplatte Kompositwerkstoff (auf Aluminiumhydroxidbasis) (KBOB.2022v5)",,,,OTHER_RESOURCE,OTHER_RESOURCE_DISPOSAL_CONSTRUCTION_MATERIAL,,20800,,,0.24,,,4.49,,,19.200,,,m2,,,01916c88-5c61-40bd-a52e-e2a3448897be,KBOB 2022v5,Alle > RESSOURCEN > kbob.admin.ch > KBOB / ecobau / IPB 2009/1:2022v5,
"91.126 Entsorgung, Arbeitsplatte kunstharzbeschichtet (KBOB.2022v5)","91.126 Entsorgung, Arbeitsplatte kunstharzbeschichtet (KBOB.2022v5)",,,,OTHER_RESOURCE,OTHER_RESOURCE_DISPOSAL_CONSTRUCTION_MATERIAL,,1550,,,0.08,,,1.25,,,1.200,,,m2,,,acd8c65f-0258-4eef-8354-f2df3d0bbd18,KBOB 2022v5,Alle > RESSOURCEN > kbob.admin.ch > KBOB / ecobau / IPB 2009/1:2022v5,
"91.127 Entsorgung, Arbeitsplatte Massivholz (KBOB.2022v5)","91.127 Entsorgung, Arbeitsplatte Massivholz (KBOB.2022v5)",,,,OTHER_RESOURCE,OTHER_RESOURCE_DISPOSAL_CONSTRUCTION_MATERIAL,,1480,,,0.14,,,2.09,,,0.915,,,m2,,,af2339f9-4255-423e-8797-638d1aff6c87,KBOB 2022v5,Alle > RESSOURCEN > kbob.admin.ch > KBOB / ecobau / IPB 2009/1:2022v5,
"91.128 Entsorgung, Baumaterialien, mineralisch, unspezifisch (KBOB.2022v5)","91.128 Entsorgung, Baumaterialien, mineralisch, unspezifisch (KBOB.2022v5)",,,,OTHER_RESOURCE,OTHER_RESOURCE_DISPOSAL_CONSTRUCTION_MATERIAL,,43,,,0.00,,,0.05,,,0.013,,,kg,,,4d884042-c49f-4e3d-956e-c7dba78e4558,KBOB 2022v5,Alle > RESSOURCEN > kbob.admin.ch > KBOB / ecobau / IPB 2009/1:2022v5,
"91.129 Entsorgung, Dampfabzug (KBOB.2022v5)","91.129 Entsorgung, Dampfabzug (KBOB.2022v5)",,,,OTHER_RESOURCE,OTHER_RESOURCE_DISPOSAL_CONSTRUCTION_MATERIAL,,17700,,,0.04,,,1.31,,,17.100,,,Stk.,,,2cdb2aed-b63e-493d-bd30-b1acc2b9d7b8,KBOB 2022v5,Alle > RESSOURCEN > kbob.admin.ch > KBOB / ecobau / IPB 2009/1:2022v5,
"91.130 Entsorgung, Küche, Massivholz, 16-teilig (KBOB.2022v5)","91.130 Entsorgung, Küche, Massivholz, 16-teilig (KBOB.2022v5)",,,,OTHER_RESOURCE,OTHER_RESOURCE_DISPOSAL_CONSTRUCTION_MATERIAL,,62600,,,2.49,,,38.30,,,51.300,,,Stk.,,,2283f375-c34e-4b4d-9439-a0e521c88060,KBOB 2022v5,Alle > RESSOURCEN > kbob.admin.ch > KBOB / ecobau / IPB 2009/1:2022v5,
"91.131 Entsorgung, Küche, Metall, 16-teilig (KBOB.2022v5)","91.131 Entsorgung, Küche, Metall, 16-teilig (KBOB.2022v5)",,,,OTHER_RESOURCE,OTHER_RESOURCE_DISPOSAL_CONSTRUCTION_MATERIAL,,54300,,,0.26,,,5.13,,,51.000,,,Stk.,,,b3ded809-9658-4b32-aaf8-8135c648ec4f,KBOB 2022v5,Alle > RESSOURCEN > kbob.admin.ch > KBOB / ecobau / IPB 2009/1:2022v5,
"91.132 Entsorgung, Küche, Spanplatte, 16-teilig (KBOB.2022v5)","91.132 Entsorgung, Küche, Spanplatte, 16-teilig (KBOB.2022v5)",,,,OTHER_RESOURCE,OTHER_RESOURCE_DISPOSAL_CONSTRUCTION_MATERIAL,,91000,,,3.53,,,56.20,,,74.800,,,Stk.,,,cb9debb6-596a-4165-8b4e-b1b8fa2ba75f,KBOB 2022v5,Alle > RESSOURCEN > kbob.admin.ch > KBOB / ecobau / IPB 2009/1:2022v5,
"91.133 Entsorgung, Spüle Chromstahl (KBOB.2022v5)","91.133 Entsorgung, Spüle Chromstahl (KBOB.2022v5)",,,,OTHER_RESOURCE,OTHER_RESOURCE_DISPOSAL_CONSTRUCTION_MATERIAL,,5330,,,0.04,,,0.71,,,4.920,,,Stk.,,,1c10aa94-be14-4423-b831-60da23feb448,KBOB 2022v5,Alle > RESSOURCEN > kbob.admin.ch > KBOB / ecobau / IPB 2009/1:2022v5,
"91.134 Entsorgung, Spüle Kompositwerkstoff (auf Gesteinsmehlbasis) (KBOB.2022v5)","91.134 Entsorgung, Spüle Kompositwerkstoff (auf Gesteinsmehlbasis) (KBOB.2022v5)",,,,OTHER_RESOURCE,OTHER_RESOURCE_DISPOSAL_CONSTRUCTION_MATERIAL,,595,,,0.03,,,0.74,,,0.178,,,Stk.,,,ba4d673f-f8a5-4eba-8e33-f62908f025a6,KBOB 2022v5,Alle > RESSOURCEN > kbob.admin.ch > KBOB / ecobau / IPB 2009/1:2022v5,
"91.135 Entsorgung, Fassade, Pfosten-Riegel, Alu/Glas (KBOB.2022v5)","91.135 Entsorgung, Fassade, Pfosten-Riegel, Alu/Glas (KBOB.2022v5)",,,,OTHER_RESOURCE,OTHER_RESOURCE_DISPOSAL_CONSTRUCTION_MATERIAL,,15500,,,0.49,,,5.23,,,13.100,,,m2,,,40c388ca-1b6c-4cc4-850d-133764ad0fa8,KBOB 2022v5,Alle > RESSOURCEN > kbob.admin.ch > KBOB / ecobau / IPB 2009/1:2022v5,
"91.136 Entsorgung, Baumaterialien, mineralisch, unspezifisch (KBOB.2022v5)","91.136 Entsorgung, Baumaterialien, mineralisch, unspezifisch (KBOB.2022v5)",,,,OTHER_RESOURCE,OTHER_RESOURCE_DISPOSAL_CONSTRUCTION_MATERIAL,,43,,,0.00,,,0.05,,,0.013,,,kg,,,4d884042-c49f-4e3d-956e-c7dba78e4558,KBOB 2022v5,Alle > RESSOURCEN > kbob.admin.ch > KBOB / ecobau / IPB 2009/1:2022v5,
"91.137 Entsorgung, Faserzement (KBOB.2022v5)","91.137 Entsorgung, Faserzement (KBOB.2022v5)",,,,OTHER_RESOURCE,OTHER_RESOURCE_DISPOSAL_CONSTRUCTION_MATERIAL,,68,,,0.00,,,0.05,,,0.013,,,kg,,,54944784-a169-4fcd-9f95-272358f13be2,KBOB 2022v5,Alle > RESSOURCEN > kbob.admin.ch > KBOB / ecobau / IPB 2009/1:2022v5,
"91.138 Entsorgung, Ziegel (KBOB.2022v5)","91.138 Entsorgung, Ziegel (KBOB.2022v5)",,,,OTHER_RESOURCE,OTHER_RESOURCE_DISPOSAL_CONSTRUCTION_MATERIAL,,36,,,0.00,,,0.05,,,0.013,,,kg,,,7e214a50-cc8b-4c38-ba43-5bf194b0c562,KBOB 2022v5,Alle > RESSOURCEN > kbob.admin.ch > KBOB / ecobau / IPB 2009/1:2022v5,
"91.139 Entsorgung, Mörtel, Putze (KBOB.2022v5)","91.139 Entsorgung, Mörtel, Putze (KBOB.2022v5)",,,,OTHER_RESOURCE,OTHER_RESOURCE_DISPOSAL_CONSTRUCTION_MATERIAL,,43,,,0.00,,,0.05,,,0.013,,,kg,,,93a5e8bf-109a-4202-a206-d1cb0a850cfa,KBOB 2022v5,Alle > RESSOURCEN > kbob.admin.ch > KBOB / ecobau / IPB 2009/1:2022v5,
"91.140 Entsorgung, Fassade, mineralisch, Kalkstein (KBOB.2022v5)","91.140 Entsorgung, Fassade, mineralisch, Kalkstein (KBOB.2022v5)",,,,OTHER_RESOURCE,OTHER_RESOURCE_DISPOSAL_CONSTRUCTION_MATERIAL,,3310,,,0.17,,,4.10,,,0.989,,,m2,,,d11f16cc-563a-4635-866b-e1d595c299fa,KBOB 2022v5,Alle > RESSOURCEN > kbob.admin.ch > KBOB / ecobau / IPB 2009/1:2022v5,
"91.141 Entsorgung, Nichteisenmetalle (KBOB.2022v5)","91.141 Entsorgung, Nichteisenmetalle (KBOB.2022v5)",,,,OTHER_RESOURCE,OTHER_RESOURCE_DISPOSAL_CONSTRUCTION_MATERIAL,,20,,,0.00,,,0.03,,,0.008,,,kg,,,0021359e-e3f5-407e-9614-77dc5996b2a3,KBOB 2022v5,Alle > RESSOURCEN > kbob.admin.ch > KBOB / ecobau / IPB 2009/1:2022v5,
"91.142 Entsorgung, Armierungsstahl (KBOB.2022v5)","91.142 Entsorgung, Armierungsstahl (KBOB.2022v5)",,,,OTHER_RESOURCE,OTHER_RESOURCE_DISPOSAL_CONSTRUCTION_MATERIAL,,20,,,0.00,,,0.05,,,0.012,,,kg,,,74342283-a09d-4b68-bf6d-84790d0d0e4a,KBOB 2022v5,Alle > RESSOURCEN > kbob.admin.ch > KBOB / ecobau / IPB 2009/1:2022v5,
"91.143 Entsorgung, Stahl (KBOB.2022v5)","91.143 Entsorgung, Stahl (KBOB.2022v5)",,,,OTHER_RESOURCE,OTHER_RESOURCE_DISPOSAL_CONSTRUCTION_MATERIAL,,11,,,0.00,,,0.03,,,0.007,,,kg,,,28742fa8-00ad-430f-b715-57692bb97188,KBOB 2022v5,Alle > RESSOURCEN > kbob.admin.ch > KBOB / ecobau / IPB 2009/1:2022v5,
"91.144 Entsorgung, Verbundmaterialien, organisch-mineralisch (KBOB.2022v5)","91.144 Entsorgung, Verbundmaterialien, organisch-mineralisch (KBOB.2022v5)",,,,OTHER_RESOURCE,OTHER_RESOURCE_DISPOSAL_CONSTRUCTION_MATERIAL,,85,,,0.01,,,0.17,,,0.036,,,kg,,,97eb1ae9-6aa7-463e-b374-d0393e7677ed,KBOB 2022v5,Alle > RESSOURCEN > kbob.admin.ch > KBOB / ecobau / IPB 2009/1:2022v5,
"91.145 Entsorgung, Spanplatte, 10% Bindemittel (KBOB.2022v5)","91.145 Entsorgung, Spanplatte, 10% Bindemittel (KBOB.2022v5)",,,,OTHER_RESOURCE,OTHER_RESOURCE_DISPOSAL_CONSTRUCTION_MATERIAL,,106,,,0.01,,,0.10,,,0.080,,,kg,,,24661f49-326f-4468-a418-3eb02ae57034,KBOB 2022v5,Alle > RESSOURCEN > kbob.admin.ch > KBOB / ecobau / IPB 2009/1:2022v5,
"91.146 Entsorgung, Kleb-, Dichtstoffe, Anstriche (KBOB.2022v5)","91.146 Entsorgung, Kleb-, Dichtstoffe, Anstriche (KBOB.2022v5)",,,,OTHER_RESOURCE,OTHER_RESOURCE_DISPOSAL_CONSTRUCTION_MATERIAL,,236,,,0.00,,,0.06,,,0.187,,,kg,,,2bee840a-b381-44bb-94a8-768b61249e6e,KBOB 2022v5,Alle > RESSOURCEN > kbob.admin.ch > KBOB / ecobau / IPB 2009/1:2022v5,
"91.147 Entsorgung, Dichtungsbahnen und Schutzfolien, EPDM (KBOB.2022v5)","91.147 Entsorgung, Dichtungsbahnen und Schutzfolien, EPDM (KBOB.2022v5)",,,,OTHER_RESOURCE,OTHER_RESOURCE_DISPOSAL_CONSTRUCTION_MATERIAL,,3240,,,0.01,,,0.22,,,3.100,,,kg,,,5de93f24-3849-4152-a42c-d10d5208c228,KBOB 2022v5,Alle > RESSOURCEN > kbob.admin.ch > KBOB / ecobau / IPB 2009/1:2022v5,
"91.148 Entsorgung, Dichtungsbahnen und Schutzfolien, Polyolefin (KBOB.2022v5)","91.148 Entsorgung, Dichtungsbahnen und Schutzfolien, Polyolefin (KBOB.2022v5)",,,,OTHER_RESOURCE,OTHER_RESOURCE_DISPOSAL_CONSTRUCTION_MATERIAL,,2810,,,0.01,,,0.21,,,2.670,,,kg,,,0da2c550-2b2f-4c45-a6dc-241faeb1c1f2,KBOB 2022v5,Alle > RESSOURCEN > kbob.admin.ch > KBOB / ecobau / IPB 2009/1:2022v5,
"91.149 Entsorgung, Kraft-Papier (KBOB.2022v5)","91.149 Entsorgung, Kraft-Papier (KBOB.2022v5)",,,,OTHER_RESOURCE,OTHER_RESOURCE_DISPOSAL_CONSTRUCTION_MATERIAL,,206,,,0.01,,,0.17,,,0.058,,,kg,,,f41438d7-0f87-40c3-8c32-60d918767c1a,KBOB 2022v5,Alle > RESSOURCEN > kbob.admin.ch > KBOB / ecobau / IPB 2009/1:2022v5,
"91.150 Entsorgung, Korkplatte (KBOB.2022v5)","91.150 Entsorgung, Korkplatte (KBOB.2022v5)",,,,OTHER_RESOURCE,OTHER_RESOURCE_DISPOSAL_CONSTRUCTION_MATERIAL,,172,,,0.01,,,0.15,,,0.039,,,kg,,,4489bc31-62a9-4c01-9519-08e09867ed4c,KBOB 2022v5,Alle > RESSOURCEN > kbob.admin.ch > KBOB / ecobau / IPB 2009/1:2022v5,
"91.151 Entsorgung, Dämmstoff, organisch, Polystyrol (KBOB.2022v5)","91.151 Entsorgung, Dämmstoff, organisch, Polystyrol (KBOB.2022v5)",,,,OTHER_RESOURCE,OTHER_RESOURCE_DISPOSAL_CONSTRUCTION_MATERIAL,,3280,,,0.01,,,0.20,,,3.090,,,kg,,,1e192cce-42ea-4a95-b0c4-e194a105d2c3,KBOB 2022v5,Alle > RESSOURCEN > kbob.admin.ch > KBOB / ecobau / IPB 2009/1:2022v5,
"91.152 Entsorgung, Keramikziegel (KBOB.2022v5)","91.152 Entsorgung, Keramikziegel (KBOB.2022v5)",,,,OTHER_RESOURCE,OTHER_RESOURCE_DISPOSAL_CONSTRUCTION_MATERIAL,,13800,,,0.72,,,17.00,,,4.110,,,m2,,,ad5b0a1d-aa8a-4a81-bc6a-8aaa57c55d32,KBOB 2022v5,Alle > RESSOURCEN > kbob.admin.ch > KBOB / ecobau / IPB 2009/1:2022v5,
"91.153 Entsorgung, Kunststeinziegel (KBOB.2022v5)","91.153 Entsorgung, Kunststeinziegel (KBOB.2022v5)",,,,OTHER_RESOURCE,OTHER_RESOURCE_DISPOSAL_CONSTRUCTION_MATERIAL,,19600,,,1.02,,,24.30,,,5.860,,,m2,,,68cd58c5-afc6-4b8b-8994-cba5ad18475b,KBOB 2022v5,Alle > RESSOURCEN > kbob.admin.ch > KBOB / ecobau / IPB 2009/1:2022v5,
"91.154 Entsorgung, Natursteinziegel (KBOB.2022v5)","91.154 Entsorgung, Natursteinziegel (KBOB.2022v5)",,,,OTHER_RESOURCE,OTHER_RESOURCE_DISPOSAL_CONSTRUCTION_MATERIAL,,1720,,,0.09,,,2.13,,,0.514,,,m2,,,850fc18d-9374-4063-ba8a-9c58c4d4a9c2,KBOB 2022v5,Alle > RESSOURCEN > kbob.admin.ch > KBOB / ecobau / IPB 2009/1:2022v5,
"91.155 Entsorgung, Kunststoff-Rohre, ABS (KBOB.2022v5)","91.155 Entsorgung, Kunststoff-Rohre, ABS (KBOB.2022v5)",,,,OTHER_RESOURCE,OTHER_RESOURCE_DISPOSAL_CONSTRUCTION_MATERIAL,,2980,,,0.02,,,0.74,,,2.750,,,kg,,,50811299-6478-4ff1-907b-54cee1e16329,KBOB 2022v5,Alle > RESSOURCEN > kbob.admin.ch > KBOB / ecobau / IPB 2009/1:2022v5,
"91.156 Entsorgung, Kunststoff-Rohre, PVC (KBOB.2022v5)","91.156 Entsorgung, Kunststoff-Rohre, PVC (KBOB.2022v5)",,,,OTHER_RESOURCE,OTHER_RESOURCE_DISPOSAL_CONSTRUCTION_MATERIAL,,2370,,,0.10,,,1.10,,,2.100,,,kg,,,0f44ef21-9727-4946-9900-1669e6ccc057,KBOB 2022v5,Alle > RESSOURCEN > kbob.admin.ch > KBOB / ecobau / IPB 2009/1:2022v5,
"91.157 Entsorgung, Farbe, 1 Schicht (KBOB.2022v5)","91.157 Entsorgung, Farbe, 1 Schicht (KBOB.2022v5)",,,,OTHER_RESOURCE,OTHER_RESOURCE_DISPOSAL_CONSTRUCTION_MATERIAL,,59,,,0.00,,,0.01,,,0.047,,,m2,,,7e925aba-3085-46c3-bd73-78b1dbea89f9,KBOB 2022v5,Alle > RESSOURCEN > kbob.admin.ch > KBOB / ecobau / IPB 2009/1:2022v5,
"91.158 Entsorgung, Kunststoffe aus reinen Kohlenwasserstoffen (KBOB.2022v5)","91.158 Entsorgung, Kunststoffe aus reinen Kohlenwasserstoffen (KBOB.2022v5)",,,,OTHER_RESOURCE,OTHER_RESOURCE_DISPOSAL_CONSTRUCTION_MATERIAL,,3090,,,0.01,,,0.21,,,2.920,,,kg,,,ec61c6dc-4005-4590-8b05-c3b01ce1be63,KBOB 2022v5,Alle > RESSOURCEN > kbob.admin.ch > KBOB / ecobau / IPB 2009/1:2022v5,
"91.159 Entsorgung, Kunststoffe, stickstoffhaltig (KBOB.2022v5)","91.159 Entsorgung, Kunststoffe, stickstoffhaltig (KBOB.2022v5)",,,,OTHER_RESOURCE,OTHER_RESOURCE_DISPOSAL_CONSTRUCTION_MATERIAL,,2910,,,0.02,,,0.69,,,2.620,,,kg,,,39c2a498-02fc-46f0-9a76-14403c3d0c95,KBOB 2022v5,Alle > RESSOURCEN > kbob.admin.ch > KBOB / ecobau / IPB 2009/1:2022v5,
"91.160 Entsorgung, Polystyrol (KBOB.2022v5)","91.160 Entsorgung, Polystyrol (KBOB.2022v5)",,,,OTHER_RESOURCE,OTHER_RESOURCE_DISPOSAL_CONSTRUCTION_MATERIAL,,3280,,,0.01,,,0.21,,,3.080,,,kg,,,3e60836d-8866-4d22-be4b-f0974630a288,KBOB 2022v5,Alle > RESSOURCEN > kbob.admin.ch > KBOB / ecobau / IPB 2009/1:2022v5,
"91.161 Entsorgung, Arbeitsplatte Chromstahl, High-End (KBOB.2022v5)","91.161 Entsorgung, Arbeitsplatte Chromstahl, High-End (KBOB.2022v5)",,,,OTHER_RESOURCE,OTHER_RESOURCE_DISPOSAL_CONSTRUCTION_MATERIAL,,708,,,0.04,,,1.74,,,0.444,,,m2,,,4316ef40-6042-47c3-a649-280f74eaf4ee,KBOB 2022v5,Alle > RESSOURCEN > kbob.admin.ch > KBOB / ecobau / IPB 2009/1:2022v5,
"91.162 Entsorgung, Aussentüre, Aluminium, Glaseinsatz (KBOB.2022v5)","91.162 Entsorgung, Aussentüre, Aluminium, Glaseinsatz (KBOB.2022v5)",,,,OTHER_RESOURCE,OTHER_RESOURCE_DISPOSAL_CONSTRUCTION_MATERIAL,,17300,,,0.49,,,5.34,,,14.800,,,m2,,,6413a3a8-fda3-4122-8de2-0e7ebb4c9f0b,KBOB 2022v5,Alle > RESSOURCEN > kbob.admin.ch > KBOB / ecobau / IPB 2009/1:2022v5,
"91.163 Entsorgung, Aussentüre, Aluminium, Paneelfüllung (KBOB.2022v5)","91.163 Entsorgung, Aussentüre, Aluminium, Paneelfüllung (KBOB.2022v5)",,,,OTHER_RESOURCE,OTHER_RESOURCE_DISPOSAL_CONSTRUCTION_MATERIAL,,10500,,,0.03,,,0.79,,,10.000,,,m2,,,f11dfffa-a047-4837-93ca-6294b16a898f,KBOB 2022v5,Alle > RESSOURCEN > kbob.admin.ch > KBOB / ecobau / IPB 2009/1:2022v5,
"91.164 Entsorgung, Gebäude, Aussentüre, Holz (KBOB.2022v5)","91.164 Entsorgung, Gebäude, Aussentüre, Holz (KBOB.2022v5)",,,,OTHER_RESOURCE,OTHER_RESOURCE_DISPOSAL_CONSTRUCTION_MATERIAL,,9270,,,0.14,,,4.17,,,7.640,,,m2,,,82d54420-9f2c-4221-be57-b02ee77cc400,KBOB 2022v5,Alle > RESSOURCEN > kbob.admin.ch > KBOB / ecobau / IPB 2009/1:2022v5,
"91.165 Entsorgung, Innentüre, Aluminium, Glaseinsatz (KBOB.2022v5)","91.165 Entsorgung, Innentüre, Aluminium, Glaseinsatz (KBOB.2022v5)",,,,OTHER_RESOURCE,OTHER_RESOURCE_DISPOSAL_CONSTRUCTION_MATERIAL,,10500,,,0.34,,,3.60,,,8.710,,,m2,,,211af71d-db46-4278-b548-44f23a94f9dc,KBOB 2022v5,Alle > RESSOURCEN > kbob.admin.ch > KBOB / ecobau / IPB 2009/1:2022v5,
"91.166 Entsorgung, Gebäude, Funktionstüre, Holz, Holzrahmen (KBOB.2022v5)","91.166 Entsorgung, Gebäude, Funktionstüre, Holz, Holzrahmen (KBOB.2022v5)",,,,OTHER_RESOURCE,OTHER_RESOURCE_DISPOSAL_CONSTRUCTION_MATERIAL,,8530,,,0.18,,,4.87,,,6.860,,,m2,,,f2a67c24-b656-4221-8c94-8f1ba870090a,KBOB 2022v5,Alle > RESSOURCEN > kbob.admin.ch > KBOB / ecobau / IPB 2009/1:2022v5,
"91.167 Entsorgung, Gebäude, Funktionstüre, Holz, Stahlzarge (KBOB.2022v5)","91.167 Entsorgung, Gebäude, Funktionstüre, Holz, Stahlzarge (KBOB.2022v5)",,,,OTHER_RESOURCE,OTHER_RESOURCE_DISPOSAL_CONSTRUCTION_MATERIAL,,7920,,,0.17,,,4.35,,,6.460,,,m2,,,cd2df5e5-c052-443b-9ef4-aa10053f3d19,KBOB 2022v5,Alle > RESSOURCEN > kbob.admin.ch > KBOB / ecobau / IPB 2009/1:2022v5,
"91.168 Entsorgung, Gebäude, Innentüre, Holz, Glaseinsatz, Stahlzarge (KBOB.2022v5)","91.168 Entsorgung, Gebäude, Innentüre, Holz, Glaseinsatz, Stahlzarge (KBOB.2022v5)",,,,OTHER_RESOURCE,OTHER_RESOURCE_DISPOSAL_CONSTRUCTION_MATERIAL,,8270,,,0.27,,,4.71,,,6.530,,,m2,,,43ae1faa-8f1b-4f9d-b731-5d86e546ce4d,KBOB 2022v5,Alle > RESSOURCEN > kbob.admin.ch > KBOB / ecobau / IPB 2009/1:2022v5,
"91.169 Entsorgung, Gebäude, Innentüre, Holz, Stahlzarge (KBOB.2022v5)","91.169 Entsorgung, Gebäude, Innentüre, Holz, Stahlzarge (KBOB.2022v5)",,,,OTHER_RESOURCE,OTHER_RESOURCE_DISPOSAL_CONSTRUCTION_MATERIAL,,6090,,,0.12,,,2.92,,,5.000,,,m2,,,4278c9b8-0569-4f2a-ac9b-873cae422978,KBOB 2022v5,Alle > RESSOURCEN > kbob.admin.ch > KBOB / ecobau / IPB 2009/1:2022v5,
"91.170 Entsorgung, Rahmenverbreiterung, PVC (KBOB.2022v5)","91.170 Entsorgung, Rahmenverbreiterung, PVC (KBOB.2022v5)",,,,OTHER_RESOURCE,OTHER_RESOURCE_DISPOSAL_CONSTRUCTION_MATERIAL,,33300,,,1.06,,,12.50,,,30.100,,,m2,,,134ac362-4d2b-4762-8047-5cbeacb04e79,KBOB 2022v5,Alle > RESSOURCEN > kbob.admin.ch > KBOB / ecobau / IPB 2009/1:2022v5,
"91.171 Entsorgung, Rahmenverbreiterung, Spanplatte (KBOB.2022v5)","91.171 Entsorgung, Rahmenverbreiterung, Spanplatte (KBOB.2022v5)",,,,OTHER_RESOURCE,OTHER_RESOURCE_DISPOSAL_CONSTRUCTION_MATERIAL,,7590,,,0.12,,,3.52,,,6.590,,,m2,,,3037ef66-b732-4c43-9bcd-71ee7d1b68a8,KBOB 2022v5,Alle > RESSOURCEN > kbob.admin.ch > KBOB / ecobau / IPB 2009/1:2022v5,
"91.172 Entsorgung, Dichtungsbahnen und Schutzfolien, Dampfbremse Bitumen (KBOB.2022v5)","91.172 Entsorgung, Dichtungsbahnen und Schutzfolien, Dampfbremse Bitumen (KBOB.2022v5)",,,,OTHER_RESOURCE,OTHER_RESOURCE_DISPOSAL_CONSTRUCTION_MATERIAL,,2430,,,0.01,,,0.27,,,2.330,,,kg,,,3d30351d-cafa-42a0-827a-cc18689ae8f0,KBOB 2022v5,Alle > RESSOURCEN > kbob.admin.ch > KBOB / ecobau / IPB 2009/1:2022v5,
"91.173 Entsorgung, Dämmstoff, mineralisch (KBOB.2022v5)","91.173 Entsorgung, Dämmstoff, mineralisch (KBOB.2022v5)",,,,OTHER_RESOURCE,OTHER_RESOURCE_DISPOSAL_CONSTRUCTION_MATERIAL,,116,,,0.01,,,0.13,,,0.059,,,kg,,,6b475240-a65f-4615-97f3-f7cd9c23aeb5,KBOB 2022v5,Alle > RESSOURCEN > kbob.admin.ch > KBOB / ecobau / IPB 2009/1:2022v5,
"91.174 Entsorgung, Kunststoffrohre, PE oder PP (KBOB.2022v5)","91.174 Entsorgung, Kunststoffrohre, PE oder PP (KBOB.2022v5)",,,,OTHER_RESOURCE,OTHER_RESOURCE_DISPOSAL_CONSTRUCTION_MATERIAL,,2450,,,0.01,,,0.21,,,2.370,,,kg,,,209e4e0e-e304-4802-9e4b-dfbd1774476e,KBOB 2022v5,Alle > RESSOURCEN > kbob.admin.ch > KBOB / ecobau / IPB 2009/1:2022v5,
"91.175.01 Entsorgung, Stabschichtholz, Buche, fagus (KBOB.2022v5)","91.175.01 Entsorgung, Stabschichtholz, Buche, fagus (KBOB.2022v5)",,,,OTHER_RESOURCE,OTHER_RESOURCE_DISPOSAL_CONSTRUCTION_MATERIAL,,84,,,0.01,,,0.11,,,0.062,,,kg,,,3016deca-187a-4c67-8457-3aa9722811e0,KBOB 2022v5,Alle > RESSOURCEN > kbob.admin.ch > KBOB / ecobau / IPB 2009/1:2022v5,
"91.176.01 Entsorgung, Hanfsteine, Schönthaler AG (KBOB.2022v5)","91.176.01 Entsorgung, Hanfsteine, Schönthaler AG (KBOB.2022v5)",,,,OTHER_RESOURCE,OTHER_RESOURCE_DISPOSAL_CONSTRUCTION_MATERIAL,,72,,,0.00,,,0.15,,,0.033,,,kg,,,2b39e573-68e1-4f6d-9ca7-2570fa043d03,KBOB 2022v5,Alle > RESSOURCEN > kbob.admin.ch > KBOB / ecobau / IPB 2009/1:2022v5,
"91.177.01 Entsorgung, Erdstein, aus gepresster Erde, Terrabloc (KBOB.2022v5)","91.177.01 Entsorgung, Erdstein, aus gepresster Erde, Terrabloc (KBOB.2022v5)",,,,OTHER_RESOURCE,OTHER_RESOURCE_DISPOSAL_CONSTRUCTION_MATERIAL,,52,,,0.00,,,0.01,,,0.003,,,kg,,,026c42b4-b5f1-4f78-865f-67fe7928864c,KBOB 2022v5,Alle > RESSOURCEN > kbob.admin.ch > KBOB / ecobau / IPB 2009/1:2022v5,
"92.016 Entsorgung, Abgabe über Heizkörper (KBOB.2022v5)","92.016 Entsorgung, Abgabe über Heizkörper (KBOB.2022v5)",,,,OTHER_RESOURCE,OTHER_RESOURCE_DISPOSAL_BUILDING_TECHNOLOGY,,700,,,0.00,,,0.03,,,0.02,,,m2,,,83746fa3-9c95-4de9-bd51-211d639b9e74,KBOB 2022v5,Alle > RESSOURCEN > kbob.admin.ch > KBOB / ecobau / IPB 2009/1:2022v5,
"92.018 Entsorgung, Abgabe über Heizkühldecke (ohne Gips- oder Metalldecke) (KBOB.2022v5)","92.018 Entsorgung, Abgabe über Heizkühldecke (ohne Gips- oder Metalldecke) (KBOB.2022v5)",,,,OTHER_RESOURCE,OTHER_RESOURCE_DISPOSAL_BUILDING_TECHNOLOGY,,141,,,0.00,,,0.03,,,0.13,,,m2,,,0c858e00-c4a3-414b-b777-70b5c9b648a3,KBOB 2022v5,Alle > RESSOURCEN > kbob.admin.ch > KBOB / ecobau / IPB 2009/1:2022v5,
"92.017 Entsorgung, Abgabe über Fussbodenheizung (KBOB.2022v5)","92.017 Entsorgung, Abgabe über Fussbodenheizung (KBOB.2022v5)",,,,OTHER_RESOURCE,OTHER_RESOURCE_DISPOSAL_BUILDING_TECHNOLOGY,,"2,090",,,0.00,,,0.09,,,2.04,,,m2,,,45d5e7e0-269d-4c18-b86f-7f77ee2726f0,KBOB 2022v5,Alle > RESSOURCEN > kbob.admin.ch > KBOB / ecobau / IPB 2009/1:2022v5,
"92.023 Entsorgung, Abluftanlage Küche und Bad (KBOB.2022v5)","92.023 Entsorgung, Abluftanlage Küche und Bad (KBOB.2022v5)",,,,OTHER_RESOURCE,OTHER_RESOURCE_DISPOSAL_BUILDING_TECHNOLOGY,,175,,,0.00,,,0.01,,,0.13,,,m2,,,3eba3c2f-f1a9-4d17-bb38-0df1074236d5,KBOB 2022v5,Alle > RESSOURCEN > kbob.admin.ch > KBOB / ecobau / IPB 2009/1:2022v5,
"92.002 Entsorgung, Büro, aufwändige Installation, inkl. Apparate und Leitungen (KBOB.2022v5)","92.002 Entsorgung, Büro, aufwändige Installation, inkl. Apparate und Leitungen (KBOB.2022v5)",,,,OTHER_RESOURCE,OTHER_RESOURCE_DISPOSAL_BUILDING_TECHNOLOGY,,"3,950",,,0.02,,,0.43,,,3.76,,,m2,,,4664dfaa-6464-4612-af91-01a27d5a6624,KBOB 2022v5,Alle > RESSOURCEN > kbob.admin.ch > KBOB / ecobau / IPB 2009/1:2022v5,
"92.001 Entsorgung, Büro, einfache Installation, inkl. Apparate und Leitungen (KBOB.2022v5)","92.001 Entsorgung, Büro, einfache Installation, inkl. Apparate und Leitungen (KBOB.2022v5)",,,,OTHER_RESOURCE,OTHER_RESOURCE_DISPOSAL_BUILDING_TECHNOLOGY,,"1,200",,,0.01,,,0.12,,,1.15,,,m2,,,827b547b-9603-42f2-b31d-19e81e647ae7,KBOB 2022v5,Alle > RESSOURCEN > kbob.admin.ch > KBOB / ecobau / IPB 2009/1:2022v5,
"92.020 Entsorgung, Einzelraumlüfer Fenstermodell 10-30 m3/h, ohne Montage (KBOB.2022v5)","92.020 Entsorgung, Einzelraumlüfer Fenstermodell 10-30 m3/h, ohne Montage (KBOB.2022v5)",,,,OTHER_RESOURCE,OTHER_RESOURCE_DISPOSAL_BUILDING_TECHNOLOGY,,"6,130",,,0.08,,,1.33,,,5.48,,,Stk.,,,66a6884d-9722-46e1-a6aa-bf908b02e262,KBOB 2022v5,Alle > RESSOURCEN > kbob.admin.ch > KBOB / ecobau / IPB 2009/1:2022v5,
"92.004 Entsorgung, Elektroanlagen Wohnen (KBOB.2022v5)","92.004 Entsorgung, Elektroanlagen Wohnen (KBOB.2022v5)",,,,OTHER_RESOURCE,OTHER_RESOURCE_DISPOSAL_BUILDING_TECHNOLOGY,,"3,630",,,0.06,,,0.72,,,3.42,,,m2,,,436e1905-74b1-4503-8f50-739903faa863,KBOB 2022v5,Alle > RESSOURCEN > kbob.admin.ch > KBOB / ecobau / IPB 2009/1:2022v5,
"92.005 Entsorgung, Elektroanlagen Büro (KBOB.2022v5)","92.005 Entsorgung, Elektroanlagen Büro (KBOB.2022v5)",,,,OTHER_RESOURCE,OTHER_RESOURCE_DISPOSAL_BUILDING_TECHNOLOGY,,"1,660",,,0.05,,,0.81,,,1.47,,,m2,,,a79cf916-d764-4594-813e-dfddf9a28faa,KBOB 2022v5,Alle > RESSOURCEN > kbob.admin.ch > KBOB / ecobau / IPB 2009/1:2022v5,
"92.032 Entsorgung, Elektrospeicherofen 5kW (KBOB.2022v5)","92.032 Entsorgung, Elektrospeicherofen 5kW (KBOB.2022v5)",,,,OTHER_RESOURCE,OTHER_RESOURCE_DISPOSAL_BUILDING_TECHNOLOGY,,348,,,0.02,,,0.19,,,0.30,,,kg,,,275d7298-1201-4d1b-99aa-8ac99abd44e8,KBOB 2022v5,Alle > RESSOURCEN > kbob.admin.ch > KBOB / ecobau / IPB 2009/1:2022v5,
"92.025 Entsorgung, Erdregister kurz zu Lüftungsanlage Büro (0.27 m/m2 EBF) (KBOB.2022v5)","92.025 Entsorgung, Erdregister kurz zu Lüftungsanlage Büro (0.27 m/m2 EBF) (KBOB.2022v5)",,,,OTHER_RESOURCE,OTHER_RESOURCE_DISPOSAL_BUILDING_TECHNOLOGY,,"3,950",,,0.13,,,1.84,,,2.81,,,m2,,,51379bb6-8d70-44ac-9708-315fe0bbf1dc,KBOB 2022v5,Alle > RESSOURCEN > kbob.admin.ch > KBOB / ecobau / IPB 2009/1:2022v5,
"92.026 Entsorgung, Erdregister lang zu Lüftungsanlage Büro (0.67 m/m2 EBF) (KBOB.2022v5)","92.026 Entsorgung, Erdregister lang zu Lüftungsanlage Büro (0.67 m/m2 EBF) (KBOB.2022v5)",,,,OTHER_RESOURCE,OTHER_RESOURCE_DISPOSAL_BUILDING_TECHNOLOGY,,"9,880",,,0.31,,,4.59,,,7.02,,,m2,,,b371fc7b-f4ec-4e3d-935d-b2a356d51d98,KBOB 2022v5,Alle > RESSOURCEN > kbob.admin.ch > KBOB / ecobau / IPB 2009/1:2022v5,
"92.024 Entsorgung, Erdregister zu Lüftungsanlage Wohnen (KBOB.2022v5)","92.024 Entsorgung, Erdregister zu Lüftungsanlage Wohnen (KBOB.2022v5)",,,,OTHER_RESOURCE,OTHER_RESOURCE_DISPOSAL_BUILDING_TECHNOLOGY,,"2,280",,,0.07,,,1.06,,,1.62,,,m2,,,c97e8f65-364e-44d4-b4b3-1239d17ae842,KBOB 2022v5,Alle > RESSOURCEN > kbob.admin.ch > KBOB / ecobau / IPB 2009/1:2022v5,
"92.009 Entsorgung, Erdsonden, für Sole-Wasser-Wärmepumpe (KBOB.2022v5)","92.009 Entsorgung, Erdsonden, für Sole-Wasser-Wärmepumpe (KBOB.2022v5)",,,,OTHER_RESOURCE,OTHER_RESOURCE_DISPOSAL_BUILDING_TECHNOLOGY,,"5,220",,,0.28,,,1.29,,,2.56,,,m,,,d6de3012-0cb9-493f-ad46-5c1f5111b76c,KBOB 2022v5,Alle > RESSOURCEN > kbob.admin.ch > KBOB / ecobau / IPB 2009/1:2022v5,
"92.033 Entsorgung, Förder- und Schluckbrunnen für Grundwasser Wärmepumpe (KBOB.2022v5)","92.033 Entsorgung, Förder- und Schluckbrunnen für Grundwasser Wärmepumpe (KBOB.2022v5)",,,,OTHER_RESOURCE,OTHER_RESOURCE_DISPOSAL_BUILDING_TECHNOLOGY,,"107,000",,,4.17,,,44.80,,,95.70,,,Stk.,,,5a3f536a-b0b4-4a2b-a52d-a73ec594f9a3,KBOB 2022v5,Alle > RESSOURCEN > kbob.admin.ch > KBOB / ecobau / IPB 2009/1:2022v5,
"92.027 Entsorgung, Lüftungsanlage, spez. Luftmenge 1 m3/hm2 EBF (KBOB.2022v5)","92.027 Entsorgung, Lüftungsanlage, spez. Luftmenge 1 m3/hm2 EBF (KBOB.2022v5)",,,,OTHER_RESOURCE,OTHER_RESOURCE_DISPOSAL_BUILDING_TECHNOLOGY,,591,,,0.01,,,0.14,,,0.34,,,m2,,,9818b22c-2c59-404b-9d9a-e3ffb9bc5bfc,KBOB 2022v5,Alle > RESSOURCEN > kbob.admin.ch > KBOB / ecobau / IPB 2009/1:2022v5,
"92.028 Entsorgung, Lüftungsanlage, spez. Luftmenge 2 m3/hm2 EBF (KBOB.2022v5)","92.028 Entsorgung, Lüftungsanlage, spez. Luftmenge 2 m3/hm2 EBF (KBOB.2022v5)",,,,OTHER_RESOURCE,OTHER_RESOURCE_DISPOSAL_BUILDING_TECHNOLOGY,,828,,,0.01,,,0.20,,,0.48,,,m2,,,dd2e6556-33e9-41d9-93a5-7caec7045dbe,KBOB 2022v5,Alle > RESSOURCEN > kbob.admin.ch > KBOB / ecobau / IPB 2009/1:2022v5,
"92.029 Entsorgung, Lüftungsanlage, spez. Luftmenge 4 m3/hm2 EBF (KBOB.2022v5)","92.029 Entsorgung, Lüftungsanlage, spez. Luftmenge 4 m3/hm2 EBF (KBOB.2022v5)",,,,OTHER_RESOURCE,OTHER_RESOURCE_DISPOSAL_BUILDING_TECHNOLOGY,,"1,300",,,0.02,,,0.31,,,0.75,,,m2,,,5aaf4e12-5d8c-4717-822a-0ccdbfcfee53,KBOB 2022v5,Alle > RESSOURCEN > kbob.admin.ch > KBOB / ecobau / IPB 2009/1:2022v5,
"92.030 Entsorgung, Lüftungsanlage, spez. Luftmenge 6 m3/hm2 EBF (KBOB.2022v5)","92.030 Entsorgung, Lüftungsanlage, spez. Luftmenge 6 m3/hm2 EBF (KBOB.2022v5)",,,,OTHER_RESOURCE,OTHER_RESOURCE_DISPOSAL_BUILDING_TECHNOLOGY,,"1,770",,,0.03,,,0.41,,,1.02,,,m2,,,2dd6873a-c7a4-4246-9d98-6b0455254463,KBOB 2022v5,Alle > RESSOURCEN > kbob.admin.ch > KBOB / ecobau / IPB 2009/1:2022v5,
"92.031 Entsorgung, Lüftungsanlage, spez. Luftmenge 8 m3/hm2 EBF (KBOB.2022v5)","92.031 Entsorgung, Lüftungsanlage, spez. Luftmenge 8 m3/hm2 EBF (KBOB.2022v5)",,,,OTHER_RESOURCE,OTHER_RESOURCE_DISPOSAL_BUILDING_TECHNOLOGY,,"2,250",,,0.03,,,0.52,,,1.29,,,m2,,,bb9e9e21-6402-4203-9c5d-c87a1dd8c4f0,KBOB 2022v5,Alle > RESSOURCEN > kbob.admin.ch > KBOB / ecobau / IPB 2009/1:2022v5,
"92.021 Entsorgung, Lüftungsanlage Wohnen, Blechkanäle, inkl. Küchenabluft (KBOB.2022v5)","92.021 Entsorgung, Lüftungsanlage Wohnen, Blechkanäle, inkl. Küchenabluft (KBOB.2022v5)",,,,OTHER_RESOURCE,OTHER_RESOURCE_DISPOSAL_BUILDING_TECHNOLOGY,,361,,,0.01,,,0.07,,,0.30,,,m2,,,7e5f8dca-73ba-4b41-aa60-508342336ac8,KBOB 2022v5,Alle > RESSOURCEN > kbob.admin.ch > KBOB / ecobau / IPB 2009/1:2022v5,
"92.022 Entsorgung, Lüftungsanlage Wohnen, PE-Kanäle, inkl. Küchenabluft (KBOB.2022v5)","92.022 Entsorgung, Lüftungsanlage Wohnen, PE-Kanäle, inkl. Küchenabluft (KBOB.2022v5)",,,,OTHER_RESOURCE,OTHER_RESOURCE_DISPOSAL_BUILDING_TECHNOLOGY,,781,,,0.00,,,0.06,,,0.72,,,m2,,,db5eaa81-b411-4f8e-9fc2-b451f492546b,KBOB 2022v5,Alle > RESSOURCEN > kbob.admin.ch > KBOB / ecobau / IPB 2009/1:2022v5,
"92.012 Entsorgung, Luft-Wasser Wärmepumpe 7 kW (KBOB.2022v5)","92.012 Entsorgung, Luft-Wasser Wärmepumpe 7 kW (KBOB.2022v5)",,,,OTHER_RESOURCE,OTHER_RESOURCE_DISPOSAL_BUILDING_TECHNOLOGY,,"845,000",,,5.14,,,57.20,,,824.00,,,Stk.,,,7915f929-efb4-46a1-a751-5a9ab886375e,KBOB 2022v5,Alle > RESSOURCEN > kbob.admin.ch > KBOB / ecobau / IPB 2009/1:2022v5,
"92.013 Entsorgung, Luft-Wasser Wärmepumpe 7 kW (KBOB.2022v5)","92.013 Entsorgung, Luft-Wasser Wärmepumpe 7 kW (KBOB.2022v5)",,,,OTHER_RESOURCE,OTHER_RESOURCE_DISPOSAL_BUILDING_TECHNOLOGY,,"3,300",,,0.02,,,0.22,,,3.22,,,kg,,,65ba28c1-79be-4cc1-935c-0399e05b9747,KBOB 2022v5,Alle > RESSOURCEN > kbob.admin.ch > KBOB / ecobau / IPB 2009/1:2022v5,
"92.010 Entsorgung, Sole-Wasser Wärmepumpe 7 kW (KBOB.2022v5)","92.010 Entsorgung, Sole-Wasser Wärmepumpe 7 kW (KBOB.2022v5)",,,,OTHER_RESOURCE,OTHER_RESOURCE_DISPOSAL_BUILDING_TECHNOLOGY,,"486,000",,,3.16,,,35.00,,,473.00,,,Stk.,,,be52f026-9cce-4a36-a650-639ba98eb82f,KBOB 2022v5,Alle > RESSOURCEN > kbob.admin.ch > KBOB / ecobau / IPB 2009/1:2022v5,
"92.011 Entsorgung, Sole-Wasser Wärmepumpe 7 kW (KBOB.2022v5)","92.011 Entsorgung, Sole-Wasser Wärmepumpe 7 kW (KBOB.2022v5)",,,,OTHER_RESOURCE,OTHER_RESOURCE_DISPOSAL_BUILDING_TECHNOLOGY,,"3,080",,,0.02,,,0.22,,,2.99,,,kg,,,5d7ddb42-c247-49d7-9335-d9a2a3ddfdb8,KBOB 2022v5,Alle > RESSOURCEN > kbob.admin.ch > KBOB / ecobau / IPB 2009/1:2022v5,
"92.015 Entsorgung, Verteilung Bürogebäude (KBOB.2022v5)","92.015 Entsorgung, Verteilung Bürogebäude (KBOB.2022v5)",,,,OTHER_RESOURCE,OTHER_RESOURCE_DISPOSAL_BUILDING_TECHNOLOGY,,"2,020",,,0.43,,,2.57,,,1.08,,,m2,,,c4bcd5f1-7e86-4700-9b69-0e7b0cd0bd96,KBOB 2022v5,Alle > RESSOURCEN > kbob.admin.ch > KBOB / ecobau / IPB 2009/1:2022v5,
"92.014 Entsorgung, Verteilung Wohngebäude (KBOB.2022v5)","92.014 Entsorgung, Verteilung Wohngebäude (KBOB.2022v5)",,,,OTHER_RESOURCE,OTHER_RESOURCE_DISPOSAL_BUILDING_TECHNOLOGY,,"1,410",,,0.37,,,2.14,,,0.70,,,m2,,,7591e617-334d-4547-a707-c587bee28ba3,KBOB 2022v5,Alle > RESSOURCEN > kbob.admin.ch > KBOB / ecobau / IPB 2009/1:2022v5,
"92.006 Entsorgung, Wärmeerzeuger, spez. Leistungsbedarf 10 W/m2 (KBOB.2022v5)","92.006 Entsorgung, Wärmeerzeuger, spez. Leistungsbedarf 10 W/m2 (KBOB.2022v5)",,,,OTHER_RESOURCE,OTHER_RESOURCE_DISPOSAL_BUILDING_TECHNOLOGY,,37,,,0.00,,,0.01,,,0.01,,,m2,,,fb9def64-ded8-49be-af0f-f479578678e3,KBOB 2022v5,Alle > RESSOURCEN > kbob.admin.ch > KBOB / ecobau / IPB 2009/1:2022v5,
"92.007 Entsorgung, Wärmeerzeuger, spez. Leistungsbedarf 30 W/m2 (KBOB.2022v5)","92.007 Entsorgung, Wärmeerzeuger, spez. Leistungsbedarf 30 W/m2 (KBOB.2022v5)",,,,OTHER_RESOURCE,OTHER_RESOURCE_DISPOSAL_BUILDING_TECHNOLOGY,,110,,,0.00,,,0.02,,,0.03,,,m2,,,857f08cf-6d4e-48df-b977-13cff4b97067,KBOB 2022v5,Alle > RESSOURCEN > kbob.admin.ch > KBOB / ecobau / IPB 2009/1:2022v5,
"92.008 Entsorgung, Wärmeerzeuger, spez. Leistungsbedarf 50 W/m2 (KBOB.2022v5)","92.008 Entsorgung, Wärmeerzeuger, spez. Leistungsbedarf 50 W/m2 (KBOB.2022v5)",,,,OTHER_RESOURCE,OTHER_RESOURCE_DISPOSAL_BUILDING_TECHNOLOGY,,183,,,0.00,,,0.03,,,0.05,,,m2,,,5eadb692-c2d4-49e8-bad9-0eadcc3fe694,KBOB 2022v5,Alle > RESSOURCEN > kbob.admin.ch > KBOB / ecobau / IPB 2009/1:2022v5,
"92.019 Entsorgung, Wärmeverteilung und Abgabe, Luftheizung (KBOB.2022v5)","92.019 Entsorgung, Wärmeverteilung und Abgabe, Luftheizung (KBOB.2022v5)",,,,OTHER_RESOURCE,OTHER_RESOURCE_DISPOSAL_BUILDING_TECHNOLOGY,,613,,,0.00,,,0.00,,,0.07,,,m2,,,31468ffc-ce06-4c79-8204-ef2dd49d4a2f,KBOB 2022v5,Alle > RESSOURCEN > kbob.admin.ch > KBOB / ecobau / IPB 2009/1:2022v5,
"92.003 Entsorgung, Wohnen, inkl. Apparate und Leitungen (KBOB.2022v5)","92.003 Entsorgung, Wohnen, inkl. Apparate und Leitungen (KBOB.2022v5)",,,,OTHER_RESOURCE,OTHER_RESOURCE_DISPOSAL_BUILDING_TECHNOLOGY,,"1,670",,,0.02,,,0.28,,,1.54,,,m2,,,1299e0a4-de21-43d0-b3d0-2fb1428444bd,KBOB 2022v5,Alle > RESSOURCEN > kbob.admin.ch > KBOB / ecobau / IPB 2009/1:2022v5,
"92.038 Rücknahme und Recycling, CdTe PV Modul (KBOB.2022v5)","92.038 Rücknahme und Recycling, CdTe PV Modul (KBOB.2022v5)",,,,OTHER_RESOURCE,OTHER_RESOURCE_DISPOSAL_BUILDING_TECHNOLOGY,,542,,,0.08,,,1.31,,,0.30,,,kg,,,04fb57cc-1c38-49e3-95e9-429ad2134144,KBOB 2022v5,Alle > RESSOURCEN > kbob.admin.ch > KBOB / ecobau / IPB 2009/1:2022v5,
"92.037 Rücknahme und Recycling, c-Si PV Modul (KBOB.2022v5)","92.037 Rücknahme und Recycling, c-Si PV Modul (KBOB.2022v5)",,,,OTHER_RESOURCE,OTHER_RESOURCE_DISPOSAL_BUILDING_TECHNOLOGY,,358,,,0.03,,,0.40,,,0.26,,,kg,,,f21f8e08-16db-44cf-9d3f-3b557424e744,KBOB 2022v5,Alle > RESSOURCEN > kbob.admin.ch > KBOB / ecobau / IPB 2009/1:2022v5,
"92.039.01 Entsorgung, Fassadenunterkonstruktion, integriert, Eternit (KBOB.2022v5)","92.039.01 Entsorgung, Fassadenunterkonstruktion, integriert, Eternit (KBOB.2022v5)",,,,OTHER_RESOURCE,OTHER_RESOURCE_DISPOSAL_BUILDING_TECHNOLOGY,,44,,,0.00,,,0.00,,,0.04,,,m2,,,704fe0f6-6ca5-4724-bc00-6b0708397a2b,KBOB 2022v5,Alle > RESSOURCEN > kbob.admin.ch > KBOB / ecobau / IPB 2009/1:2022v5,
"92.039.02 Entsorgung, Fassadenunterkonstruktion, integriert, StoVentec Artline inlay (KBOB.2022v5)","92.039.02 Entsorgung, Fassadenunterkonstruktion, integriert, StoVentec Artline inlay (KBOB.2022v5)",,,,OTHER_RESOURCE,OTHER_RESOURCE_DISPOSAL_BUILDING_TECHNOLOGY,,100,,,0.00,,,0.01,,,0.10,,,m2,,,ff4537cb-5721-48d5-97dc-a7f1b439849b,KBOB 2022v5,Alle > RESSOURCEN > kbob.admin.ch > KBOB / ecobau / IPB 2009/1:2022v5,
"92.039.03 Entsorgung, Fassadenunterkonstruktion, integriert, StoVentec Artline invisible (KBOB.2022v5)","92.039.03 Entsorgung, Fassadenunterkonstruktion, integriert, StoVentec Artline invisible (KBOB.2022v5)",,,,OTHER_RESOURCE,OTHER_RESOURCE_DISPOSAL_BUILDING_TECHNOLOGY,,100,,,0.00,,,0.01,,,0.10,,,m2,,,3798fd73-4c2a-4826-aa18-f1e94957140d,KBOB 2022v5,Alle > RESSOURCEN > kbob.admin.ch > KBOB / ecobau / IPB 2009/1:2022v5,
"92.039.04 Entsorgung, Fassadenunterkonstruktion, integriert, mittelformatig, GFT (KBOB.2022v5)","92.039.04 Entsorgung, Fassadenunterkonstruktion, integriert, mittelformatig, GFT (KBOB.2022v5)",,,,OTHER_RESOURCE,OTHER_RESOURCE_DISPOSAL_BUILDING_TECHNOLOGY,,"1,270",,,0.00,,,0.09,,,1.22,,,m2,,,a13a70b5-4dbb-4800-89ee-f0ff63223ec1,KBOB 2022v5,Alle > RESSOURCEN > kbob.admin.ch > KBOB / ecobau / IPB 2009/1:2022v5,
"92.039.05 Entsorgung, Fassadenunterkonstruktion, integriert, Vogelsang (KBOB.2022v5)","92.039.05 Entsorgung, Fassadenunterkonstruktion, integriert, Vogelsang (KBOB.2022v5)",,,,OTHER_RESOURCE,OTHER_RESOURCE_DISPOSAL_BUILDING_TECHNOLOGY,,586,,,0.00,,,0.04,,,0.56,,,m2,,,d3ab9b5d-2a38-480a-9811-3628b49025e1,KBOB 2022v5,Alle > RESSOURCEN > kbob.admin.ch > KBOB / ecobau / IPB 2009/1:2022v5,
"92.039.06 Entsorgung, Fassadenunterkonstruktion, integriert, Betonuntergrund, Ecolite (KBOB.2022v5)","92.039.06 Entsorgung, Fassadenunterkonstruktion, integriert, Betonuntergrund, Ecolite (KBOB.2022v5)",,,,OTHER_RESOURCE,OTHER_RESOURCE_DISPOSAL_BUILDING_TECHNOLOGY,,"1,200",,,0.00,,,0.08,,,1.15,,,m2,,,46a91931-52cc-4452-ae03-5a61978ccd6d,KBOB 2022v5,Alle > RESSOURCEN > kbob.admin.ch > KBOB / ecobau / IPB 2009/1:2022v5,
"92.039.07 Entsorgung, Fassadenunterkonstruktion, integriert, Backsteinuntergrund, Ecolite (KBOB.2022v5)","92.039.07 Entsorgung, Fassadenunterkonstruktion, integriert, Backsteinuntergrund, Ecolite (KBOB.2022v5)",,,,OTHER_RESOURCE,OTHER_RESOURCE_DISPOSAL_BUILDING_TECHNOLOGY,,"1,790",,,0.00,,,0.12,,,1.72,,,m2,,,472eb76d-e590-4589-894c-3a1b88eb5041,KBOB 2022v5,Alle > RESSOURCEN > kbob.admin.ch > KBOB / ecobau / IPB 2009/1:2022v5,
"92.039.08 Entsorgung, Fassadenunterkonstruktion, integriert, Durchschnitt, Ecolite (KBOB.2022v5)","92.039.08 Entsorgung, Fassadenunterkonstruktion, integriert, Durchschnitt, Ecolite (KBOB.2022v5)",,,,OTHER_RESOURCE,OTHER_RESOURCE_DISPOSAL_BUILDING_TECHNOLOGY,,"1,550",,,0.00,,,0.11,,,1.49,,,m2,,,d5992e4d-9f89-4b06-b29b-aecc18c22715,KBOB 2022v5,Alle > RESSOURCEN > kbob.admin.ch > KBOB / ecobau / IPB 2009/1:2022v5,